expansion_id,expansion_name,expansion_released_at,analysis_start,analysis_end,price_rank,observed_on,card_id,cardmarket_id,tcgid,card_name,card_number,rarity,avg30,cm_low,cm_low_de,cm_low_es,cm_low_fr,cm_low_it,tcg_player_market
415,Pitch Black,2026-07-17,2026-09-01,2026-10-01,1,2026-09-01,49885,895901,PBL-116,Mega Darkrai ex,116,Special Illustration Rare,261.24,192.22,220,219,350,230,170.77
415,Pitch Black,2026-07-17,2026-09-01,2026-10-01,1,2026-09-02,49885,895901,PBL-116,Mega Darkrai ex,116,Special Illustration Rare,259.97,192.16,220,205,329,222,170.77
415,Pitch Black,2026-07-17,2026-09-01,2026-10-01,1,2026-09-03,49885,895901,PBL-116,Mega Darkrai ex,116,Special Illustration Rare,258.85,191.77,219.98,190,318,200,170.77
415,Pitch Black,2026-07-17,2026-09-01,2026-10-01,1,2026-09-04,49885,895901,PBL-116,Mega Darkrai ex,116,Special Illustration Rare,255.94,189.47,215,205,319.99,200,170.77
415,Pitch Black,2026-07-17,2026-09-01,2026-10-01,1,2026-09-05,49885,895901,PBL-116,Mega Darkrai ex,116,Special Illustration Rare,255.12,191.81,200,205,329,225,170.77
415,Pitch Black,2026-07-17,2026-09-01,2026-10-01,1,2026-09-06,49885,895901,PBL-116,Mega Darkrai ex,116,Special Illustration Rare,254.49,201.41,215,190,325,229.99,170.77
415,Pitch Black,2026-07-17,2026-09-01,2026-10-01,1,2026-09-07,49885,895901,PBL-116,Mega Darkrai ex,116,Special Illustration Rare,254.51,201.37,215,205,319.99,220,170.77
415,Pitch Black,2026-07-17,2026-09-01,2026-10-01,1,2026-09-08,49885,895901,PBL-116,Mega Darkrai ex,116,Special Illustration Rare,253.14,201.58,200,190,330,230,170.77
415,Pitch Black,2026-07-17,2026-09-01,2026-10-01,1,2026-09-09,49885,895901,PBL-116,Mega Darkrai ex,116,Special Illustration Rare,252.46,201.52,225,195,315,210,170.77
415,Pitch Black,2026-07-17,2026-09-01,2026-10-01,1,2026-09-10,49885,895901,PBL-116,Mega Darkrai ex,116,Special Illustration Rare,251.69,209.94,219.99,205,319.99,210,170.77
415,Pitch Black,2026-07-17,2026-09-01,2026-10-01,1,2026-09-11,49885,895901,PBL-116,Mega Darkrai ex,116,Special Illustration Rare,251.37,209.76,199.98,195,315,210,170.77
415,Pitch Black,2026-07-17,2026-09-01,2026-10-01,1,2026-09-12,49885,895901,PBL-116,Mega Darkrai ex,116,Special Illustration Rare,250.25,204.19,210,195,319.99,200,170.77
415,Pitch Black,2026-07-17,2026-09-01,2026-10-01,1,2026-09-13,49885,895901,PBL-116,Mega Darkrai ex,116,Special Illustration Rare,248.94,210.22,199,190,300,210,170.77
415,Pitch Black,2026-07-17,2026-09-01,2026-10-01,1,2026-09-14,49885,895901,PBL-116,Mega Darkrai ex,116,Special Illustration Rare,248.51,198.27,200,184.9,300,209.99,170.77
415,Pitch Black,2026-07-17,2026-09-01,2026-10-01,1,2026-09-15,49885,895901,PBL-116,Mega Darkrai ex,116,Special Illustration Rare,247.33,198.7,204,184.9,319.9,200,170.77
415,Pitch Black,2026-07-17,2026-09-01,2026-10-01,1,2026-09-16,49885,895901,PBL-116,Mega Darkrai ex,116,Special Illustration Rare,246.83,198.44,210,184.9,289,209,170.77
415,Pitch Black,2026-07-17,2026-09-01,2026-10-01,1,2026-09-17,49885,895901,PBL-116,Mega Darkrai ex,116,Special Illustration Rare,245.41,210.36,190,184.9,289,208.9,163.46
415,Pitch Black,2026-07-17,2026-09-01,2026-10-01,1,2026-09-18,49885,895901,PBL-116,Mega Darkrai ex,116,Special Illustration Rare,239.13,197.77,199.99,184.9,320,202,163.46
415,Pitch Black,2026-07-17,2026-09-01,2026-10-01,1,2026-09-19,49885,895901,PBL-116,Mega Darkrai ex,116,Special Illustration Rare,237.71,198.19,184.95,179.99,289,200,163.46
415,Pitch Black,2026-07-17,2026-09-01,2026-10-01,1,2026-09-20,49885,895901,PBL-116,Mega Darkrai ex,116,Special Illustration Rare,235.94,198.19,184.95,160,289,205,159.26
415,Pitch Black,2026-07-17,2026-09-01,2026-10-01,1,2026-09-21,49885,895901,PBL-116,Mega Darkrai ex,116,Special Illustration Rare,235.76,189.62,174.95,160,289,199.9,159.26
415,Pitch Black,2026-07-17,2026-09-01,2026-10-01,1,2026-09-22,49885,895901,PBL-116,Mega Darkrai ex,116,Special Illustration Rare,234,189.71,180,175,285,199.9,159.26
415,Pitch Black,2026-07-17,2026-09-01,2026-10-01,1,2026-09-23,49885,895901,PBL-116,Mega Darkrai ex,116,Special Illustration Rare,232.92,189.75,175.95,185,285,204.99,156.84
415,Pitch Black,2026-07-17,2026-09-01,2026-10-01,1,2026-09-24,49885,895901,PBL-116,Mega Darkrai ex,116,Special Illustration Rare,232.7,189.7,179.99,160,280,205,156.84
415,Pitch Black,2026-07-17,2026-09-01,2026-10-01,1,2026-09-25,49885,895901,PBL-116,Mega Darkrai ex,116,Special Illustration Rare,230.9,189.35,165,160,270,200,156.84
415,Pitch Black,2026-07-17,2026-09-01,2026-10-01,1,2026-09-26,49885,895901,PBL-116,Mega Darkrai ex,116,Special Illustration Rare,229.8,189.14,165,179.99,250,190,156.84
415,Pitch Black,2026-07-17,2026-09-01,2026-10-01,1,2026-09-27,49885,895901,PBL-116,Mega Darkrai ex,116,Special Illustration Rare,227.53,189.09,177.77,160,250,190,156.84
415,Pitch Black,2026-07-17,2026-09-01,2026-10-01,1,2026-09-28,49885,895901,PBL-116,Mega Darkrai ex,116,Special Illustration Rare,226.74,189.14,174,160,245,175,156.84
415,Pitch Black,2026-07-17,2026-09-01,2026-10-01,1,2026-09-29,49885,895901,PBL-116,Mega Darkrai ex,116,Special Illustration Rare,225.4,189.2,169.99,150,245,180,156.84
415,Pitch Black,2026-07-17,2026-09-01,2026-10-01,1,2026-09-30,49885,895901,PBL-116,Mega Darkrai ex,116,Special Illustration Rare,223.96,189.68,169.99,150,250,180,156.84
415,Pitch Black,2026-07-17,2026-09-01,2026-10-01,1,2026-10-01,49885,895901,PBL-116,Mega Darkrai ex,116,Special Illustration Rare,221.18,189.8,165,150,249.99,150,156.84
415,Pitch Black,2026-07-17,2026-09-01,2026-10-01,2,2026-09-01,49889,895905,PBL-120,Mega Darkrai ex,120,Mega Hyper Rare,154.04,159,130,144,148,129,141.07
415,Pitch Black,2026-07-17,2026-09-01,2026-10-01,2,2026-09-02,49889,895905,PBL-120,Mega Darkrai ex,120,Mega Hyper Rare,153.38,159,129,144,165,139.99,141.07
415,Pitch Black,2026-07-17,2026-09-01,2026-10-01,2,2026-09-03,49889,895905,PBL-120,Mega Darkrai ex,120,Mega Hyper Rare,153.12,165,128,144,165,129,141.07
415,Pitch Black,2026-07-17,2026-09-01,2026-10-01,2,2026-09-04,49889,895905,PBL-120,Mega Darkrai ex,120,Mega Hyper Rare,153.12,165,120,144,165,128,141.07
415,Pitch Black,2026-07-17,2026-09-01,2026-10-01,2,2026-09-05,49889,895905,PBL-120,Mega Darkrai ex,120,Mega Hyper Rare,152.63,165.99,127,144,160.78,125,141.07
415,Pitch Black,2026-07-17,2026-09-01,2026-10-01,2,2026-09-06,49889,895905,PBL-120,Mega Darkrai ex,120,Mega Hyper Rare,151.73,155,128,144,169.99,125,141.07
415,Pitch Black,2026-07-17,2026-09-01,2026-10-01,2,2026-09-07,49889,895905,PBL-120,Mega Darkrai ex,120,Mega Hyper Rare,151.81,155,120,144,160.78,110,141.07
415,Pitch Black,2026-07-17,2026-09-01,2026-10-01,2,2026-09-08,49889,895905,PBL-120,Mega Darkrai ex,120,Mega Hyper Rare,150.99,155,119.99,149.99,160,128,141.07
415,Pitch Black,2026-07-17,2026-09-01,2026-10-01,2,2026-09-09,49889,895905,PBL-120,Mega Darkrai ex,120,Mega Hyper Rare,151.02,155,119.99,135,160,110,141.07
415,Pitch Black,2026-07-17,2026-09-01,2026-10-01,2,2026-09-10,49889,895905,PBL-120,Mega Darkrai ex,120,Mega Hyper Rare,150.4,155,135,135,159.99,100,141.07
415,Pitch Black,2026-07-17,2026-09-01,2026-10-01,2,2026-09-11,49889,895905,PBL-120,Mega Darkrai ex,120,Mega Hyper Rare,149.67,155,126.95,135,150,125,141.07
415,Pitch Black,2026-07-17,2026-09-01,2026-10-01,2,2026-09-12,49889,895905,PBL-120,Mega Darkrai ex,120,Mega Hyper Rare,149.11,159,125,135,150,139.93,141.07
415,Pitch Black,2026-07-17,2026-09-01,2026-10-01,2,2026-09-13,49889,895905,PBL-120,Mega Darkrai ex,120,Mega Hyper Rare,147.87,159,125,135,149,110,141.07
415,Pitch Black,2026-07-17,2026-09-01,2026-10-01,2,2026-09-14,49889,895905,PBL-120,Mega Darkrai ex,120,Mega Hyper Rare,148.09,155,128,135,158,125,141.07
415,Pitch Black,2026-07-17,2026-09-01,2026-10-01,2,2026-09-15,49889,895905,PBL-120,Mega Darkrai ex,120,Mega Hyper Rare,148.14,150,128,135,147,115,141.07
415,Pitch Black,2026-07-17,2026-09-01,2026-10-01,2,2026-09-17,49889,895905,PBL-120,Mega Darkrai ex,120,Mega Hyper Rare,147.24,150,137.99,134,135,115,129.4
415,Pitch Black,2026-07-17,2026-09-01,2026-10-01,2,2026-09-18,49889,895905,PBL-120,Mega Darkrai ex,120,Mega Hyper Rare,148.65,150,137.99,134,149,115,129.4
415,Pitch Black,2026-07-17,2026-09-01,2026-10-01,2,2026-09-19,49889,895905,PBL-120,Mega Darkrai ex,120,Mega Hyper Rare,147.32,138.13,134,134,149,115,129.4
415,Pitch Black,2026-07-17,2026-09-01,2026-10-01,2,2026-09-20,49889,895905,PBL-120,Mega Darkrai ex,120,Mega Hyper Rare,146.65,144.14,134,134,138,130,122.57
415,Pitch Black,2026-07-17,2026-09-01,2026-10-01,2,2026-09-21,49889,895905,PBL-120,Mega Darkrai ex,120,Mega Hyper Rare,146.65,138.12,130,130,130,115,122.57
415,Pitch Black,2026-07-17,2026-09-01,2026-10-01,2,2026-09-22,49889,895905,PBL-120,Mega Darkrai ex,120,Mega Hyper Rare,146.66,138.13,130,144,138,115,122.57
415,Pitch Black,2026-07-17,2026-09-01,2026-10-01,2,2026-09-23,49889,895905,PBL-120,Mega Darkrai ex,120,Mega Hyper Rare,145.58,138.03,130,143.99,129.9,115,125.17
415,Pitch Black,2026-07-17,2026-09-01,2026-10-01,2,2026-09-24,49889,895905,PBL-120,Mega Darkrai ex,120,Mega Hyper Rare,145.21,137.75,130,143.5,129.9,120,125.17
415,Pitch Black,2026-07-17,2026-09-01,2026-10-01,2,2026-09-25,49889,895905,PBL-120,Mega Darkrai ex,120,Mega Hyper Rare,145.36,137.62,128,143.5,135,105,125.17
415,Pitch Black,2026-07-17,2026-09-01,2026-10-01,2,2026-09-26,49889,895905,PBL-120,Mega Darkrai ex,120,Mega Hyper Rare,144.55,140,125,139.99,137,105,125.17
415,Pitch Black,2026-07-17,2026-09-01,2026-10-01,2,2026-09-27,49889,895905,PBL-120,Mega Darkrai ex,120,Mega Hyper Rare,145.03,137.73,125,139.99,135,115,125.17
415,Pitch Black,2026-07-17,2026-09-01,2026-10-01,2,2026-09-28,49889,895905,PBL-120,Mega Darkrai ex,120,Mega Hyper Rare,144.11,137.72,124,143.99,130,104.99,125.17
415,Pitch Black,2026-07-17,2026-09-01,2026-10-01,2,2026-09-29,49889,895905,PBL-120,Mega Darkrai ex,120,Mega Hyper Rare,143.48,138.06,124.99,135.99,130,104.99,125.17
415,Pitch Black,2026-07-17,2026-09-01,2026-10-01,2,2026-09-30,49889,895905,PBL-120,Mega Darkrai ex,120,Mega Hyper Rare,142.82,126.18,119,129.9,129.99,104.99,125.17
415,Pitch Black,2026-07-17,2026-09-01,2026-10-01,2,2026-10-01,49889,895905,PBL-120,Mega Darkrai ex,120,Mega Hyper Rare,141.94,138.66,125.99,129.9,129.99,104.99,125.17
415,Pitch Black,2026-07-17,2026-09-01,2026-10-01,3,2026-09-01,49886,895902,PBL-117,Morpeko ex,117,Special Illustration Rare,65.22,74.48,58,50,60,40,77.17
415,Pitch Black,2026-07-17,2026-09-01,2026-10-01,3,2026-09-02,49886,895902,PBL-117,Morpeko ex,117,Special Illustration Rare,65.23,79.5,54,50,65,39.99,77.17
415,Pitch Black,2026-07-17,2026-09-01,2026-10-01,3,2026-09-03,49886,895902,PBL-117,Morpeko ex,117,Special Illustration Rare,65.27,70,52.5,50,64.99,39.99,77.17
415,Pitch Black,2026-07-17,2026-09-01,2026-10-01,3,2026-09-04,49886,895902,PBL-117,Morpeko ex,117,Special Illustration Rare,65.47,70,50,50,63,39.99,77.17
415,Pitch Black,2026-07-17,2026-09-01,2026-10-01,3,2026-09-05,49886,895902,PBL-117,Morpeko ex,117,Special Illustration Rare,65.5,70,52.5,45,64.99,39.99,77.17
415,Pitch Black,2026-07-17,2026-09-01,2026-10-01,3,2026-09-06,49886,895902,PBL-117,Morpeko ex,117,Special Illustration Rare,65.94,70,52.5,50,65,39.99,77.17
415,Pitch Black,2026-07-17,2026-09-01,2026-10-01,3,2026-09-07,49886,895902,PBL-117,Morpeko ex,117,Special Illustration Rare,66.14,70,52,50,64.99,38,77.17
415,Pitch Black,2026-07-17,2026-09-01,2026-10-01,3,2026-09-08,49886,895902,PBL-117,Morpeko ex,117,Special Illustration Rare,65.67,75,54.95,50,55,35,77.17
415,Pitch Black,2026-07-17,2026-09-01,2026-10-01,3,2026-09-09,49886,895902,PBL-117,Morpeko ex,117,Special Illustration Rare,65.86,75,52,50,62,38,77.17
415,Pitch Black,2026-07-17,2026-09-01,2026-10-01,3,2026-09-10,49886,895902,PBL-117,Morpeko ex,117,Special Illustration Rare,66.12,75,50,49.99,59.9,35,77.17
415,Pitch Black,2026-07-17,2026-09-01,2026-10-01,3,2026-09-11,49886,895902,PBL-117,Morpeko ex,117,Special Illustration Rare,66.23,70,50,50,59.9,35,77.17
415,Pitch Black,2026-07-17,2026-09-01,2026-10-01,3,2026-09-12,49886,895902,PBL-117,Morpeko ex,117,Special Illustration Rare,65.67,75,52,49.98,59.8,35.9,77.17
415,Pitch Black,2026-07-17,2026-09-01,2026-10-01,3,2026-09-13,49886,895902,PBL-117,Morpeko ex,117,Special Illustration Rare,65.68,75,51.99,49,59,35.9,77.17
415,Pitch Black,2026-07-17,2026-09-01,2026-10-01,3,2026-09-14,49886,895902,PBL-117,Morpeko ex,117,Special Illustration Rare,65.56,80,52,49,55,35.9,77.17
415,Pitch Black,2026-07-17,2026-09-01,2026-10-01,3,2026-09-15,49886,895902,PBL-117,Morpeko ex,117,Special Illustration Rare,65.77,85,52,47,54,38,77.17
415,Pitch Black,2026-07-17,2026-09-01,2026-10-01,3,2026-09-16,49886,895902,PBL-117,Morpeko ex,117,Special Illustration Rare,65.62,70,52,45,53,35,77.17
415,Pitch Black,2026-07-17,2026-09-01,2026-10-01,3,2026-09-17,49886,895902,PBL-117,Morpeko ex,117,Special Illustration Rare,64.79,60,50,40,52,34.49,68.97
415,Pitch Black,2026-07-17,2026-09-01,2026-10-01,3,2026-09-18,49886,895902,PBL-117,Morpeko ex,117,Special Illustration Rare,64.65,60,50,45,53,35,68.97
415,Pitch Black,2026-07-17,2026-09-01,2026-10-01,3,2026-09-19,49886,895902,PBL-117,Morpeko ex,117,Special Illustration Rare,63.83,60,50,45,52,30,68.97
415,Pitch Black,2026-07-17,2026-09-01,2026-10-01,3,2026-09-20,49886,895902,PBL-117,Morpeko ex,117,Special Illustration Rare,63.86,75,50,45,52,35,66.64
415,Pitch Black,2026-07-17,2026-09-01,2026-10-01,3,2026-09-21,49886,895902,PBL-117,Morpeko ex,117,Special Illustration Rare,63.95,60,52,42.5,55,35,66.64
415,Pitch Black,2026-07-17,2026-09-01,2026-10-01,3,2026-09-22,49886,895902,PBL-117,Morpeko ex,117,Special Illustration Rare,64.31,75,49.5,45,55,39.9,66.64
415,Pitch Black,2026-07-17,2026-09-01,2026-10-01,3,2026-09-23,49886,895902,PBL-117,Morpeko ex,117,Special Illustration Rare,64.03,60,48.99,45,54,34,62.48
415,Pitch Black,2026-07-17,2026-09-01,2026-10-01,3,2026-09-24,49886,895902,PBL-117,Morpeko ex,117,Special Illustration Rare,63.92,60,49,45,57,30,62.48
415,Pitch Black,2026-07-17,2026-09-01,2026-10-01,3,2026-09-25,49886,895902,PBL-117,Morpeko ex,117,Special Illustration Rare,63.62,75,43,45,55,30,62.48
415,Pitch Black,2026-07-17,2026-09-01,2026-10-01,3,2026-09-26,49886,895902,PBL-117,Morpeko ex,117,Special Illustration Rare,63.46,60,45,45,55,34,62.48
415,Pitch Black,2026-07-17,2026-09-01,2026-10-01,3,2026-09-27,49886,895902,PBL-117,Morpeko ex,117,Special Illustration Rare,63.05,75,45,45,54.99,34,62.48
415,Pitch Black,2026-07-17,2026-09-01,2026-10-01,3,2026-09-28,49886,895902,PBL-117,Morpeko ex,117,Special Illustration Rare,63.02,75,43.5,45,54.99,34.99,62.48
415,Pitch Black,2026-07-17,2026-09-01,2026-10-01,3,2026-09-29,49886,895902,PBL-117,Morpeko ex,117,Special Illustration Rare,62.58,75,48.99,45,51.99,34.99,62.48
415,Pitch Black,2026-07-17,2026-09-01,2026-10-01,3,2026-09-30,49886,895902,PBL-117,Morpeko ex,117,Special Illustration Rare,62.06,50.5,48,45,54,39.9,62.48
415,Pitch Black,2026-07-17,2026-09-01,2026-10-01,3,2026-10-01,49886,895902,PBL-117,Morpeko ex,117,Special Illustration Rare,61.92,75,48,45,55,34.99,62.48
415,Pitch Black,2026-07-17,2026-09-01,2026-10-01,4,2026-09-01,49883,895899,PBL-114,Mega Zeraora ex,114,Special Illustration Rare,52,,39.98,30,75,34.98,50.58
415,Pitch Black,2026-07-17,2026-09-01,2026-10-01,4,2026-09-02,49883,895899,PBL-114,Mega Zeraora ex,114,Special Illustration Rare,51.47,,38,29,77,31.9,50.58
415,Pitch Black,2026-07-17,2026-09-01,2026-10-01,4,2026-09-03,49883,895899,PBL-114,Mega Zeraora ex,114,Special Illustration Rare,50.92,,38,29,75,31.88,50.58
415,Pitch Black,2026-07-17,2026-09-01,2026-10-01,4,2026-09-04,49883,895899,PBL-114,Mega Zeraora ex,114,Special Illustration Rare,50.71,47,38,29,75,31.88,50.58
415,Pitch Black,2026-07-17,2026-09-01,2026-10-01,4,2026-09-05,49883,895899,PBL-114,Mega Zeraora ex,114,Special Illustration Rare,51.21,47,39.98,34,70,31.9,50.58
415,Pitch Black,2026-07-17,2026-09-01,2026-10-01,4,2026-09-06,49883,895899,PBL-114,Mega Zeraora ex,114,Special Illustration Rare,51.02,47,39.5,29,80,31.9,50.58
415,Pitch Black,2026-07-17,2026-09-01,2026-10-01,4,2026-09-07,49883,895899,PBL-114,Mega Zeraora ex,114,Special Illustration Rare,50.48,47,42,29,72.5,37.99,50.58
415,Pitch Black,2026-07-17,2026-09-01,2026-10-01,4,2026-09-08,49883,895899,PBL-114,Mega Zeraora ex,114,Special Illustration Rare,50.2,49.99,42,29,75,36.9,50.58
415,Pitch Black,2026-07-17,2026-09-01,2026-10-01,4,2026-09-09,49883,895899,PBL-114,Mega Zeraora ex,114,Special Illustration Rare,49.87,47,42,29,79,35,50.58
415,Pitch Black,2026-07-17,2026-09-01,2026-10-01,4,2026-09-10,49883,895899,PBL-114,Mega Zeraora ex,114,Special Illustration Rare,49.51,47,40,29,80,35,50.58
415,Pitch Black,2026-07-17,2026-09-01,2026-10-01,4,2026-09-11,49883,895899,PBL-114,Mega Zeraora ex,114,Special Illustration Rare,49.06,49.95,35,29,80,36.98,50.58
415,Pitch Black,2026-07-17,2026-09-01,2026-10-01,4,2026-09-12,49883,895899,PBL-114,Mega Zeraora ex,114,Special Illustration Rare,49.16,47,30,29,79,36.9,50.58
415,Pitch Black,2026-07-17,2026-09-01,2026-10-01,4,2026-09-13,49883,895899,PBL-114,Mega Zeraora ex,114,Special Illustration Rare,48.84,47,30,29,80,36.9,50.58
415,Pitch Black,2026-07-17,2026-09-01,2026-10-01,4,2026-09-14,49883,895899,PBL-114,Mega Zeraora ex,114,Special Illustration Rare,48.97,47,30,29,62,35,50.58
415,Pitch Black,2026-07-17,2026-09-01,2026-10-01,4,2026-09-15,49883,895899,PBL-114,Mega Zeraora ex,114,Special Illustration Rare,49.34,47,30,29,75,37,50.58
415,Pitch Black,2026-07-17,2026-09-01,2026-10-01,4,2026-09-16,49883,895899,PBL-114,Mega Zeraora ex,114,Special Illustration Rare,49.41,47,40,29,75,35,50.58
415,Pitch Black,2026-07-17,2026-09-01,2026-10-01,4,2026-09-17,49883,895899,PBL-114,Mega Zeraora ex,114,Special Illustration Rare,49.28,47,38.99,28,74,35,44.5
415,Pitch Black,2026-07-17,2026-09-01,2026-10-01,4,2026-09-18,49883,895899,PBL-114,Mega Zeraora ex,114,Special Illustration Rare,49.43,46.99,40,29,62,35,44.5
415,Pitch Black,2026-07-17,2026-09-01,2026-10-01,4,2026-09-19,49883,895899,PBL-114,Mega Zeraora ex,114,Special Illustration Rare,49.21,43.96,40,34,62,34,44.5
415,Pitch Black,2026-07-17,2026-09-01,2026-10-01,4,2026-09-20,49883,895899,PBL-114,Mega Zeraora ex,114,Special Illustration Rare,49.22,43.96,40,32.5,65,35,42.99
415,Pitch Black,2026-07-17,2026-09-01,2026-10-01,4,2026-09-21,49883,895899,PBL-114,Mega Zeraora ex,114,Special Illustration Rare,49.29,43.96,40,32.5,74,34,42.99
415,Pitch Black,2026-07-17,2026-09-01,2026-10-01,4,2026-09-22,49883,895899,PBL-114,Mega Zeraora ex,114,Special Illustration Rare,49.29,44.9,40,32.5,74,32.25,42.99
415,Pitch Black,2026-07-17,2026-09-01,2026-10-01,4,2026-09-23,49883,895899,PBL-114,Mega Zeraora ex,114,Special Illustration Rare,48.91,43,39.99,30,74,32.25,42.51
415,Pitch Black,2026-07-17,2026-09-01,2026-10-01,4,2026-09-24,49883,895899,PBL-114,Mega Zeraora ex,114,Special Illustration Rare,49,43.96,40,30,70,33.98,42.51
415,Pitch Black,2026-07-17,2026-09-01,2026-10-01,4,2026-09-25,49883,895899,PBL-114,Mega Zeraora ex,114,Special Illustration Rare,49.1,46.67,40,30,70,33.98,42.51
415,Pitch Black,2026-07-17,2026-09-01,2026-10-01,4,2026-09-26,49883,895899,PBL-114,Mega Zeraora ex,114,Special Illustration Rare,48.94,43.96,40,30,68,33.98,42.51
415,Pitch Black,2026-07-17,2026-09-01,2026-10-01,4,2026-09-27,49883,895899,PBL-114,Mega Zeraora ex,114,Special Illustration Rare,48.89,44.99,36.5,32.5,60,34,42.51
415,Pitch Black,2026-07-17,2026-09-01,2026-10-01,4,2026-09-28,49883,895899,PBL-114,Mega Zeraora ex,114,Special Illustration Rare,48.61,43.96,36.5,32.99,70,33.98,42.51
415,Pitch Black,2026-07-17,2026-09-01,2026-10-01,4,2026-09-29,49883,895899,PBL-114,Mega Zeraora ex,114,Special Illustration Rare,48.72,43.96,35.5,32.5,69.99,35,42.51
415,Pitch Black,2026-07-17,2026-09-01,2026-10-01,4,2026-09-30,49883,895899,PBL-114,Mega Zeraora ex,114,Special Illustration Rare,48.57,40.86,34.99,32.5,69,33.98,42.51
415,Pitch Black,2026-07-17,2026-09-01,2026-10-01,4,2026-10-01,49883,895899,PBL-114,Mega Zeraora ex,114,Special Illustration Rare,48.5,36.18,35,32.5,69,33.98,42.51
415,Pitch Black,2026-07-17,2026-09-01,2026-10-01,5,2026-09-01,49884,895900,PBL-115,Mega Chandelure ex,115,Special Illustration Rare,34.47,34,27.5,31.5,35.99,25,38.37
415,Pitch Black,2026-07-17,2026-09-01,2026-10-01,5,2026-09-02,49884,895900,PBL-115,Mega Chandelure ex,115,Special Illustration Rare,34.35,35,27.5,29.99,37,25,38.37
415,Pitch Black,2026-07-17,2026-09-01,2026-10-01,5,2026-09-03,49884,895900,PBL-115,Mega Chandelure ex,115,Special Illustration Rare,34.28,35,27,29.99,35.99,24.95,38.37
415,Pitch Black,2026-07-17,2026-09-01,2026-10-01,5,2026-09-04,49884,895900,PBL-115,Mega Chandelure ex,115,Special Illustration Rare,34.24,35,26,29.99,35.99,24.5,38.37
415,Pitch Black,2026-07-17,2026-09-01,2026-10-01,5,2026-09-05,49884,895900,PBL-115,Mega Chandelure ex,115,Special Illustration Rare,34.06,35,25,31.5,35.99,24.5,38.37
415,Pitch Black,2026-07-17,2026-09-01,2026-10-01,5,2026-09-06,49884,895900,PBL-115,Mega Chandelure ex,115,Special Illustration Rare,34.15,35,28,31.5,37,24,38.37
415,Pitch Black,2026-07-17,2026-09-01,2026-10-01,5,2026-09-07,49884,895900,PBL-115,Mega Chandelure ex,115,Special Illustration Rare,34.13,35,26.98,31.5,37,24,38.37
415,Pitch Black,2026-07-17,2026-09-01,2026-10-01,5,2026-09-08,49884,895900,PBL-115,Mega Chandelure ex,115,Special Illustration Rare,34.09,35,27.5,31.5,37,23.5,38.37
415,Pitch Black,2026-07-17,2026-09-01,2026-10-01,5,2026-09-09,49884,895900,PBL-115,Mega Chandelure ex,115,Special Illustration Rare,34.09,34,29,31.5,39,22.9,38.37
415,Pitch Black,2026-07-17,2026-09-01,2026-10-01,5,2026-09-10,49884,895900,PBL-115,Mega Chandelure ex,115,Special Illustration Rare,33.96,34,28.5,31.5,39,22.9,38.37
415,Pitch Black,2026-07-17,2026-09-01,2026-10-01,5,2026-09-11,49884,895900,PBL-115,Mega Chandelure ex,115,Special Illustration Rare,33.98,33,27,31.5,40,22.9,38.37
415,Pitch Black,2026-07-17,2026-09-01,2026-10-01,5,2026-09-12,49884,895900,PBL-115,Mega Chandelure ex,115,Special Illustration Rare,33.93,33,26.99,31.5,40,22.9,38.37
415,Pitch Black,2026-07-17,2026-09-01,2026-10-01,5,2026-09-13,49884,895900,PBL-115,Mega Chandelure ex,115,Special Illustration Rare,33.76,33,27,32,40,22.9,38.37
415,Pitch Black,2026-07-17,2026-09-01,2026-10-01,5,2026-09-14,49884,895900,PBL-115,Mega Chandelure ex,115,Special Illustration Rare,33.63,30,27,29.99,40,22.9,38.37
415,Pitch Black,2026-07-17,2026-09-01,2026-10-01,5,2026-09-15,49884,895900,PBL-115,Mega Chandelure ex,115,Special Illustration Rare,33.55,33.72,27,33,39,22.9,38.37
415,Pitch Black,2026-07-17,2026-09-01,2026-10-01,5,2026-09-16,49884,895900,PBL-115,Mega Chandelure ex,115,Special Illustration Rare,33.55,30,28,32,39,22.5,38.37
415,Pitch Black,2026-07-17,2026-09-01,2026-10-01,5,2026-09-17,49884,895900,PBL-115,Mega Chandelure ex,115,Special Illustration Rare,33.66,33,27,30,39,22.9,33.9
415,Pitch Black,2026-07-17,2026-09-01,2026-10-01,5,2026-09-18,49884,895900,PBL-115,Mega Chandelure ex,115,Special Illustration Rare,33.44,33,26,25.99,39,24,33.9
415,Pitch Black,2026-07-17,2026-09-01,2026-10-01,5,2026-09-19,49884,895900,PBL-115,Mega Chandelure ex,115,Special Illustration Rare,33.42,32,25,25.99,39,22.9,33.9
415,Pitch Black,2026-07-17,2026-09-01,2026-10-01,5,2026-09-20,49884,895900,PBL-115,Mega Chandelure ex,115,Special Illustration Rare,33.41,33,25,25.99,39,22.9,33.53
415,Pitch Black,2026-07-17,2026-09-01,2026-10-01,5,2026-09-21,49884,895900,PBL-115,Mega Chandelure ex,115,Special Illustration Rare,33.41,33,25,25.99,39,22.9,33.53
415,Pitch Black,2026-07-17,2026-09-01,2026-10-01,5,2026-09-22,49884,895900,PBL-115,Mega Chandelure ex,115,Special Illustration Rare,33.48,32,24.95,27.5,39,22.9,33.53
415,Pitch Black,2026-07-17,2026-09-01,2026-10-01,5,2026-09-23,49884,895900,PBL-115,Mega Chandelure ex,115,Special Illustration Rare,33.4,32,23.99,27.5,39,22.9,33.32
415,Pitch Black,2026-07-17,2026-09-01,2026-10-01,5,2026-09-24,49884,895900,PBL-115,Mega Chandelure ex,115,Special Illustration Rare,33.39,31,23.99,27.5,38.9,22.9,33.32
415,Pitch Black,2026-07-17,2026-09-01,2026-10-01,5,2026-09-25,49884,895900,PBL-115,Mega Chandelure ex,115,Special Illustration Rare,33.34,30,24,27.5,39,22.9,33.32
415,Pitch Black,2026-07-17,2026-09-01,2026-10-01,5,2026-09-26,49884,895900,PBL-115,Mega Chandelure ex,115,Special Illustration Rare,33.28,30,23.9,27.5,39.98,22,33.32
415,Pitch Black,2026-07-17,2026-09-01,2026-10-01,5,2026-09-27,49884,895900,PBL-115,Mega Chandelure ex,115,Special Illustration Rare,33.06,30,23.9,28,36,22,33.32
415,Pitch Black,2026-07-17,2026-09-01,2026-10-01,5,2026-09-28,49884,895900,PBL-115,Mega Chandelure ex,115,Special Illustration Rare,33.02,29,23.9,28,25,22,33.32
415,Pitch Black,2026-07-17,2026-09-01,2026-10-01,5,2026-09-29,49884,895900,PBL-115,Mega Chandelure ex,115,Special Illustration Rare,32.95,29,23.9,28,25,22,33.32
415,Pitch Black,2026-07-17,2026-09-01,2026-10-01,5,2026-09-30,49884,895900,PBL-115,Mega Chandelure ex,115,Special Illustration Rare,32.72,29,21.99,28,39,22,33.32
415,Pitch Black,2026-07-17,2026-09-01,2026-10-01,5,2026-10-01,49884,895900,PBL-115,Mega Chandelure ex,115,Special Illustration Rare,32.63,29,23.9,28,39,22,33.32
415,Pitch Black,2026-07-17,2026-09-01,2026-10-01,6,2026-09-01,49888,895904,PBL-119,Gwynn,119,Special Illustration Rare,27.01,28,23.5,20,22,17.5,30.09
415,Pitch Black,2026-07-17,2026-09-01,2026-10-01,6,2026-09-02,49888,895904,PBL-119,Gwynn,119,Special Illustration Rare,26.88,26.46,22,20,24,17.5,30.09
415,Pitch Black,2026-07-17,2026-09-01,2026-10-01,6,2026-09-03,49888,895904,PBL-119,Gwynn,119,Special Illustration Rare,26.88,26.41,22,20,24,17.5,30.09
415,Pitch Black,2026-07-17,2026-09-01,2026-10-01,6,2026-09-04,49888,895904,PBL-119,Gwynn,119,Special Illustration Rare,26.78,28,22,20,24,17.5,30.09
415,Pitch Black,2026-07-17,2026-09-01,2026-10-01,6,2026-09-05,49888,895904,PBL-119,Gwynn,119,Special Illustration Rare,26.67,25,22,20,25,17,30.09
415,Pitch Black,2026-07-17,2026-09-01,2026-10-01,6,2026-09-06,49888,895904,PBL-119,Gwynn,119,Special Illustration Rare,26.51,24,23.5,20,25,17,30.09
415,Pitch Black,2026-07-17,2026-09-01,2026-10-01,6,2026-09-07,49888,895904,PBL-119,Gwynn,119,Special Illustration Rare,26.45,24.96,23.5,22,24.99,17,30.09
415,Pitch Black,2026-07-17,2026-09-01,2026-10-01,6,2026-09-08,49888,895904,PBL-119,Gwynn,119,Special Illustration Rare,26.43,17,22.99,22,25,17,30.09
415,Pitch Black,2026-07-17,2026-09-01,2026-10-01,6,2026-09-09,49888,895904,PBL-119,Gwynn,119,Special Illustration Rare,26.46,25.75,23.5,22,24.75,17,30.09
415,Pitch Black,2026-07-17,2026-09-01,2026-10-01,6,2026-09-10,49888,895904,PBL-119,Gwynn,119,Special Illustration Rare,26.37,25.75,23.5,22,24.98,17,30.09
415,Pitch Black,2026-07-17,2026-09-01,2026-10-01,6,2026-09-11,49888,895904,PBL-119,Gwynn,119,Special Illustration Rare,26.47,27,23.5,22,25,17,30.09
415,Pitch Black,2026-07-17,2026-09-01,2026-10-01,6,2026-09-12,49888,895904,PBL-119,Gwynn,119,Special Illustration Rare,26.51,27,23.5,22,24.99,16.9,30.09
415,Pitch Black,2026-07-17,2026-09-01,2026-10-01,6,2026-09-13,49888,895904,PBL-119,Gwynn,119,Special Illustration Rare,26.5,27,23.5,22,24.99,18,30.09
415,Pitch Black,2026-07-17,2026-09-01,2026-10-01,6,2026-09-14,49888,895904,PBL-119,Gwynn,119,Special Illustration Rare,26.46,26,23.5,22,24.99,16,30.09
415,Pitch Black,2026-07-17,2026-09-01,2026-10-01,6,2026-09-15,49888,895904,PBL-119,Gwynn,119,Special Illustration Rare,26.53,27,22.5,22,24.99,16,30.09
415,Pitch Black,2026-07-17,2026-09-01,2026-10-01,6,2026-09-16,49888,895904,PBL-119,Gwynn,119,Special Illustration Rare,26.53,27,22.5,20,24.5,16,30.09
415,Pitch Black,2026-07-17,2026-09-01,2026-10-01,6,2026-09-17,49888,895904,PBL-119,Gwynn,119,Special Illustration Rare,26.28,27,22,20,24.5,16,26.59
415,Pitch Black,2026-07-17,2026-09-01,2026-10-01,6,2026-09-18,49888,895904,PBL-119,Gwynn,119,Special Illustration Rare,26.17,27,23.5,20,24.5,16,26.59
415,Pitch Black,2026-07-17,2026-09-01,2026-10-01,6,2026-09-19,49888,895904,PBL-119,Gwynn,119,Special Illustration Rare,26.28,26.5,22,20,24.5,16,26.59
415,Pitch Black,2026-07-17,2026-09-01,2026-10-01,6,2026-09-20,49888,895904,PBL-119,Gwynn,119,Special Illustration Rare,26.25,26.5,23,19.5,22,16.5,25.68
415,Pitch Black,2026-07-17,2026-09-01,2026-10-01,6,2026-09-21,49888,895904,PBL-119,Gwynn,119,Special Illustration Rare,26.08,25,23,19.5,21,16.5,25.68
415,Pitch Black,2026-07-17,2026-09-01,2026-10-01,6,2026-09-22,49888,895904,PBL-119,Gwynn,119,Special Illustration Rare,26.11,22,23.4,19.5,20.9,16,25.68
415,Pitch Black,2026-07-17,2026-09-01,2026-10-01,6,2026-09-23,49888,895904,PBL-119,Gwynn,119,Special Illustration Rare,26.03,25,22.89,19.5,19,16.5,24.98
415,Pitch Black,2026-07-17,2026-09-01,2026-10-01,6,2026-09-24,49888,895904,PBL-119,Gwynn,119,Special Illustration Rare,26.04,24,20,19,24.5,16.5,24.98
415,Pitch Black,2026-07-17,2026-09-01,2026-10-01,6,2026-09-25,49888,895904,PBL-119,Gwynn,119,Special Illustration Rare,25.95,24.5,20,18,24.4,16.5,24.98
415,Pitch Black,2026-07-17,2026-09-01,2026-10-01,6,2026-09-26,49888,895904,PBL-119,Gwynn,119,Special Illustration Rare,25.84,24,20,18,18.5,16.45,24.98
415,Pitch Black,2026-07-17,2026-09-01,2026-10-01,6,2026-09-27,49888,895904,PBL-119,Gwynn,119,Special Illustration Rare,25.65,24.5,20,18,24.5,16.66,24.98
415,Pitch Black,2026-07-17,2026-09-01,2026-10-01,6,2026-09-28,49888,895904,PBL-119,Gwynn,119,Special Illustration Rare,25.62,25,20,18,20,16.44,24.98
415,Pitch Black,2026-07-17,2026-09-01,2026-10-01,6,2026-09-29,49888,895904,PBL-119,Gwynn,119,Special Illustration Rare,25.54,24,19.5,18,20,16.89,24.98
415,Pitch Black,2026-07-17,2026-09-01,2026-10-01,6,2026-09-30,49888,895904,PBL-119,Gwynn,119,Special Illustration Rare,25.57,24.99,19.5,18,24.5,16.61,24.98
415,Pitch Black,2026-07-17,2026-09-01,2026-10-01,6,2026-10-01,49888,895904,PBL-119,Gwynn,119,Special Illustration Rare,25.37,25,19,18,24.5,16.89,24.98
415,Pitch Black,2026-07-17,2026-09-01,2026-10-01,7,2026-09-01,49887,895903,PBL-118,Gladion's Final Battle,118,Special Illustration Rare,24.49,25,22,24,23,16.99,26.25
415,Pitch Black,2026-07-17,2026-09-01,2026-10-01,7,2026-09-02,49887,895903,PBL-118,Gladion's Final Battle,118,Special Illustration Rare,24.51,24.5,22,24,24,17.5,26.25
415,Pitch Black,2026-07-17,2026-09-01,2026-10-01,7,2026-09-03,49887,895903,PBL-118,Gladion's Final Battle,118,Special Illustration Rare,24.49,24,21.39,24,23,16.99,26.25
415,Pitch Black,2026-07-17,2026-09-01,2026-10-01,7,2026-09-04,49887,895903,PBL-118,Gladion's Final Battle,118,Special Illustration Rare,24.4,24.5,21.4,24,24,16.99,26.25
415,Pitch Black,2026-07-17,2026-09-01,2026-10-01,7,2026-09-05,49887,895903,PBL-118,Gladion's Final Battle,118,Special Illustration Rare,24.41,23.9,21.4,24,24,15.9,26.25
415,Pitch Black,2026-07-17,2026-09-01,2026-10-01,7,2026-09-06,49887,895903,PBL-118,Gladion's Final Battle,118,Special Illustration Rare,24.4,24.5,15.99,29.8,23,11.99,26.25
415,Pitch Black,2026-07-17,2026-09-01,2026-10-01,7,2026-09-07,49887,895903,PBL-118,Gladion's Final Battle,118,Special Illustration Rare,24.18,24.5,20.1,24,20,15.9,26.25
415,Pitch Black,2026-07-17,2026-09-01,2026-10-01,7,2026-09-08,49887,895903,PBL-118,Gladion's Final Battle,118,Special Illustration Rare,24.18,24.5,20,24,23.98,14,26.25
415,Pitch Black,2026-07-17,2026-09-01,2026-10-01,7,2026-09-09,49887,895903,PBL-118,Gladion's Final Battle,118,Special Illustration Rare,24.21,24.5,20,23.5,23.99,15.9,26.25
415,Pitch Black,2026-07-17,2026-09-01,2026-10-01,7,2026-09-10,49887,895903,PBL-118,Gladion's Final Battle,118,Special Illustration Rare,24.2,24.5,20,23.3,23,15.9,26.25
415,Pitch Black,2026-07-17,2026-09-01,2026-10-01,7,2026-09-11,49887,895903,PBL-118,Gladion's Final Battle,118,Special Illustration Rare,24.06,24.5,20,23.3,23.99,15.9,26.25
415,Pitch Black,2026-07-17,2026-09-01,2026-10-01,7,2026-09-12,49887,895903,PBL-118,Gladion's Final Battle,118,Special Illustration Rare,24.07,25,20,23.3,24,11.99,26.25
415,Pitch Black,2026-07-17,2026-09-01,2026-10-01,7,2026-09-13,49887,895903,PBL-118,Gladion's Final Battle,118,Special Illustration Rare,24.02,24,20,23.3,23.99,17,26.25
415,Pitch Black,2026-07-17,2026-09-01,2026-10-01,7,2026-09-14,49887,895903,PBL-118,Gladion's Final Battle,118,Special Illustration Rare,24,24.9,20,24,23,15.9,26.25
415,Pitch Black,2026-07-17,2026-09-01,2026-10-01,7,2026-09-15,49887,895903,PBL-118,Gladion's Final Battle,118,Special Illustration Rare,23.97,25.99,20,24,22,16.99,26.25
415,Pitch Black,2026-07-17,2026-09-01,2026-10-01,7,2026-09-16,49887,895903,PBL-118,Gladion's Final Battle,118,Special Illustration Rare,23.97,24.9,20,22,22.8,16,26.25
415,Pitch Black,2026-07-17,2026-09-01,2026-10-01,7,2026-09-17,49887,895903,PBL-118,Gladion's Final Battle,118,Special Illustration Rare,23.91,24,20,22,23,16,23.35
415,Pitch Black,2026-07-17,2026-09-01,2026-10-01,7,2026-09-18,49887,895903,PBL-118,Gladion's Final Battle,118,Special Illustration Rare,23.89,24,21.5,22,23,16,23.35
415,Pitch Black,2026-07-17,2026-09-01,2026-10-01,7,2026-09-19,49887,895903,PBL-118,Gladion's Final Battle,118,Special Illustration Rare,23.91,24,20,22,23,13.59,23.35
415,Pitch Black,2026-07-17,2026-09-01,2026-10-01,7,2026-09-20,49887,895903,PBL-118,Gladion's Final Battle,118,Special Illustration Rare,23.86,24.9,20,22,20,13.59,23.14
415,Pitch Black,2026-07-17,2026-09-01,2026-10-01,7,2026-09-21,49887,895903,PBL-118,Gladion's Final Battle,118,Special Illustration Rare,23.89,24.9,20,22,20,13.59,23.14
415,Pitch Black,2026-07-17,2026-09-01,2026-10-01,7,2026-09-22,49887,895903,PBL-118,Gladion's Final Battle,118,Special Illustration Rare,23.96,21,19.99,22,20,13,23.14
415,Pitch Black,2026-07-17,2026-09-01,2026-10-01,7,2026-09-23,49887,895903,PBL-118,Gladion's Final Battle,118,Special Illustration Rare,23.95,21,18.99,20,18.9,13.59,24.61
415,Pitch Black,2026-07-17,2026-09-01,2026-10-01,7,2026-09-24,49887,895903,PBL-118,Gladion's Final Battle,118,Special Illustration Rare,23.95,21,19.99,21,22.99,14,24.61
415,Pitch Black,2026-07-17,2026-09-01,2026-10-01,7,2026-09-25,49887,895903,PBL-118,Gladion's Final Battle,118,Special Illustration Rare,23.88,21,18,21,21.9,14,24.61
415,Pitch Black,2026-07-17,2026-09-01,2026-10-01,7,2026-09-26,49887,895903,PBL-118,Gladion's Final Battle,118,Special Illustration Rare,23.83,21,20,21,21.9,14,24.61
415,Pitch Black,2026-07-17,2026-09-01,2026-10-01,7,2026-09-27,49887,895903,PBL-118,Gladion's Final Battle,118,Special Illustration Rare,23.85,21,19.8,20,21.89,14,24.61
415,Pitch Black,2026-07-17,2026-09-01,2026-10-01,7,2026-09-28,49887,895903,PBL-118,Gladion's Final Battle,118,Special Illustration Rare,23.78,21,19.5,20,21.89,14,24.61
415,Pitch Black,2026-07-17,2026-09-01,2026-10-01,7,2026-09-29,49887,895903,PBL-118,Gladion's Final Battle,118,Special Illustration Rare,23.78,21,19.5,20,21.89,14,24.61
415,Pitch Black,2026-07-17,2026-09-01,2026-10-01,7,2026-09-30,49887,895903,PBL-118,Gladion's Final Battle,118,Special Illustration Rare,23.63,21,19.5,20,21,14,24.61
415,Pitch Black,2026-07-17,2026-09-01,2026-10-01,7,2026-10-01,49887,895903,PBL-118,Gladion's Final Battle,118,Special Illustration Rare,23.59,22.99,19.5,20,21,14,24.61
