captured_at,artist,artist.id,artist.name,artist.slug,card_code_number,card_number,cardmarket_id,episode.cards_printed_total,episode.cards_total,episode.code,episode.game.name,episode.game.slug,episode.id,episode.logo,episode.name,episode.prices.cardmarket.currency,episode.prices.cardmarket.total,episode.prices.tcgplayer.currency,episode.prices.tcgplayer.total,episode.released_at,episode.series.id,episode.series.name,episode.series.slug,episode.slug,hp,id,image,links.cardmarket,links.tcgplayer,name,name_numbered,prices.cardmarket.30d_average,prices.cardmarket.7d_average,prices.cardmarket.available_items,prices.cardmarket.currency,prices.cardmarket.graded,prices.cardmarket.graded.bgs.bgs10,prices.cardmarket.graded.bgs.bgs9,prices.cardmarket.graded.cgc.cgc10,prices.cardmarket.graded.cgc.cgc9,prices.cardmarket.graded.psa.psa10,prices.cardmarket.graded.psa.psa8,prices.cardmarket.graded.psa.psa9,prices.cardmarket.lowest_near_mint,prices.cardmarket.lowest_near_mint_DE,prices.cardmarket.lowest_near_mint_DE_EU_only,prices.cardmarket.lowest_near_mint_ES,prices.cardmarket.lowest_near_mint_ES_EU_only,prices.cardmarket.lowest_near_mint_EU_only,prices.cardmarket.lowest_near_mint_FR,prices.cardmarket.lowest_near_mint_FR_EU_only,prices.cardmarket.lowest_near_mint_IT,prices.cardmarket.lowest_near_mint_IT_EU_only,prices.ebay.currency,prices.ebay.graded.ace.10.median_price,prices.ebay.graded.ace.10.sample_size,prices.ebay.graded.ace.7.median_price,prices.ebay.graded.ace.7.sample_size,prices.ebay.graded.ace.8.median_price,prices.ebay.graded.ace.8.sample_size,prices.ebay.graded.ace.9.median_price,prices.ebay.graded.ace.9.sample_size,prices.ebay.graded.cgc.10.median_price,prices.ebay.graded.cgc.10.sample_size,prices.ebay.graded.cgc.9.median_price,prices.ebay.graded.cgc.9.sample_size,prices.ebay.graded.psa.10.median_price,prices.ebay.graded.psa.10.sample_size,prices.ebay.graded.psa.7.median_price,prices.ebay.graded.psa.7.sample_size,prices.ebay.graded.psa.8.median_price,prices.ebay.graded.psa.8.sample_size,prices.ebay.graded.psa.9.median_price,prices.ebay.graded.psa.9.sample_size,prices.ebay.graded.sgc.8.median_price,prices.ebay.graded.sgc.8.sample_size,prices.ebay.graded.tag.10.median_price,prices.ebay.graded.tag.10.sample_size,prices.ebay.graded.tag.9.median_price,prices.ebay.graded.tag.9.sample_size,prices.tcg_player.currency,prices.tcg_player.market_price,prices.tcg_player.mid_price,rarity,slug,supertype,tcggo_url,tcgid,tcgplayer_id,type
2026-08-23T17:19:56+02:00,,362,Naoyo Kimura,naoyo-kimura,SFA 1,1,780889,64,99,SFA,Pokémon,pokemon,11,https://images.tcggo.com/tcggo/storage/1434/shrouded-fable-logo.png,Shrouded Fable,EUR,567.12,EUR,760.02,2024-08-02,1,Scarlet & Violet,scarlet-violet,shrouded-fable,40,1430,https://images.tcggo.com/tcggo/storage/1436/joltik-sfa-1-shrouded-fable-pokemon.png,https://www.tcggo.com/external/cm/1430,https://www.tcggo.com/external/tcgplayer/1430,Joltik,Joltik 1,0.03,0.05,18932,EUR,[],,,,,,,,0.02,0.02,0.02,0.02,0.02,0.02,0.02,0.02,0.02,0.02,,,,,,,,,,,,,,,,,,,,,,,,,,,,EUR,0.16,0.14,Common,joltik,Pokémon,https://www.tcggo.com/pokemon/shrouded-fable/joltik-1,sv6pt5-1,560311,singles
2026-08-23T17:19:56+02:00,,769,mashu,mashu,SFA 2,2,780890,64,99,SFA,Pokémon,pokemon,11,https://images.tcggo.com/tcggo/storage/1434/shrouded-fable-logo.png,Shrouded Fable,EUR,567.12,EUR,760.02,2024-08-02,1,Scarlet & Violet,scarlet-violet,shrouded-fable,100,1431,https://images.tcggo.com/tcggo/storage/1437/galvantula-sfa-2-shrouded-fable-pokemon.png,https://www.tcggo.com/external/cm/1431,https://www.tcggo.com/external/tcgplayer/1431,Galvantula,Galvantula 2,0.03,0.03,16793,EUR,[],,,,,,,,0.02,0.02,0.02,0.02,0.02,0.02,0.02,0.02,0.02,0.02,,,,,,,,,,,,,,,,,,,,,,,,,,,,EUR,0.14,0.13,Uncommon,galvantula,Pokémon,https://www.tcggo.com/pokemon/shrouded-fable/galvantula-2,sv6pt5-2,560312,singles
2026-08-23T17:19:56+02:00,,776,Yoshimi Miyoshi,yoshimi-miyoshi,SFA 3,3,780891,64,99,SFA,Pokémon,pokemon,11,https://images.tcggo.com/tcggo/storage/1434/shrouded-fable-logo.png,Shrouded Fable,EUR,567.12,EUR,760.02,2024-08-02,1,Scarlet & Violet,scarlet-violet,shrouded-fable,70,1432,https://images.tcggo.com/tcggo/storage/1438/rowlet-sfa-3-shrouded-fable-pokemon.png,https://www.tcggo.com/external/cm/1432,https://www.tcggo.com/external/tcgplayer/1432,Rowlet,Rowlet 3,0.04,0.03,17176,EUR,[],,,,,,,,0.02,0.02,0.02,0.02,0.02,0.02,0.02,0.02,0.02,0.02,,,,,,,,,,,,,,,,,,,,,,,,,,,,EUR,0.21,0.1,Common,rowlet,Pokémon,https://www.tcggo.com/pokemon/shrouded-fable/rowlet-3,sv6pt5-3,560313,singles
2026-08-23T17:19:56+02:00,,431,Tetsu Kayama,tetsu-kayama,SFA 4,4,780892,64,99,SFA,Pokémon,pokemon,11,https://images.tcggo.com/tcggo/storage/1434/shrouded-fable-logo.png,Shrouded Fable,EUR,567.12,EUR,760.02,2024-08-02,1,Scarlet & Violet,scarlet-violet,shrouded-fable,90,1433,https://images.tcggo.com/tcggo/storage/1439/dartrix-sfa-4-shrouded-fable-pokemon.png,https://www.tcggo.com/external/cm/1433,https://www.tcggo.com/external/tcgplayer/1433,Dartrix,Dartrix 4,0.04,0.04,13927,EUR,[],,,,,,,,0.02,0.02,0.02,0.02,0.02,0.02,0.02,0.02,0.02,0.02,,,,,,,,,,,,,,,,,,,,,,,,,,,,EUR,0.15,0.09,Common,dartrix,Pokémon,https://www.tcggo.com/pokemon/shrouded-fable/dartrix-4,sv6pt5-4,560314,singles
2026-08-23T17:19:56+02:00,,429,DOM,dom,SFA 5,5,780893,64,99,SFA,Pokémon,pokemon,11,https://images.tcggo.com/tcggo/storage/1434/shrouded-fable-logo.png,Shrouded Fable,EUR,567.12,EUR,760.02,2024-08-02,1,Scarlet & Violet,scarlet-violet,shrouded-fable,150,1434,https://images.tcggo.com/tcggo/storage/1451/decidueye-sfa-5-shrouded-fable-pokemon.png,https://www.tcggo.com/external/cm/1434,https://www.tcggo.com/external/tcgplayer/1434,Decidueye,Decidueye 5,0.03,0.02,16966,EUR,[],,,,,,,,0.02,0.02,0.02,0.02,0.02,0.02,0.02,0.02,0.02,0.02,,,,,,,,,,,,,,,,,,,,,,,,,,,,EUR,0.15,0.09,Uncommon,decidueye,Pokémon,https://www.tcggo.com/pokemon/shrouded-fable/decidueye-5,sv6pt5-5,560315,singles
2026-08-23T17:19:56+02:00,,373,GOSSAN,gossan,SFA 6,6,780894,64,99,SFA,Pokémon,pokemon,11,https://images.tcggo.com/tcggo/storage/1434/shrouded-fable-logo.png,Shrouded Fable,EUR,567.12,EUR,760.02,2024-08-02,1,Scarlet & Violet,scarlet-violet,shrouded-fable,140,1435,https://images.tcggo.com/tcggo/storage/1440/tapu-bulu-sfa-6-shrouded-fable-pokemon.png,https://www.tcggo.com/external/cm/1435,https://www.tcggo.com/external/tcgplayer/1435,Tapu Bulu,Tapu Bulu 6,0.12,0.08,15509,EUR,[],,,,,,,,0.02,0.02,0.02,0.02,0.02,0.02,0.02,0.02,0.02,0.02,,,,,,,,,,,,,,,,,,,,,,,,,,,,EUR,0.19,0.13,rare,tapu-bulu,Pokémon,https://www.tcggo.com/pokemon/shrouded-fable/tapu-bulu-6,sv6pt5-6,560316,singles
2026-08-23T17:19:56+02:00,,470,REND,rend,SFA 7,7,780895,64,99,SFA,Pokémon,pokemon,11,https://images.tcggo.com/tcggo/storage/1434/shrouded-fable-logo.png,Shrouded Fable,EUR,567.12,EUR,760.02,2024-08-02,1,Scarlet & Violet,scarlet-violet,shrouded-fable,70,1436,https://images.tcggo.com/tcggo/storage/1441/houndour-sfa-7-shrouded-fable-pokemon.png,https://www.tcggo.com/external/cm/1436,https://www.tcggo.com/external/tcgplayer/1436,Houndour,Houndour 7,0.03,0.03,18912,EUR,[],,,,,,,,0.02,0.02,0.02,0.02,0.02,0.02,0.02,0.02,0.02,0.02,,,,,,,,,,,,,,,,,,,,,,,,,,,,EUR,0.14,0.09,Common,houndour,Pokémon,https://www.tcggo.com/pokemon/shrouded-fable/houndour-7,sv6pt5-7,560317,singles
2026-08-23T17:19:56+02:00,,1250,burari,burari,SFA 8,8,780896,64,99,SFA,Pokémon,pokemon,11,https://images.tcggo.com/tcggo/storage/1434/shrouded-fable-logo.png,Shrouded Fable,EUR,567.12,EUR,760.02,2024-08-02,1,Scarlet & Violet,scarlet-violet,shrouded-fable,120,1437,https://images.tcggo.com/tcggo/storage/1442/houndoom-sfa-8-shrouded-fable-pokemon.png,https://www.tcggo.com/external/cm/1437,https://www.tcggo.com/external/tcgplayer/1437,Houndoom,Houndoom 8,0.04,0.06,14294,EUR,[],,,,,,,,0.02,0.02,0.02,0.02,0.02,0.02,0.02,0.02,0.02,0.02,,,,,,,,,,,,,,,,,,,,,,,,,,,,EUR,0.17,0.12,Common,houndoom,Pokémon,https://www.tcggo.com/pokemon/shrouded-fable/houndoom-8,sv6pt5-8,560318,singles
2026-08-23T17:19:56+02:00,,421,Shinji Kanda,shinji-kanda,SFA 9,9,780898,64,99,SFA,Pokémon,pokemon,11,https://images.tcggo.com/tcggo/storage/1434/shrouded-fable-logo.png,Shrouded Fable,EUR,567.12,EUR,760.02,2024-08-02,1,Scarlet & Violet,scarlet-violet,shrouded-fable,120,1438,https://images.tcggo.com/tcggo/storage/1443/iron-moth-sfa-9-shrouded-fable-pokemon.png,https://www.tcggo.com/external/cm/1438,https://www.tcggo.com/external/tcgplayer/1438,Iron Moth,Iron Moth 9,0.04,0.05,14837,EUR,[],,,,,,,,0.02,0.02,0.02,0.02,0.02,0.02,0.02,0.02,0.02,0.02,,,,,,,,,,,,,,,,,,,,,,,,,,,,EUR,0.25,0.13,Uncommon,iron-moth,Pokémon,https://www.tcggo.com/pokemon/shrouded-fable/iron-moth-9,sv6pt5-9,560319,singles
2026-08-23T17:19:56+02:00,,410,Shimaris Yukichi,shimaris-yukichi,SFA 10,10,780900,64,99,SFA,Pokémon,pokemon,11,https://images.tcggo.com/tcggo/storage/1434/shrouded-fable-logo.png,Shrouded Fable,EUR,567.12,EUR,760.02,2024-08-02,1,Scarlet & Violet,scarlet-violet,shrouded-fable,60,1439,https://images.tcggo.com/tcggo/storage/1444/horsea-sfa-10-shrouded-fable-pokemon.png,https://www.tcggo.com/external/cm/1439,https://www.tcggo.com/external/tcgplayer/1439,Horsea,Horsea 10,0.03,0.03,18180,EUR,[],,,,,,,,0.02,0.02,0.02,0.02,0.02,0.02,0.02,0.02,0.02,0.02,,,,,,,,,,,,,,,,,,,,,,,,,,,,EUR,0.15,0.09,Common,horsea,Pokémon,https://www.tcggo.com/pokemon/shrouded-fable/horsea-10,sv6pt5-10,560320,singles
2026-08-23T17:19:56+02:00,,491,Yuya Oka,yuya-oka,SFA 11,11,780901,64,99,SFA,Pokémon,pokemon,11,https://images.tcggo.com/tcggo/storage/1434/shrouded-fable-logo.png,Shrouded Fable,EUR,567.12,EUR,760.02,2024-08-02,1,Scarlet & Violet,scarlet-violet,shrouded-fable,90,1440,https://images.tcggo.com/tcggo/storage/1445/seadra-sfa-11-shrouded-fable-pokemon.png,https://www.tcggo.com/external/cm/1440,https://www.tcggo.com/external/tcgplayer/1440,Seadra,Seadra 11,0.04,0.03,14657,EUR,[],,,,,,,,0.02,0.02,0.02,0.02,0.02,0.02,0.02,0.02,0.02,0.02,,,,,,,,,,,,,,,,,,,,,,,,,,,,EUR,0.15,0.09,Common,seadra,Pokémon,https://www.tcggo.com/pokemon/shrouded-fable/seadra-11,sv6pt5-11,560321,singles
2026-08-23T17:19:56+02:00,,369,toriyufu,toriyufu,SFA 12,12,780902,64,99,SFA,Pokémon,pokemon,11,https://images.tcggo.com/tcggo/storage/1434/shrouded-fable-logo.png,Shrouded Fable,EUR,567.12,EUR,760.02,2024-08-02,1,Scarlet & Violet,scarlet-violet,shrouded-fable,310,1441,https://images.tcggo.com/tcggo/storage/1446/kingdra-ex-sfa-12-shrouded-fable-pokemon.png,https://www.tcggo.com/external/cm/1441,https://www.tcggo.com/external/tcgplayer/1441,Kingdra ex,Kingdra ex 12,0.62,0.47,2867,EUR,[],,,,,,,,0.1,0.2,0.2,0.35,0.35,0.1,0.28,0.28,0.1,0.1,USD,,,,,,,,,,,,,,,,,31.87,1,,,,,,,,,EUR,0.62,0.83,Double Rare,kingdra-ex,Pokémon,https://www.tcggo.com/pokemon/shrouded-fable/kingdra-ex-12,sv6pt5-12,560322,singles
2026-08-23T17:19:56+02:00,,442,Krgc,krgc,SFA 13,13,780903,64,99,SFA,Pokémon,pokemon,11,https://images.tcggo.com/tcggo/storage/1434/shrouded-fable-logo.png,Shrouded Fable,EUR,567.12,EUR,760.02,2024-08-02,1,Scarlet & Violet,scarlet-violet,shrouded-fable,70,1442,https://images.tcggo.com/tcggo/storage/1447/sneasel-sfa-13-shrouded-fable-pokemon.png,https://www.tcggo.com/external/cm/1442,https://www.tcggo.com/external/tcgplayer/1442,Sneasel,Sneasel 13,0.03,0.02,15931,EUR,[],,,,,,,,0.02,0.02,0.02,0.02,0.02,0.02,0.02,0.02,0.02,0.02,,,,,,,,,,,,,,,,,,,,,,,,,,,,EUR,0.12,0.09,Common,sneasel,Pokémon,https://www.tcggo.com/pokemon/shrouded-fable/sneasel-13,sv6pt5-13,560323,singles
2026-08-23T17:19:56+02:00,,404,aspara,aspara,SFA 14,14,780904,64,99,SFA,Pokémon,pokemon,11,https://images.tcggo.com/tcggo/storage/1434/shrouded-fable-logo.png,Shrouded Fable,EUR,567.12,EUR,760.02,2024-08-02,1,Scarlet & Violet,scarlet-violet,shrouded-fable,100,1443,https://images.tcggo.com/tcggo/storage/1448/weavile-sfa-14-shrouded-fable-pokemon.png,https://www.tcggo.com/external/cm/1443,https://www.tcggo.com/external/tcgplayer/1443,Weavile,Weavile 14,0.03,0.03,17811,EUR,[],,,,,,,,0.02,0.02,0.02,0.02,0.02,0.02,0.02,0.02,0.02,0.02,,,,,,,,,,,,,,,,,,,,,,,,,,,,EUR,0.15,0.09,Uncommon,weavile,Pokémon,https://www.tcggo.com/pokemon/shrouded-fable/weavile-14,sv6pt5-14,560324,singles
2026-08-23T17:19:56+02:00,,384,PLANETA Mochizuki,planeta-mochizuki,SFA 15,15,780905,64,99,SFA,Pokémon,pokemon,11,https://images.tcggo.com/tcggo/storage/1434/shrouded-fable-logo.png,Shrouded Fable,EUR,567.12,EUR,760.02,2024-08-02,1,Scarlet & Violet,scarlet-violet,shrouded-fable,280,1444,https://images.tcggo.com/tcggo/storage/1449/revavroom-ex-sfa-15-shrouded-fable-pokemon.png,https://www.tcggo.com/external/cm/1444,https://www.tcggo.com/external/tcgplayer/1444,Revavroom ex,Revavroom ex 15,0.52,0.51,3040,EUR,[],,,,,,,,0.1,0.1,0.1,0.25,0.25,0.1,0.25,0.25,0.02,0.02,,,,,,,,,,,,,,,,,,,,,,,,,,,,EUR,0.65,0.85,Double Rare,revavroom-ex,Pokémon,https://www.tcggo.com/pokemon/shrouded-fable/revavroom-ex-15,sv6pt5-15,560325,singles
2026-08-23T17:19:56+02:00,,374,OKUBO,okubo,SFA 16,16,780907,64,99,SFA,Pokémon,pokemon,11,https://images.tcggo.com/tcggo/storage/1434/shrouded-fable-logo.png,Shrouded Fable,EUR,567.12,EUR,760.02,2024-08-02,1,Scarlet & Violet,scarlet-violet,shrouded-fable,70,1445,https://images.tcggo.com/tcggo/storage/1450/drowzee-sfa-16-shrouded-fable-pokemon.png,https://www.tcggo.com/external/cm/1445,https://www.tcggo.com/external/tcgplayer/1445,Drowzee,Drowzee 16,0.04,0.04,14602,EUR,[],,,,,,,,0.02,0.02,0.02,0.02,0.02,0.02,0.02,0.02,0.02,0.02,,,,,,,,,,,,,,,,,,,,,,,,,,,,EUR,0.15,0.09,Common,drowzee,Pokémon,https://www.tcggo.com/pokemon/shrouded-fable/drowzee-16,sv6pt5-16,560326,singles
2026-08-23T17:19:56+02:00,,420,Masako Tomii,masako-tomii,SFA 17,17,780908,64,99,SFA,Pokémon,pokemon,11,https://images.tcggo.com/tcggo/storage/1434/shrouded-fable-logo.png,Shrouded Fable,EUR,567.12,EUR,760.02,2024-08-02,1,Scarlet & Violet,scarlet-violet,shrouded-fable,110,1446,https://images.tcggo.com/tcggo/storage/1468/hypno-sfa-17-shrouded-fable-pokemon.png,https://www.tcggo.com/external/cm/1446,https://www.tcggo.com/external/tcgplayer/1446,Hypno,Hypno 17,0.03,0.05,16378,EUR,[],,,,,,,,0.02,0.02,0.02,0.02,0.02,0.02,0.02,0.02,0.02,0.02,,,,,,,,,,,,,,,,,,,,,,,,,,,,EUR,0.15,0.09,Uncommon,hypno,Pokémon,https://www.tcggo.com/pokemon/shrouded-fable/hypno-17,sv6pt5-17,560327,singles
2026-08-23T17:19:56+02:00,,766,IKEDA Saki,ikeda-saki,SFA 18,18,780910,64,99,SFA,Pokémon,pokemon,11,https://images.tcggo.com/tcggo/storage/1434/shrouded-fable-logo.png,Shrouded Fable,EUR,567.12,EUR,760.02,2024-08-02,1,Scarlet & Violet,scarlet-violet,shrouded-fable,60,1447,https://images.tcggo.com/tcggo/storage/1452/duskull-sfa-18-shrouded-fable-pokemon.png,https://www.tcggo.com/external/cm/1447,https://www.tcggo.com/external/tcgplayer/1447,Duskull,Duskull 18,0.07,0.07,13606,EUR,[],,,,,,,,0.02,0.02,0.02,0.02,0.02,0.02,0.02,0.02,0.02,0.02,,,,,,,,,,,,,,,,,,,,,,,,,,,,EUR,0.2,0.13,Common,duskull,Pokémon,https://www.tcggo.com/pokemon/shrouded-fable/duskull-18,sv6pt5-18,560328,singles
2026-08-23T17:19:56+02:00,,435,Aya Kusube,aya-kusube,SFA 19,19,780912,64,99,SFA,Pokémon,pokemon,11,https://images.tcggo.com/tcggo/storage/1434/shrouded-fable-logo.png,Shrouded Fable,EUR,567.12,EUR,760.02,2024-08-02,1,Scarlet & Violet,scarlet-violet,shrouded-fable,90,1448,https://images.tcggo.com/tcggo/storage/1453/dusclops-sfa-19-shrouded-fable-pokemon.png,https://www.tcggo.com/external/cm/1448,https://www.tcggo.com/external/tcgplayer/1448,Dusclops,Dusclops 19,0.08,0.09,11713,EUR,[],,,,,,,,0.02,0.02,0.02,0.02,0.02,0.02,0.02,0.02,0.02,0.02,,,,,,,,,,,,,,,,,,,,,,,,,,,,EUR,0.2,0.15,Common,dusclops,Pokémon,https://www.tcggo.com/pokemon/shrouded-fable/dusclops-19,sv6pt5-19,560329,singles
2026-08-23T17:19:56+02:00,,444,danciao,danciao,SFA 20,20,780914,64,99,SFA,Pokémon,pokemon,11,https://images.tcggo.com/tcggo/storage/1434/shrouded-fable-logo.png,Shrouded Fable,EUR,567.12,EUR,760.02,2024-08-02,1,Scarlet & Violet,scarlet-violet,shrouded-fable,160,1449,https://images.tcggo.com/tcggo/storage/1454/dusknoir-sfa-20-shrouded-fable-pokemon.png,https://www.tcggo.com/external/cm/1449,https://www.tcggo.com/external/tcgplayer/1449,Dusknoir,Dusknoir 20,0.11,0.1,10977,EUR,[],,,,,,,,0.02,0.02,0.02,0.02,0.02,0.02,0.02,0.02,0.02,0.02,,,,,,,,,,,,,,,,,,,,,,,,,,,,EUR,0.27,0.18,rare,dusknoir,Pokémon,https://www.tcggo.com/pokemon/shrouded-fable/dusknoir-20,sv6pt5-20,560330,singles
2026-08-23T17:19:56+02:00,,468,matazo,matazo,SFA 21,21,780916,64,99,SFA,Pokémon,pokemon,11,https://images.tcggo.com/tcggo/storage/1434/shrouded-fable-logo.png,Shrouded Fable,EUR,567.12,EUR,760.02,2024-08-02,1,Scarlet & Violet,scarlet-violet,shrouded-fable,120,1450,https://images.tcggo.com/tcggo/storage/1455/cresselia-sfa-21-shrouded-fable-pokemon.png,https://www.tcggo.com/external/cm/1450,https://www.tcggo.com/external/tcgplayer/1450,Cresselia,Cresselia 21,0.05,0.06,14928,EUR,[],,,,,,,,0.02,0.02,0.02,0.02,0.02,0.02,0.02,0.02,0.02,0.02,,,,,,,,,,,,,,,,,,,,,,,,,,,,EUR,0.15,0.13,rare,cresselia,Pokémon,https://www.tcggo.com/pokemon/shrouded-fable/cresselia-21,sv6pt5-21,560331,singles
2026-08-23T17:19:56+02:00,,366,Kuroimori,kuroimori,SFA 22,22,780917,64,99,SFA,Pokémon,pokemon,11,https://images.tcggo.com/tcggo/storage/1434/shrouded-fable-logo.png,Shrouded Fable,EUR,567.12,EUR,760.02,2024-08-02,1,Scarlet & Violet,scarlet-violet,shrouded-fable,120,1451,https://images.tcggo.com/tcggo/storage/1456/sylveon-sfa-22-shrouded-fable-pokemon.png,https://www.tcggo.com/external/cm/1451,https://www.tcggo.com/external/tcgplayer/1451,Sylveon,Sylveon 22,0.06,0.05,12020,EUR,[],,,,,,,,0.02,0.02,0.02,0.02,0.02,0.02,0.02,0.02,0.02,0.02,,,,,,,,,,,,,,,,,,,,,,,,,,,,EUR,0.48,0.18,Uncommon,sylveon,Pokémon,https://www.tcggo.com/pokemon/shrouded-fable/sylveon-22,sv6pt5-22,560332,singles
2026-08-23T17:19:56+02:00,,778,Aliya Chen,aliya-chen,SFA 23,23,780918,64,99,SFA,Pokémon,pokemon,11,https://images.tcggo.com/tcggo/storage/1434/shrouded-fable-logo.png,Shrouded Fable,EUR,567.12,EUR,760.02,2024-08-02,1,Scarlet & Violet,scarlet-violet,shrouded-fable,70,1452,https://images.tcggo.com/tcggo/storage/1457/croagunk-sfa-23-shrouded-fable-pokemon.png,https://www.tcggo.com/external/cm/1452,https://www.tcggo.com/external/tcgplayer/1452,Croagunk,Croagunk 23,0.03,0.02,16346,EUR,[],,,,,,,,0.02,0.02,0.02,0.02,0.02,0.02,0.02,0.02,0.02,0.02,,,,,,,,,,,,,,,,,,,,,,,,,,,,EUR,0.12,0.09,Common,croagunk,Pokémon,https://www.tcggo.com/pokemon/shrouded-fable/croagunk-23,sv6pt5-23,560333,singles
2026-08-23T17:19:56+02:00,,363,Anesaki Dynamic,anesaki-dynamic,SFA 24,24,780919,64,99,SFA,Pokémon,pokemon,11,https://images.tcggo.com/tcggo/storage/1434/shrouded-fable-logo.png,Shrouded Fable,EUR,567.12,EUR,760.02,2024-08-02,1,Scarlet & Violet,scarlet-violet,shrouded-fable,130,1453,https://images.tcggo.com/tcggo/storage/1458/toxicroak-sfa-24-shrouded-fable-pokemon.png,https://www.tcggo.com/external/cm/1453,https://www.tcggo.com/external/tcgplayer/1453,Toxicroak,Toxicroak 24,0.03,0.02,14787,EUR,[],,,,,,,,0.02,0.02,0.02,0.02,0.02,0.02,0.02,0.02,0.02,0.02,,,,,,,,,,,,,,,,,,,,,,,,,,,,EUR,0.14,0.09,Common,toxicroak,Pokémon,https://www.tcggo.com/pokemon/shrouded-fable/toxicroak-24,sv6pt5-24,560334,singles
2026-08-23T17:19:56+02:00,,377,Souichirou Gunjima,souichirou-gunjima,SFA 25,25,780920,64,99,SFA,Pokémon,pokemon,11,https://images.tcggo.com/tcggo/storage/1434/shrouded-fable-logo.png,Shrouded Fable,EUR,567.12,EUR,760.02,2024-08-02,1,Scarlet & Violet,scarlet-violet,shrouded-fable,150,1454,https://images.tcggo.com/tcggo/storage/1459/bloodmoon-ursaluna-sfa-25-shrouded-fable-pokemon.png,https://www.tcggo.com/external/cm/1454,https://www.tcggo.com/external/tcgplayer/1454,Bloodmoon Ursaluna,Bloodmoon Ursaluna 25,0.06,0.05,15176,EUR,[],,,,,,,,0.03,0.02,0.02,0.02,0.02,0.02,0.02,0.02,0.02,0.02,,,,,,,,,,,,,,,,,,,,,,,,,,,,EUR,0.15,0.14,rare,bloodmoon-ursaluna,Pokémon,https://www.tcggo.com/pokemon/shrouded-fable/bloodmoon-ursaluna-25,sv6pt5-25,560335,singles
2026-08-23T17:19:56+02:00,,421,Shinji Kanda,shinji-kanda,SFA 26,26,780921,64,99,SFA,Pokémon,pokemon,11,https://images.tcggo.com/tcggo/storage/1434/shrouded-fable-logo.png,Shrouded Fable,EUR,567.12,EUR,760.02,2024-08-02,1,Scarlet & Violet,scarlet-violet,shrouded-fable,140,1455,https://images.tcggo.com/tcggo/storage/1460/slither-wing-sfa-26-shrouded-fable-pokemon.png,https://www.tcggo.com/external/cm/1455,https://www.tcggo.com/external/tcgplayer/1455,Slither Wing,Slither Wing 26,0.04,0.05,16146,EUR,[],,,,,,,,0.02,0.02,0.02,0.02,0.02,0.02,0.02,0.02,0.02,0.02,,,,,,,,,,,,,,,,,,,,,,,,,,,,EUR,0.21,0.12,Uncommon,slither-wing,Pokémon,https://www.tcggo.com/pokemon/shrouded-fable/slither-wing-26,sv6pt5-26,560336,singles
2026-08-23T17:19:56+02:00,,389,osare,osare,SFA 27,27,780922,64,99,SFA,Pokémon,pokemon,11,https://images.tcggo.com/tcggo/storage/1434/shrouded-fable-logo.png,Shrouded Fable,EUR,567.12,EUR,760.02,2024-08-02,1,Scarlet & Violet,scarlet-violet,shrouded-fable,50,1456,https://images.tcggo.com/tcggo/storage/1461/zubat-sfa-27-shrouded-fable-pokemon.png,https://www.tcggo.com/external/cm/1456,https://www.tcggo.com/external/tcgplayer/1456,Zubat,Zubat 27,0.03,0.03,17453,EUR,[],,,,,,,,0.02,0.02,0.02,0.02,0.02,0.02,0.02,0.02,0.02,0.02,,,,,,,,,,,,,,,,,,,,,,,,,,,,EUR,0.16,0.09,Common,zubat,Pokémon,https://www.tcggo.com/pokemon/shrouded-fable/zubat-27,sv6pt5-27,560337,singles
2026-08-23T17:19:56+02:00,,385,Teeziro,teeziro,SFA 28,28,780923,64,99,SFA,Pokémon,pokemon,11,https://images.tcggo.com/tcggo/storage/1434/shrouded-fable-logo.png,Shrouded Fable,EUR,567.12,EUR,760.02,2024-08-02,1,Scarlet & Violet,scarlet-violet,shrouded-fable,80,1457,https://images.tcggo.com/tcggo/storage/1462/golbat-sfa-28-shrouded-fable-pokemon.png,https://www.tcggo.com/external/cm/1457,https://www.tcggo.com/external/tcgplayer/1457,Golbat,Golbat 28,0.04,0.04,13934,EUR,[],,,,,,,,0.02,0.02,0.02,0.02,0.02,0.02,0.02,0.02,0.02,0.02,,,,,,,,,,,,,,,,,,,,,,,,,,,,EUR,0.22,0.1,Common,golbat,Pokémon,https://www.tcggo.com/pokemon/shrouded-fable/golbat-28,sv6pt5-28,560338,singles
2026-08-23T17:19:56+02:00,,395,Nisota Niso,nisota-niso,SFA 29,29,780924,64,99,SFA,Pokémon,pokemon,11,https://images.tcggo.com/tcggo/storage/1434/shrouded-fable-logo.png,Shrouded Fable,EUR,567.12,EUR,760.02,2024-08-02,1,Scarlet & Violet,scarlet-violet,shrouded-fable,130,1458,https://images.tcggo.com/tcggo/storage/1463/crobat-sfa-29-shrouded-fable-pokemon.png,https://www.tcggo.com/external/cm/1458,https://www.tcggo.com/external/tcgplayer/1458,Crobat,Crobat 29,0.03,0.02,16182,EUR,[],,,,,,,,0.02,0.02,0.02,0.02,0.02,0.02,0.02,0.02,0.02,0.02,,,,,,,,,,,,,,,,,,,,,,,,,,,,EUR,0.19,0.09,Uncommon,crobat,Pokémon,https://www.tcggo.com/pokemon/shrouded-fable/crobat-29,sv6pt5-29,560339,singles
2026-08-23T17:19:56+02:00,,403,rika,rika,SFA 30,30,780925,64,99,SFA,Pokémon,pokemon,11,https://images.tcggo.com/tcggo/storage/1434/shrouded-fable-logo.png,Shrouded Fable,EUR,567.12,EUR,760.02,2024-08-02,1,Scarlet & Violet,scarlet-violet,shrouded-fable,110,1459,https://images.tcggo.com/tcggo/storage/1464/absol-sfa-30-shrouded-fable-pokemon.png,https://www.tcggo.com/external/cm/1459,https://www.tcggo.com/external/tcgplayer/1459,Absol,Absol 30,0.03,0.03,14080,EUR,[],,,,,,,,0.02,0.02,0.02,0.02,0.02,0.02,0.02,0.02,0.02,0.02,,,,,,,,,,,,,,,,,,,,,,,,,,,,EUR,0.24,0.1,Common,absol,Pokémon,https://www.tcggo.com/pokemon/shrouded-fable/absol-30,sv6pt5-30,560340,singles
2026-08-23T17:19:56+02:00,,409,Yuu Nishida,yuu-nishida,SFA 31,31,780926,64,99,SFA,Pokémon,pokemon,11,https://images.tcggo.com/tcggo/storage/1434/shrouded-fable-logo.png,Shrouded Fable,EUR,567.12,EUR,760.02,2024-08-02,1,Scarlet & Violet,scarlet-violet,shrouded-fable,70,1460,https://images.tcggo.com/tcggo/storage/1465/zorua-sfa-31-shrouded-fable-pokemon.png,https://www.tcggo.com/external/cm/1460,https://www.tcggo.com/external/tcgplayer/1460,Zorua,Zorua 31,0.03,0.03,15461,EUR,[],,,,,,,,0.02,0.02,0.02,0.02,0.02,0.02,0.02,0.02,0.02,0.02,,,,,,,,,,,,,,,,,,,,,,,,,,,,EUR,0.18,0.11,Common,zorua,Pokémon,https://www.tcggo.com/pokemon/shrouded-fable/zorua-31,sv6pt5-31,560341,singles
2026-08-23T17:19:56+02:00,,405,nagimiso,nagimiso,SFA 32,32,780927,64,99,SFA,Pokémon,pokemon,11,https://images.tcggo.com/tcggo/storage/1434/shrouded-fable-logo.png,Shrouded Fable,EUR,567.12,EUR,760.02,2024-08-02,1,Scarlet & Violet,scarlet-violet,shrouded-fable,120,1461,https://images.tcggo.com/tcggo/storage/1466/zoroark-sfa-32-shrouded-fable-pokemon.png,https://www.tcggo.com/external/cm/1461,https://www.tcggo.com/external/tcgplayer/1461,Zoroark,Zoroark 32,0.06,0.06,14704,EUR,[],,,,,,,,0.02,0.02,0.02,0.02,0.02,0.02,0.02,0.02,0.02,0.02,,,,,,,,,,,,,,,,,,,,,,,,,,,,EUR,0.15,0.14,rare,zoroark,Pokémon,https://www.tcggo.com/pokemon/shrouded-fable/zoroark-32,sv6pt5-32,560342,singles
2026-08-23T17:19:56+02:00,,783,Mori Yuu,mori-yuu,SFA 33,33,780928,64,99,SFA,Pokémon,pokemon,11,https://images.tcggo.com/tcggo/storage/1434/shrouded-fable-logo.png,Shrouded Fable,EUR,567.12,EUR,760.02,2024-08-02,1,Scarlet & Violet,scarlet-violet,shrouded-fable,60,1462,https://images.tcggo.com/tcggo/storage/1467/inkay-sfa-33-shrouded-fable-pokemon.png,https://www.tcggo.com/external/cm/1462,https://www.tcggo.com/external/tcgplayer/1462,Inkay,Inkay 33,0.03,0.03,14759,EUR,[],,,,,,,,0.02,0.02,0.02,0.02,0.02,0.02,0.02,0.02,0.02,0.02,,,,,,,,,,,,,,,,,,,,,,,,,,,,EUR,0.22,0.09,Common,inkay,Pokémon,https://www.tcggo.com/pokemon/shrouded-fable/inkay-33,sv6pt5-33,560343,singles
2026-08-23T17:19:56+02:00,,430,akagi,akagi,SFA 34,34,780929,64,99,SFA,Pokémon,pokemon,11,https://images.tcggo.com/tcggo/storage/1434/shrouded-fable-logo.png,Shrouded Fable,EUR,567.12,EUR,760.02,2024-08-02,1,Scarlet & Violet,scarlet-violet,shrouded-fable,120,1463,https://images.tcggo.com/tcggo/storage/1469/malamar-sfa-34-shrouded-fable-pokemon.png,https://www.tcggo.com/external/cm/1463,https://www.tcggo.com/external/tcgplayer/1463,Malamar,Malamar 34,0.03,0.02,16793,EUR,[],,,,,,,,0.02,0.02,0.02,0.02,0.02,0.02,0.02,0.02,0.02,0.02,,,,,,,,,,,,,,,,,,,,,,,,,,,,EUR,0.15,0.09,Uncommon,malamar,Pokémon,https://www.tcggo.com/pokemon/shrouded-fable/malamar-34,sv6pt5-34,560344,singles
2026-08-23T17:19:56+02:00,,433,SIE NANAHARA,sie-nanahara,SFA 35,35,780930,64,99,SFA,Pokémon,pokemon,11,https://images.tcggo.com/tcggo/storage/1434/shrouded-fable-logo.png,Shrouded Fable,EUR,567.12,EUR,760.02,2024-08-02,1,Scarlet & Violet,scarlet-violet,shrouded-fable,120,1464,https://images.tcggo.com/tcggo/storage/1470/yveltal-sfa-35-shrouded-fable-pokemon.png,https://www.tcggo.com/external/cm/1464,https://www.tcggo.com/external/tcgplayer/1464,Yveltal,Yveltal 35,0.04,0.05,15925,EUR,[],,,,,,,,0.02,0.02,0.02,0.02,0.02,0.02,0.02,0.02,0.02,0.02,,,,,,,,,,,,,,,,,,,,,,,,,,,,EUR,0.21,0.09,Uncommon,yveltal,Pokémon,https://www.tcggo.com/pokemon/shrouded-fable/yveltal-35,sv6pt5-35,560345,singles
2026-08-23T17:19:56+02:00,,490,takuyoa,takuyoa,SFA 36,36,780931,64,99,SFA,Pokémon,pokemon,11,https://images.tcggo.com/tcggo/storage/1434/shrouded-fable-logo.png,Shrouded Fable,EUR,567.12,EUR,760.02,2024-08-02,1,Scarlet & Violet,scarlet-violet,shrouded-fable,250,1465,https://images.tcggo.com/tcggo/storage/1471/okidogi-ex-sfa-36-shrouded-fable-pokemon.png,https://www.tcggo.com/external/cm/1465,https://www.tcggo.com/external/tcgplayer/1465,Okidogi ex,Okidogi ex 36,0.6,0.72,2564,EUR,[],,,,,,,,0.2,0.28,0.28,0.49,0.49,0.2,0.39,0.49,0.05,0.05,,,,,,,,,,,,,,,,,,,,,,,,,,,,EUR,0.74,0.77,Double Rare,okidogi-ex,Pokémon,https://www.tcggo.com/pokemon/shrouded-fable/okidogi-ex-36,sv6pt5-36,560346,singles
2026-08-23T17:19:56+02:00,,490,takuyoa,takuyoa,SFA 37,37,780932,64,99,SFA,Pokémon,pokemon,11,https://images.tcggo.com/tcggo/storage/1434/shrouded-fable-logo.png,Shrouded Fable,EUR,567.12,EUR,760.02,2024-08-02,1,Scarlet & Violet,scarlet-violet,shrouded-fable,210,1466,https://images.tcggo.com/tcggo/storage/1472/munkidori-ex-sfa-37-shrouded-fable-pokemon.png,https://www.tcggo.com/external/cm/1466,https://www.tcggo.com/external/tcgplayer/1466,Munkidori ex,Munkidori ex 37,0.55,0.5,3312,EUR,[],,,,,,,,0.1,0.09,0.09,0.3,0.3,0.1,0.25,0.25,0.05,0.05,,,,,,,,,,,,,,,,,,,,,,,,,,,,EUR,0.66,0.83,Double Rare,munkidori-ex,Pokémon,https://www.tcggo.com/pokemon/shrouded-fable/munkidori-ex-37,sv6pt5-37,560347,singles
2026-08-23T17:19:56+02:00,,490,takuyoa,takuyoa,SFA 38,38,780933,64,99,SFA,Pokémon,pokemon,11,https://images.tcggo.com/tcggo/storage/1434/shrouded-fable-logo.png,Shrouded Fable,EUR,567.12,EUR,760.02,2024-08-02,1,Scarlet & Violet,scarlet-violet,shrouded-fable,210,1467,https://images.tcggo.com/tcggo/storage/1473/fezandipiti-ex-sfa-38-shrouded-fable-pokemon.png,https://www.tcggo.com/external/cm/1467,https://www.tcggo.com/external/tcgplayer/1467,Fezandipiti ex,Fezandipiti ex 38,2.6,2.63,1037,EUR,[],,,,,,,,1.79,1.15,1.5,5,5,1.79,1,1,1.79,1.79,,,,,,,,,,,,,,,,,,,,,,,,,,,,EUR,3.05,4.68,Double Rare,fezandipiti-ex,Pokémon,https://www.tcggo.com/pokemon/shrouded-fable/fezandipiti-ex-38,sv6pt5-38,560348,singles
2026-08-23T17:19:56+02:00,,371,aky CG Works,aky-cg-works,SFA 39,39,780934,64,99,SFA,Pokémon,pokemon,11,https://images.tcggo.com/tcggo/storage/1434/shrouded-fable-logo.png,Shrouded Fable,EUR,567.12,EUR,760.02,2024-08-02,1,Scarlet & Violet,scarlet-violet,shrouded-fable,190,1468,https://images.tcggo.com/tcggo/storage/1474/pecharunt-ex-sfa-39-shrouded-fable-pokemon.png,https://www.tcggo.com/external/cm/1468,https://www.tcggo.com/external/tcgplayer/1468,Pecharunt ex,Pecharunt ex 39,1.6,1.53,974,EUR,[],,,,,,,,0.02,0.95,0.95,1,1,0.02,0.77,0.77,0.49,0.49,,,,,,,,,,,,,,,,,,,,,,,,,,,,EUR,5.48,3.97,Double Rare,pecharunt-ex,Pokémon,https://www.tcggo.com/pokemon/shrouded-fable/pecharunt-ex-39,sv6pt5-39,560349,singles
2026-08-23T17:19:56+02:00,,439,Kazumasa Yasukuni,kazumasa-yasukuni,SFA 40,40,780936,64,99,SFA,Pokémon,pokemon,11,https://images.tcggo.com/tcggo/storage/1434/shrouded-fable-logo.png,Shrouded Fable,EUR,567.12,EUR,760.02,2024-08-02,1,Scarlet & Violet,scarlet-violet,shrouded-fable,110,1469,https://images.tcggo.com/tcggo/storage/1475/genesect-sfa-40-shrouded-fable-pokemon.png,https://www.tcggo.com/external/cm/1469,https://www.tcggo.com/external/tcgplayer/1469,Genesect,Genesect 40,0.07,0.08,14923,EUR,[],,,,,,,,0.02,0.02,0.02,0.02,0.02,0.02,0.02,0.02,0.02,0.02,,,,,,,,,,,,,,,,,,,,,,,,,,,,EUR,0.22,0.13,Uncommon,genesect,Pokémon,https://www.tcggo.com/pokemon/shrouded-fable/genesect-40,sv6pt5-40,560350,singles
2026-08-23T17:19:56+02:00,,786,Shinya Mizuno,shinya-mizuno,SFA 41,41,780937,64,99,SFA,Pokémon,pokemon,11,https://images.tcggo.com/tcggo/storage/1434/shrouded-fable-logo.png,Shrouded Fable,EUR,567.12,EUR,760.02,2024-08-02,1,Scarlet & Violet,scarlet-violet,shrouded-fable,100,1470,https://images.tcggo.com/tcggo/storage/1476/cufant-sfa-41-shrouded-fable-pokemon.png,https://www.tcggo.com/external/cm/1470,https://www.tcggo.com/external/tcgplayer/1470,Cufant,Cufant 41,0.03,0.05,16095,EUR,[],,,,,,,,0.02,0.02,0.02,0.02,0.02,0.02,0.02,0.02,0.02,0.02,,,,,,,,,,,,,,,,,,,,,,,,,,,,EUR,0.13,0.09,Common,cufant,Pokémon,https://www.tcggo.com/pokemon/shrouded-fable/cufant-41,sv6pt5-41,560351,singles
2026-08-23T17:19:56+02:00,,408,kawayoo,kawayoo,SFA 42,42,780938,64,99,SFA,Pokémon,pokemon,11,https://images.tcggo.com/tcggo/storage/1434/shrouded-fable-logo.png,Shrouded Fable,EUR,567.12,EUR,760.02,2024-08-02,1,Scarlet & Violet,scarlet-violet,shrouded-fable,200,1471,https://images.tcggo.com/tcggo/storage/1477/copperajah-sfa-42-shrouded-fable-pokemon.png,https://www.tcggo.com/external/cm/1471,https://www.tcggo.com/external/tcgplayer/1471,Copperajah,Copperajah 42,0.06,0.05,15534,EUR,[],,,,,,,,0.02,0.02,0.02,0.02,0.02,0.02,0.02,0.02,0.02,0.02,,,,,,,,,,,,,,,,,,,,,,,,,,,,EUR,0.15,0.13,rare,copperajah,Pokémon,https://www.tcggo.com/pokemon/shrouded-fable/copperajah-42,sv6pt5-42,560352,singles
2026-08-23T17:19:56+02:00,,1251,HAGIYA Kaoru,hagiya-kaoru,SFA 43,43,780939,64,99,SFA,Pokémon,pokemon,11,https://images.tcggo.com/tcggo/storage/1434/shrouded-fable-logo.png,Shrouded Fable,EUR,567.12,EUR,760.02,2024-08-02,1,Scarlet & Violet,scarlet-violet,shrouded-fable,70,1472,https://images.tcggo.com/tcggo/storage/1479/varoom-sfa-43-shrouded-fable-pokemon.png,https://www.tcggo.com/external/cm/1472,https://www.tcggo.com/external/tcgplayer/1472,Varoom,Varoom 43,0.03,0.02,18524,EUR,[],,,,,,,,0.02,0.02,0.02,0.02,0.02,0.02,0.02,0.02,0.02,0.02,,,,,,,,,,,,,,,,,,,,,,,,,,,,EUR,0.12,0.09,Common,varoom,Pokémon,https://www.tcggo.com/pokemon/shrouded-fable/varoom-43,sv6pt5-43,560353,singles
2026-08-23T17:19:56+02:00,,365,Orca,orca,SFA 44,44,780940,64,99,SFA,Pokémon,pokemon,11,https://images.tcggo.com/tcggo/storage/1434/shrouded-fable-logo.png,Shrouded Fable,EUR,567.12,EUR,760.02,2024-08-02,1,Scarlet & Violet,scarlet-violet,shrouded-fable,70,1473,https://images.tcggo.com/tcggo/storage/1478/axew-sfa-44-shrouded-fable-pokemon.png,https://www.tcggo.com/external/cm/1473,https://www.tcggo.com/external/tcgplayer/1473,Axew,Axew 44,0.03,0.03,18533,EUR,[],,,,,,,,0.02,0.02,0.02,0.02,0.02,0.02,0.02,0.02,0.02,0.02,,,,,,,,,,,,,,,,,,,,,,,,,,,,EUR,0.15,0.09,Common,axew,Pokémon,https://www.tcggo.com/pokemon/shrouded-fable/axew-44,sv6pt5-44,560354,singles
2026-08-23T17:19:56+02:00,,419,Uninori,uninori,SFA 45,45,780941,64,99,SFA,Pokémon,pokemon,11,https://images.tcggo.com/tcggo/storage/1434/shrouded-fable-logo.png,Shrouded Fable,EUR,567.12,EUR,760.02,2024-08-02,1,Scarlet & Violet,scarlet-violet,shrouded-fable,100,1474,https://images.tcggo.com/tcggo/storage/1480/fraxure-sfa-45-shrouded-fable-pokemon.png,https://www.tcggo.com/external/cm/1474,https://www.tcggo.com/external/tcgplayer/1474,Fraxure,Fraxure 45,0.03,0.03,16166,EUR,[],,,,,,,,0.02,0.02,0.02,0.02,0.02,0.02,0.02,0.02,0.02,0.02,,,,,,,,,,,,,,,,,,,,,,,,,,,,EUR,0.14,0.09,Common,fraxure,Pokémon,https://www.tcggo.com/pokemon/shrouded-fable/fraxure-45,sv6pt5-45,560355,singles
2026-08-23T17:19:56+02:00,,788,Tsuyoshi Nagano,tsuyoshi-nagano,SFA 46,46,780942,64,99,SFA,Pokémon,pokemon,11,https://images.tcggo.com/tcggo/storage/1434/shrouded-fable-logo.png,Shrouded Fable,EUR,567.12,EUR,760.02,2024-08-02,1,Scarlet & Violet,scarlet-violet,shrouded-fable,170,1475,https://images.tcggo.com/tcggo/storage/1481/haxorus-sfa-46-shrouded-fable-pokemon.png,https://www.tcggo.com/external/cm/1475,https://www.tcggo.com/external/tcgplayer/1475,Haxorus,Haxorus 46,0.06,0.06,14649,EUR,[],,,,,,,,0.02,0.02,0.02,0.02,0.02,0.02,0.02,0.02,0.02,0.02,,,,,,,,,,,,,,,,,,,,,,,,,,,,EUR,0.18,0.15,rare,haxorus,Pokémon,https://www.tcggo.com/pokemon/shrouded-fable/haxorus-46,sv6pt5-46,560356,singles
2026-08-23T17:19:56+02:00,,443,Shiburingaru,shiburingaru,SFA 47,47,780943,64,99,SFA,Pokémon,pokemon,11,https://images.tcggo.com/tcggo/storage/1434/shrouded-fable-logo.png,Shrouded Fable,EUR,567.12,EUR,760.02,2024-08-02,1,Scarlet & Violet,scarlet-violet,shrouded-fable,130,1476,https://images.tcggo.com/tcggo/storage/1483/kyurem-sfa-47-shrouded-fable-pokemon.png,https://www.tcggo.com/external/cm/1476,https://www.tcggo.com/external/tcgplayer/1476,Kyurem,Kyurem 47,0.08,0.09,15912,EUR,[],,,,,,,,0.02,0.02,0.02,0.02,0.02,0.02,0.02,0.02,0.02,0.02,,,,,,,,,,,,,,,,,,,,,,,,,,,,EUR,0.23,0.13,Uncommon,kyurem,Pokémon,https://www.tcggo.com/pokemon/shrouded-fable/kyurem-47,sv6pt5-47,560358,singles
2026-08-23T17:19:56+02:00,,503,sui,sui,SFA 48,48,780944,64,99,SFA,Pokémon,pokemon,11,https://images.tcggo.com/tcggo/storage/1434/shrouded-fable-logo.png,Shrouded Fable,EUR,567.12,EUR,760.02,2024-08-02,1,Scarlet & Violet,scarlet-violet,shrouded-fable,70,1477,https://images.tcggo.com/tcggo/storage/1482/meowth-sfa-48-shrouded-fable-pokemon.png,https://www.tcggo.com/external/cm/1477,https://www.tcggo.com/external/tcgplayer/1477,Meowth,Meowth 48,0.04,0.05,14138,EUR,[],,,,,,,,0.02,0.02,0.02,0.02,0.02,0.02,0.02,0.02,0.02,0.02,,,,,,,,,,,,,,,,,,,,,,,,,,,,EUR,0.16,0.13,Common,meowth,Pokémon,https://www.tcggo.com/pokemon/shrouded-fable/meowth-48,sv6pt5-48,560359,singles
2026-08-23T17:19:56+02:00,,536,NC Empire,nc-empire,SFA 49,49,780945,64,99,SFA,Pokémon,pokemon,11,https://images.tcggo.com/tcggo/storage/1434/shrouded-fable-logo.png,Shrouded Fable,EUR,567.12,EUR,760.02,2024-08-02,1,Scarlet & Violet,scarlet-violet,shrouded-fable,110,1478,https://images.tcggo.com/tcggo/storage/1484/persian-sfa-49-shrouded-fable-pokemon.png,https://www.tcggo.com/external/cm/1478,https://www.tcggo.com/external/tcgplayer/1478,Persian,Persian 49,0.03,0.05,15239,EUR,[],,,,,,,,0.02,0.02,0.02,0.02,0.02,0.02,0.02,0.02,0.02,0.02,,,,,,,,,,,,,,,,,,,,,,,,,,,,EUR,0.16,0.09,Common,persian,Pokémon,https://www.tcggo.com/pokemon/shrouded-fable/persian-49,sv6pt5-49,560360,singles
2026-08-23T17:19:56+02:00,,452,Susumu Maeya,susumu-maeya,SFA 50,50,780946,64,99,SFA,Pokémon,pokemon,11,https://images.tcggo.com/tcggo/storage/1434/shrouded-fable-logo.png,Shrouded Fable,EUR,567.12,EUR,760.02,2024-08-02,1,Scarlet & Violet,scarlet-violet,shrouded-fable,70,1479,https://images.tcggo.com/tcggo/storage/1485/eevee-sfa-50-shrouded-fable-pokemon.png,https://www.tcggo.com/external/cm/1479,https://www.tcggo.com/external/tcgplayer/1479,Eevee,Eevee 50,0.06,0.07,13736,EUR,[],,,,,,,,0.02,0.02,0.02,0.02,0.02,0.02,0.02,0.02,0.02,0.02,,,,,,,,,,,,,,,,,,,,,,,,,,,,EUR,0.52,0.21,Common,eevee,Pokémon,https://www.tcggo.com/pokemon/shrouded-fable/eevee-50,sv6pt5-50,560361,singles
2026-08-23T17:19:56+02:00,,466,Shinya Komatsu,shinya-komatsu,SFA 51,51,780947,64,99,SFA,Pokémon,pokemon,11,https://images.tcggo.com/tcggo/storage/1434/shrouded-fable-logo.png,Shrouded Fable,EUR,567.12,EUR,760.02,2024-08-02,1,Scarlet & Violet,scarlet-violet,shrouded-fable,100,1480,https://images.tcggo.com/tcggo/storage/1486/furfrou-sfa-51-shrouded-fable-pokemon.png,https://www.tcggo.com/external/cm/1480,https://www.tcggo.com/external/tcgplayer/1480,Furfrou,Furfrou 51,0.03,0.02,15996,EUR,[],,,,,,,,0.02,0.02,0.02,0.02,0.02,0.02,0.02,0.02,0.02,0.02,,,,,,,,,,,,,,,,,,,,,,,,,,,,EUR,0.09,0.09,Common,furfrou,Pokémon,https://www.tcggo.com/pokemon/shrouded-fable/furfrou-51,sv6pt5-51,560362,singles
2026-08-23T17:19:56+02:00,,513,ryoma uratsuka,ryoma-uratsuka,SFA 52,52,780948,64,99,SFA,Pokémon,pokemon,11,https://images.tcggo.com/tcggo/storage/1434/shrouded-fable-logo.png,Shrouded Fable,EUR,567.12,EUR,760.02,2024-08-02,1,Scarlet & Violet,scarlet-violet,shrouded-fable,80,1481,https://images.tcggo.com/tcggo/storage/1487/stufful-sfa-52-shrouded-fable-pokemon.png,https://www.tcggo.com/external/cm/1481,https://www.tcggo.com/external/tcgplayer/1481,Stufful,Stufful 52,0.03,0.03,15955,EUR,[],,,,,,,,0.02,0.02,0.02,0.02,0.02,0.02,0.02,0.02,0.02,0.02,,,,,,,,,,,,,,,,,,,,,,,,,,,,EUR,0.17,0.09,Common,stufful,Pokémon,https://www.tcggo.com/pokemon/shrouded-fable/stufful-52,sv6pt5-52,560363,singles
2026-08-23T17:19:56+02:00,,436,Takeshi Nakamura,takeshi-nakamura,SFA 53,53,780949,64,99,SFA,Pokémon,pokemon,11,https://images.tcggo.com/tcggo/storage/1434/shrouded-fable-logo.png,Shrouded Fable,EUR,567.12,EUR,760.02,2024-08-02,1,Scarlet & Violet,scarlet-violet,shrouded-fable,130,1482,https://images.tcggo.com/tcggo/storage/1488/bewear-sfa-53-shrouded-fable-pokemon.png,https://www.tcggo.com/external/cm/1482,https://www.tcggo.com/external/tcgplayer/1482,Bewear,Bewear 53,0.03,0.03,14681,EUR,[],,,,,,,,0.02,0.02,0.02,0.02,0.02,0.02,0.02,0.02,0.02,0.02,,,,,,,,,,,,,,,,,,,,,,,,,,,,EUR,0.18,0.09,Common,bewear,Pokémon,https://www.tcggo.com/pokemon/shrouded-fable/bewear-53,sv6pt5-53,560364,singles
2026-08-23T17:19:56+02:00,,453,AYUMI ODASHIMA,ayumi-odashima,SFA 54,54,780950,64,99,SFA,Pokémon,pokemon,11,https://images.tcggo.com/tcggo/storage/1434/shrouded-fable-logo.png,Shrouded Fable,EUR,567.12,EUR,760.02,2024-08-02,1,Scarlet & Violet,scarlet-violet,shrouded-fable,0,1483,https://images.tcggo.com/tcggo/storage/1489/academy-at-night-sfa-54-shrouded-fable-pokemon.png,https://www.tcggo.com/external/cm/1483,https://www.tcggo.com/external/tcgplayer/1483,Academy at Night,Academy at Night 54,0.1,0.1,16671,EUR,[],,,,,,,,0.02,0.02,0.02,0.02,0.02,0.02,0.02,0.02,0.02,0.02,,,,,,,,,,,,,,,,,,,,,,,,,,,,EUR,0.23,0.13,Uncommon,academy-at-night,Trainer,https://www.tcggo.com/pokemon/shrouded-fable/academy-at-night-54,sv6pt5-54,560365,singles
2026-08-23T17:19:56+02:00,,380,5ban Graphics,5ban-graphics,SFA 55,55,780951,64,99,SFA,Pokémon,pokemon,11,https://images.tcggo.com/tcggo/storage/1434/shrouded-fable-logo.png,Shrouded Fable,EUR,567.12,EUR,760.02,2024-08-02,1,Scarlet & Violet,scarlet-violet,shrouded-fable,0,1484,https://images.tcggo.com/tcggo/storage/1490/binding-mochi-sfa-55-shrouded-fable-pokemon.png,https://www.tcggo.com/external/cm/1484,https://www.tcggo.com/external/tcgplayer/1484,Binding Mochi,Binding Mochi 55,0.05,0.06,21037,EUR,[],,,,,,,,0.02,0.02,0.02,0.02,0.02,0.02,0.02,0.02,0.02,0.02,,,,,,,,,,,,,,,,,,,,,,,,,,,,EUR,0.22,0.13,Uncommon,binding-mochi,Trainer,https://www.tcggo.com/pokemon/shrouded-fable/binding-mochi-55,sv6pt5-55,560366,singles
2026-08-23T17:19:56+02:00,,460,Atsushi Furusawa,atsushi-furusawa,SFA 56,56,780952,64,99,SFA,Pokémon,pokemon,11,https://images.tcggo.com/tcggo/storage/1434/shrouded-fable-logo.png,Shrouded Fable,EUR,567.12,EUR,760.02,2024-08-02,1,Scarlet & Violet,scarlet-violet,shrouded-fable,0,1485,https://images.tcggo.com/tcggo/storage/1491/cassiopeia-sfa-56-shrouded-fable-pokemon.png,https://www.tcggo.com/external/cm/1485,https://www.tcggo.com/external/tcgplayer/1485,Cassiopeia,Cassiopeia 56,0.03,0.04,19878,EUR,[],,,,,,,,0.02,0.02,0.02,0.02,0.02,0.02,0.02,0.02,0.02,0.02,,,,,,,,,,,,,,,,,,,,,,,,,,,,EUR,0.18,0.09,Uncommon,cassiopeia,Trainer,https://www.tcggo.com/pokemon/shrouded-fable/cassiopeia-56,sv6pt5-56,560367,singles
2026-08-23T17:19:56+02:00,,462,hncl,hncl,SFA 57,57,780953,64,99,SFA,Pokémon,pokemon,11,https://images.tcggo.com/tcggo/storage/1434/shrouded-fable-logo.png,Shrouded Fable,EUR,567.12,EUR,760.02,2024-08-02,1,Scarlet & Violet,scarlet-violet,shrouded-fable,0,1486,https://images.tcggo.com/tcggo/storage/1492/colresss-tenacity-sfa-57-shrouded-fable-pokemon.png,https://www.tcggo.com/external/cm/1486,https://www.tcggo.com/external/tcgplayer/1486,Colress's Tenacity,Colress's Tenacity 57,0.1,0.11,15756,EUR,[],,,,,,,,0.02,0.02,0.02,0.02,0.02,0.02,0.02,0.02,0.02,0.02,,,,,,,,,,,,,,,,,,,,,,,,,,,,EUR,0.42,0.19,Uncommon,colresss-tenacity,Trainer,https://www.tcggo.com/pokemon/shrouded-fable/colresss-tenacity-57,sv6pt5-57,560368,singles
2026-08-23T17:19:56+02:00,,464,inose yukie,inose-yukie,SFA 58,58,780954,64,99,SFA,Pokémon,pokemon,11,https://images.tcggo.com/tcggo/storage/1434/shrouded-fable-logo.png,Shrouded Fable,EUR,567.12,EUR,760.02,2024-08-02,1,Scarlet & Violet,scarlet-violet,shrouded-fable,0,1487,https://images.tcggo.com/tcggo/storage/1493/dangerous-laser-sfa-58-shrouded-fable-pokemon.png,https://www.tcggo.com/external/cm/1487,https://www.tcggo.com/external/tcgplayer/1487,Dangerous Laser,Dangerous Laser 58,0.5,0.46,1981,EUR,[],,,,,,,,0.05,0.15,0.15,0.49,0.49,0.05,0.1,0.1,0.09,0.09,,,,,,,,,,,,,,,,,,,,,,,,,,,,EUR,0.68,0.43,ACE SPEC Rare,dangerous-laser,Trainer,https://www.tcggo.com/pokemon/shrouded-fable/dangerous-laser-58,sv6pt5-58,560369,singles
2026-08-23T17:19:56+02:00,,398,Taira Akitsu,taira-akitsu,SFA 59,59,780955,64,99,SFA,Pokémon,pokemon,11,https://images.tcggo.com/tcggo/storage/1434/shrouded-fable-logo.png,Shrouded Fable,EUR,567.12,EUR,760.02,2024-08-02,1,Scarlet & Violet,scarlet-violet,shrouded-fable,0,1488,https://images.tcggo.com/tcggo/storage/1494/janines-secret-art-sfa-59-shrouded-fable-pokemon.png,https://www.tcggo.com/external/cm/1488,https://www.tcggo.com/external/tcgplayer/1488,Janine's Secret Art,Janine's Secret Art 59,0.06,0.07,18812,EUR,[],,,,,,,,0.02,0.02,0.02,0.02,0.02,0.02,0.02,0.02,0.02,0.02,,,,,,,,,,,,,,,,,,,,,,,,,,,,EUR,0.18,0.13,Uncommon,janines-secret-art,Trainer,https://www.tcggo.com/pokemon/shrouded-fable/janines-secret-art-59,sv6pt5-59,560370,singles
2026-08-23T17:19:56+02:00,,781,imoniii,imoniii,SFA 60,60,780956,64,99,SFA,Pokémon,pokemon,11,https://images.tcggo.com/tcggo/storage/1434/shrouded-fable-logo.png,Shrouded Fable,EUR,567.12,EUR,760.02,2024-08-02,1,Scarlet & Violet,scarlet-violet,shrouded-fable,0,1489,https://images.tcggo.com/tcggo/storage/1495/neutralization-zone-sfa-60-shrouded-fable-pokemon.png,https://www.tcggo.com/external/cm/1489,https://www.tcggo.com/external/tcgplayer/1489,Neutralization Zone,Neutralization Zone 60,0.7,0.6,1498,EUR,[],,,,,,,,0.1,0.25,0.3,1.99,1.99,0.1,0.45,0.45,0.19,0.19,,,,,,,,,,,,,,,,,,,,,,,,,,,,EUR,0.73,0.85,ACE SPEC Rare,neutralization-zone,Trainer,https://www.tcggo.com/pokemon/shrouded-fable/neutralization-zone-60,sv6pt5-60,560371,singles
2026-08-23T17:19:56+02:00,,458,Toyste Beach,toyste-beach,SFA 61,61,780957,64,99,SFA,Pokémon,pokemon,11,https://images.tcggo.com/tcggo/storage/1434/shrouded-fable-logo.png,Shrouded Fable,EUR,567.12,EUR,760.02,2024-08-02,1,Scarlet & Violet,scarlet-violet,shrouded-fable,0,1490,https://images.tcggo.com/tcggo/storage/1496/night-stretcher-sfa-61-shrouded-fable-pokemon.png,https://www.tcggo.com/external/cm/1490,https://www.tcggo.com/external/tcgplayer/1490,Night Stretcher,Night Stretcher 61,0.34,0.42,5652,EUR,[],,,,,,,,0.02,0.02,0.02,0.02,0.02,0.02,0.02,0.02,0.02,0.02,,,,,,,,,,,,,,,,,,,,,,,,,,,,EUR,3.17,0.47,Uncommon,night-stretcher,Trainer,https://www.tcggo.com/pokemon/shrouded-fable/night-stretcher-61,sv6pt5-61,560372,singles
2026-08-23T17:19:56+02:00,,458,Toyste Beach,toyste-beach,SFA 62,62,780958,64,99,SFA,Pokémon,pokemon,11,https://images.tcggo.com/tcggo/storage/1434/shrouded-fable-logo.png,Shrouded Fable,EUR,567.12,EUR,760.02,2024-08-02,1,Scarlet & Violet,scarlet-violet,shrouded-fable,0,1491,https://images.tcggo.com/tcggo/storage/1497/poke-vital-a-sfa-62-shrouded-fable-pokemon.png,https://www.tcggo.com/external/cm/1491,https://www.tcggo.com/external/tcgplayer/1491,Poké Vital A,Poké Vital A 62,0.65,0.72,1564,EUR,[],,,,,,,,0.07,0.19,0.19,0.5,0.5,0.07,0.3,0.3,0.2,0.2,,,,,,,,,,,,,,,,,,,,,,,,,,,,EUR,0.48,0.52,ACE SPEC Rare,poke-vital-a,Trainer,https://www.tcggo.com/pokemon/shrouded-fable/poke-vital-a-62,sv6pt5-62,560373,singles
2026-08-23T17:19:56+02:00,,461,Studio Bora Inc.,studio-bora-inc,SFA 63,63,780959,64,99,SFA,Pokémon,pokemon,11,https://images.tcggo.com/tcggo/storage/1434/shrouded-fable-logo.png,Shrouded Fable,EUR,567.12,EUR,760.02,2024-08-02,1,Scarlet & Violet,scarlet-violet,shrouded-fable,0,1492,https://images.tcggo.com/tcggo/storage/1498/powerglass-sfa-63-shrouded-fable-pokemon.png,https://www.tcggo.com/external/cm/1492,https://www.tcggo.com/external/tcgplayer/1492,Powerglass,Powerglass 63,0.07,0.08,18494,EUR,[],,,,,,,,0.02,0.02,0.02,0.02,0.02,0.02,0.02,0.02,0.02,0.02,,,,,,,,,,,,,,,,,,,,,,,,,,,,EUR,0.2,0.13,Uncommon,powerglass,Trainer,https://www.tcggo.com/pokemon/shrouded-fable/powerglass-63,sv6pt5-63,560374,singles
2026-08-23T17:19:56+02:00,,373,GOSSAN,gossan,SFA 64,64,781841,64,99,SFA,Pokémon,pokemon,11,https://images.tcggo.com/tcggo/storage/1434/shrouded-fable-logo.png,Shrouded Fable,EUR,567.12,EUR,760.02,2024-08-02,1,Scarlet & Violet,scarlet-violet,shrouded-fable,0,1493,https://images.tcggo.com/tcggo/storage/1499/xerosics-machinations-sfa-64-shrouded-fable-pokemon.png,https://www.tcggo.com/external/cm/1493,https://www.tcggo.com/external/tcgplayer/1493,Xerosic's Machinations,Xerosic's Machinations 64,0.09,0.09,15436,EUR,[],,,,,,,,0.02,0.02,0.02,0.02,0.02,0.02,0.02,0.02,0.02,0.02,,,,,,,,,,,,,,,,,,,,,,,,,,,,EUR,0.27,0.17,Uncommon,xerosics-machinations,Trainer,https://www.tcggo.com/pokemon/shrouded-fable/xerosics-machinations-64,sv6pt5-64,560375,singles
2026-08-23T17:19:56+02:00,,766,IKEDA Saki,ikeda-saki,SFA 65,65,780960,64,99,SFA,Pokémon,pokemon,11,https://images.tcggo.com/tcggo/storage/1434/shrouded-fable-logo.png,Shrouded Fable,EUR,567.12,EUR,760.02,2024-08-02,1,Scarlet & Violet,scarlet-violet,shrouded-fable,140,1494,https://images.tcggo.com/tcggo/storage/1500/tapu-bulu-sfa-65-shrouded-fable-pokemon.png,https://www.tcggo.com/external/cm/1494,https://www.tcggo.com/external/tcgplayer/1494,Tapu Bulu,Tapu Bulu 65,6.3,6.02,262,EUR,,,,,,80,,44,4,4.7,5.48,8,8,4,6,6,3.98,3.98,,,,,,,,,,,,,,,,,,,,,,,,,,,,EUR,11.09,5.98,Illustration Rare,tapu-bulu,Pokémon,https://www.tcggo.com/pokemon/shrouded-fable/tapu-bulu-65,sv6pt5-65,560376,singles
2026-08-23T17:19:56+02:00,,480,Taiga Kasai,taiga-kasai,SFA 66,66,780961,64,99,SFA,Pokémon,pokemon,11,https://images.tcggo.com/tcggo/storage/1434/shrouded-fable-logo.png,Shrouded Fable,EUR,567.12,EUR,760.02,2024-08-02,1,Scarlet & Violet,scarlet-violet,shrouded-fable,120,1495,https://images.tcggo.com/tcggo/storage/1501/houndoom-sfa-66-shrouded-fable-pokemon.png,https://www.tcggo.com/external/cm/1495,https://www.tcggo.com/external/tcgplayer/1495,Houndoom,Houndoom 66,31.09,33.17,330,EUR,,450,35,260,,230,,37,25,21.99,21.99,24,24,25,33.49,33.49,14,14,USD,92.92,1,,,,,29.68,1,,,39.99,1,312.22,5,,,,,40.74,5,40,1,174.57,2,,,EUR,49.44,34.19,Illustration Rare,houndoom,Pokémon,https://www.tcggo.com/pokemon/shrouded-fable/houndoom-66,sv6pt5-66,560377,singles
2026-08-23T17:19:56+02:00,,466,Shinya Komatsu,shinya-komatsu,SFA 67,67,780962,64,99,SFA,Pokémon,pokemon,11,https://images.tcggo.com/tcggo/storage/1434/shrouded-fable-logo.png,Shrouded Fable,EUR,567.12,EUR,760.02,2024-08-02,1,Scarlet & Violet,scarlet-violet,shrouded-fable,60,1496,https://images.tcggo.com/tcggo/storage/1502/horsea-sfa-67-shrouded-fable-pokemon.png,https://www.tcggo.com/external/cm/1496,https://www.tcggo.com/external/tcgplayer/1496,Horsea,Horsea 67,30.68,31,217,EUR,,,,150,,220,,49,30,27.9,27.9,30,30,30,29.9,29.9,11.88,11.88,USD,,,,,,,,,,,40.28,1,,,,,,,29.99,5,,,,,,,EUR,42.08,42.73,Illustration Rare,horsea,Pokémon,https://www.tcggo.com/pokemon/shrouded-fable/horsea-67,sv6pt5-67,560378,singles
2026-08-23T17:19:56+02:00,,622,James Turner,james-turner,SFA 68,68,780963,64,99,SFA,Pokémon,pokemon,11,https://images.tcggo.com/tcggo/storage/1434/shrouded-fable-logo.png,Shrouded Fable,EUR,567.12,EUR,760.02,2024-08-02,1,Scarlet & Violet,scarlet-violet,shrouded-fable,60,1497,https://images.tcggo.com/tcggo/storage/1503/duskull-sfa-68-shrouded-fable-pokemon.png,https://www.tcggo.com/external/cm/1497,https://www.tcggo.com/external/tcgplayer/1497,Duskull,Duskull 68,25.31,24.36,275,EUR,,,,,,290,25,37,25,21.5,21.5,38,38,25,20,20,16.9,16.9,USD,,,,,,,,,,,,,148.9,5,,,,,37.22,5,,,,,,,EUR,46.66,49.62,Illustration Rare,duskull,Pokémon,https://www.tcggo.com/pokemon/shrouded-fable/duskull-68,sv6pt5-68,560379,singles
2026-08-23T17:19:56+02:00,,622,James Turner,james-turner,SFA 69,69,780964,64,99,SFA,Pokémon,pokemon,11,https://images.tcggo.com/tcggo/storage/1434/shrouded-fable-logo.png,Shrouded Fable,EUR,567.12,EUR,760.02,2024-08-02,1,Scarlet & Violet,scarlet-violet,shrouded-fable,90,1498,https://images.tcggo.com/tcggo/storage/1504/dusclops-sfa-69-shrouded-fable-pokemon.png,https://www.tcggo.com/external/cm/1498,https://www.tcggo.com/external/tcgplayer/1498,Dusclops,Dusclops 69,20.49,20.51,260,EUR,,,,89,,170,,50,23.71,10.82,17.5,25,25,23.71,18,18,13.9,13.9,USD,,,,,,,,,,,,,215,5,,,,,36.38,5,,,,,,,EUR,29,42.74,Illustration Rare,dusclops,Pokémon,https://www.tcggo.com/pokemon/shrouded-fable/dusclops-69,sv6pt5-69,560380,singles
2026-08-23T17:19:56+02:00,,622,James Turner,james-turner,SFA 70,70,780965,64,99,SFA,Pokémon,pokemon,11,https://images.tcggo.com/tcggo/storage/1434/shrouded-fable-logo.png,Shrouded Fable,EUR,567.12,EUR,760.02,2024-08-02,1,Scarlet & Violet,scarlet-violet,shrouded-fable,160,1499,https://images.tcggo.com/tcggo/storage/1505/dusknoir-sfa-70-shrouded-fable-pokemon.png,https://www.tcggo.com/external/cm/1499,https://www.tcggo.com/external/tcgplayer/1499,Dusknoir,Dusknoir 70,19.46,19,289,EUR,,,49,52,,110,34,42,18.89,16.8,16.8,25.9,25.9,18.89,17.5,17.5,11.9,11.9,USD,,,,,,,,,32.72,1,,,98.13,5,,,,,22.74,1,,,,,,,EUR,26.68,29.03,Illustration Rare,dusknoir,Pokémon,https://www.tcggo.com/pokemon/shrouded-fable/dusknoir-70,sv6pt5-70,560381,singles
2026-08-23T17:19:56+02:00,,417,satoma,satoma,SFA 71,71,780966,64,99,SFA,Pokémon,pokemon,11,https://images.tcggo.com/tcggo/storage/1434/shrouded-fable-logo.png,Shrouded Fable,EUR,567.12,EUR,760.02,2024-08-02,1,Scarlet & Violet,scarlet-violet,shrouded-fable,120,1500,https://images.tcggo.com/tcggo/storage/1506/cresselia-sfa-71-shrouded-fable-pokemon.png,https://www.tcggo.com/external/cm/1500,https://www.tcggo.com/external/tcgplayer/1500,Cresselia,Cresselia 71,19.61,17.03,296,EUR,,,41,64,29,145,,30,17.5,13.89,14,29,29,17.5,28,28,9.99,9.99,USD,47.08,1,,,,,,,66.95,1,,,,,10.85,1,,,22.29,5,,,,,,,EUR,24.57,19.59,Illustration Rare,cresselia,Pokémon,https://www.tcggo.com/pokemon/shrouded-fable/cresselia-71,sv6pt5-71,560382,singles
2026-08-23T17:19:56+02:00,,385,Teeziro,teeziro,SFA 72,72,780967,64,99,SFA,Pokémon,pokemon,11,https://images.tcggo.com/tcggo/storage/1434/shrouded-fable-logo.png,Shrouded Fable,EUR,567.12,EUR,760.02,2024-08-02,1,Scarlet & Violet,scarlet-violet,shrouded-fable,110,1501,https://images.tcggo.com/tcggo/storage/1507/munkidori-sfa-72-shrouded-fable-pokemon.png,https://www.tcggo.com/external/cm/1501,https://www.tcggo.com/external/tcgplayer/1501,Munkidori,Munkidori 72,21.81,22.53,301,EUR,,,,90,,149,,59,23,19.5,19.5,27,27,23,19,19,17,17,USD,,,,,,,19.46,1,40,1,,,82.65,4,,,,,25,3,,,72.85,2,,,EUR,27.59,37.11,Illustration Rare,munkidori,Pokémon,https://www.tcggo.com/pokemon/shrouded-fable/munkidori-72,sv6pt5-72,560383,singles
2026-08-23T17:19:56+02:00,,382,KEIICHIRO ITO,keiichiro-ito,SFA 73,73,780968,64,99,SFA,Pokémon,pokemon,11,https://images.tcggo.com/tcggo/storage/1434/shrouded-fable-logo.png,Shrouded Fable,EUR,567.12,EUR,760.02,2024-08-02,1,Scarlet & Violet,scarlet-violet,shrouded-fable,120,1502,https://images.tcggo.com/tcggo/storage/1508/fezandipiti-sfa-73-shrouded-fable-pokemon.png,https://www.tcggo.com/external/cm/1502,https://www.tcggo.com/external/tcgplayer/1502,Fezandipiti,Fezandipiti 73,8.24,8.06,344,EUR,,,,59,,75,,25,6,5,6.49,7,7,6,9.9,9.9,4.9,4.9,USD,,,,,,,,,8.55,1,,,49.52,4,,,,,16.06,3,,,,,,,EUR,11.96,7.33,Illustration Rare,fezandipiti,Pokémon,https://www.tcggo.com/pokemon/shrouded-fable/fezandipiti-73,sv6pt5-73,560384,singles
2026-08-23T17:19:56+02:00,,434,AKIRA EGAWA,akira-egawa,SFA 74,74,780969,64,99,SFA,Pokémon,pokemon,11,https://images.tcggo.com/tcggo/storage/1434/shrouded-fable-logo.png,Shrouded Fable,EUR,567.12,EUR,760.02,2024-08-02,1,Scarlet & Violet,scarlet-violet,shrouded-fable,130,1503,https://images.tcggo.com/tcggo/storage/1509/okidogi-sfa-74-shrouded-fable-pokemon.png,https://www.tcggo.com/external/cm/1503,https://www.tcggo.com/external/tcgplayer/1503,Okidogi,Okidogi 74,9.72,9.34,246,EUR,,,43,,,,,,7,8,8,10,10,7,9.5,9.5,4.9,4.9,USD,,,,,12.38,1,,,,,,,,,,,,,16.07,1,,,,,,,EUR,14.13,8.46,Illustration Rare,okidogi,Pokémon,https://www.tcggo.com/pokemon/shrouded-fable/okidogi-74,sv6pt5-74,560385,singles
2026-08-23T17:19:56+02:00,,470,REND,rend,SFA 75,75,780970,64,99,SFA,Pokémon,pokemon,11,https://images.tcggo.com/tcggo/storage/1434/shrouded-fable-logo.png,Shrouded Fable,EUR,567.12,EUR,760.02,2024-08-02,1,Scarlet & Violet,scarlet-violet,shrouded-fable,70,1504,https://images.tcggo.com/tcggo/storage/1510/zorua-sfa-75-shrouded-fable-pokemon.png,https://www.tcggo.com/external/cm/1504,https://www.tcggo.com/external/tcgplayer/1504,Zorua,Zorua 75,15.98,14.53,247,EUR,[],,,,,,,,15,7.05,12.9,15,15,15,18,18,6.89,6.89,USD,,,,,,,,,,,,,89.45,4,,,13.38,1,,,,,,,,,EUR,24.85,15.02,Illustration Rare,zorua,Pokémon,https://www.tcggo.com/pokemon/shrouded-fable/zorua-75,sv6pt5-75,560386,singles
2026-08-23T17:19:56+02:00,,416,Mina Nakai,mina-nakai,SFA 76,76,780971,64,99,SFA,Pokémon,pokemon,11,https://images.tcggo.com/tcggo/storage/1434/shrouded-fable-logo.png,Shrouded Fable,EUR,567.12,EUR,760.02,2024-08-02,1,Scarlet & Violet,scarlet-violet,shrouded-fable,100,1505,https://images.tcggo.com/tcggo/storage/1511/cufant-sfa-76-shrouded-fable-pokemon.png,https://www.tcggo.com/external/cm/1505,https://www.tcggo.com/external/tcgplayer/1505,Cufant,Cufant 76,10.44,10.25,293,EUR,[],,,,,,,,9.99,11.85,11.99,8.5,8.5,9.99,8.2,8.2,4,4,USD,,,,,,,,,24.52,1,,,,,,,,,17.69,4,,,,,,,EUR,13.08,9.74,Illustration Rare,cufant,Pokémon,https://www.tcggo.com/pokemon/shrouded-fable/cufant-76,sv6pt5-76,560387,singles
2026-08-23T17:19:56+02:00,,376,MINAMINAMI Take,minaminami-take,SFA 77,77,780972,64,99,SFA,Pokémon,pokemon,11,https://images.tcggo.com/tcggo/storage/1434/shrouded-fable-logo.png,Shrouded Fable,EUR,567.12,EUR,760.02,2024-08-02,1,Scarlet & Violet,scarlet-violet,shrouded-fable,100,1506,https://images.tcggo.com/tcggo/storage/1512/fraxure-sfa-77-shrouded-fable-pokemon.png,https://www.tcggo.com/external/cm/1506,https://www.tcggo.com/external/tcgplayer/1506,Fraxure,Fraxure 77,8.83,8.23,240,EUR,,,,,,120,,33,6,8,8,12,12,6,6.9,6.9,4,4,USD,,,,,,,,,,,,,66.88,3,,,,,20,3,,,,,,,EUR,16.21,9.2,Illustration Rare,fraxure,Pokémon,https://www.tcggo.com/pokemon/shrouded-fable/fraxure-77,sv6pt5-77,560388,singles
2026-08-23T17:19:56+02:00,,432,Whisker,whisker,SFA 78,78,780973,64,99,SFA,Pokémon,pokemon,11,https://images.tcggo.com/tcggo/storage/1434/shrouded-fable-logo.png,Shrouded Fable,EUR,567.12,EUR,760.02,2024-08-02,1,Scarlet & Violet,scarlet-violet,shrouded-fable,110,1507,https://images.tcggo.com/tcggo/storage/1513/persian-sfa-78-shrouded-fable-pokemon.png,https://www.tcggo.com/external/cm/1507,https://www.tcggo.com/external/tcgplayer/1507,Persian,Persian 78,59.29,64.81,330,EUR,,,,160,,300,55,65,45,39.95,39.95,30,30,45,75,75,28,28,USD,,,34.14,1,,,,,85,3,41,1,313,5,,,35,1,70.31,5,,,275.93,2,49.99,1,EUR,62.36,47.01,Illustration Rare,persian,Pokémon,https://www.tcggo.com/pokemon/shrouded-fable/persian-78,sv6pt5-78,560389,singles
2026-08-23T17:19:56+02:00,,436,Takeshi Nakamura,takeshi-nakamura,SFA 79,79,780974,64,99,SFA,Pokémon,pokemon,11,https://images.tcggo.com/tcggo/storage/1434/shrouded-fable-logo.png,Shrouded Fable,EUR,567.12,EUR,760.02,2024-08-02,1,Scarlet & Violet,scarlet-violet,shrouded-fable,130,1508,https://images.tcggo.com/tcggo/storage/1514/bewear-sfa-79-shrouded-fable-pokemon.png,https://www.tcggo.com/external/cm/1508,https://www.tcggo.com/external/tcgplayer/1508,Bewear,Bewear 79,14.08,24.12,300,EUR,,,48,,,,,95,16.95,6.38,6.38,7.9,7.9,16.95,6,6,3.49,3.49,USD,,,,,,,,,,,,,145.02,2,,,10.05,3,22.33,1,,,,,,,EUR,23.35,14.46,Illustration Rare,bewear,Pokémon,https://www.tcggo.com/pokemon/shrouded-fable/bewear-79,sv6pt5-79,560390,singles
2026-08-23T17:19:56+02:00,,511,PLANETA Igarashi,planeta-igarashi,SFA 80,80,780975,64,99,SFA,Pokémon,pokemon,11,https://images.tcggo.com/tcggo/storage/1434/shrouded-fable-logo.png,Shrouded Fable,EUR,567.12,EUR,760.02,2024-08-02,1,Scarlet & Violet,scarlet-violet,shrouded-fable,310,1509,https://images.tcggo.com/tcggo/storage/1515/kingdra-ex-sfa-80-shrouded-fable-pokemon.png,https://www.tcggo.com/external/cm/1509,https://www.tcggo.com/external/tcgplayer/1509,Kingdra ex,Kingdra ex 80,2.97,2.9,495,EUR,,,,40,,79,,69,1.99,1,1,2.5,2.5,1.99,3,3.3,1,1,,,,,,,,,,,,,,,,,,,,,,,,,,,,EUR,3.15,2.7,Ultra Rare,kingdra-ex,Pokémon,https://www.tcggo.com/pokemon/shrouded-fable/kingdra-ex-80,sv6pt5-80,560391,singles
2026-08-23T17:19:56+02:00,,384,PLANETA Mochizuki,planeta-mochizuki,SFA 81,81,780976,64,99,SFA,Pokémon,pokemon,11,https://images.tcggo.com/tcggo/storage/1434/shrouded-fable-logo.png,Shrouded Fable,EUR,567.12,EUR,760.02,2024-08-02,1,Scarlet & Violet,scarlet-violet,shrouded-fable,280,1510,https://images.tcggo.com/tcggo/storage/1516/revavroom-ex-sfa-81-shrouded-fable-pokemon.png,https://www.tcggo.com/external/cm/1510,https://www.tcggo.com/external/tcgplayer/1510,Revavroom ex,Revavroom ex 81,1.64,1.78,557,EUR,[],,,,,,,,1,0.95,0.95,1.8,1.8,1,2,2,0.55,0.55,,,,,,,,,,,,,,,,,,,,,,,,,,,,EUR,1.64,1.47,Ultra Rare,revavroom-ex,Pokémon,https://www.tcggo.com/pokemon/shrouded-fable/revavroom-ex-81,sv6pt5-81,560392,singles
2026-08-23T17:19:56+02:00,,380,5ban Graphics,5ban-graphics,SFA 82,82,780977,64,99,SFA,Pokémon,pokemon,11,https://images.tcggo.com/tcggo/storage/1434/shrouded-fable-logo.png,Shrouded Fable,EUR,567.12,EUR,760.02,2024-08-02,1,Scarlet & Violet,scarlet-violet,shrouded-fable,250,1511,https://images.tcggo.com/tcggo/storage/1517/okidogi-ex-sfa-82-shrouded-fable-pokemon.png,https://www.tcggo.com/external/cm/1511,https://www.tcggo.com/external/tcgplayer/1511,Okidogi ex,Okidogi ex 82,1.93,1.95,595,EUR,[],,,,,,,,1,1.39,1.39,1.9,1.9,1,2,2,1.4,1.4,,,,,,,,,,,,,,,,,,,,,,,,,,,,EUR,2.06,2.56,Ultra Rare,okidogi-ex,Pokémon,https://www.tcggo.com/pokemon/shrouded-fable/okidogi-ex-82,sv6pt5-82,560393,singles
2026-08-23T17:19:56+02:00,,380,5ban Graphics,5ban-graphics,SFA 83,83,780978,64,99,SFA,Pokémon,pokemon,11,https://images.tcggo.com/tcggo/storage/1434/shrouded-fable-logo.png,Shrouded Fable,EUR,567.12,EUR,760.02,2024-08-02,1,Scarlet & Violet,scarlet-violet,shrouded-fable,210,1512,https://images.tcggo.com/tcggo/storage/1518/munkidori-ex-sfa-83-shrouded-fable-pokemon.png,https://www.tcggo.com/external/cm/1512,https://www.tcggo.com/external/tcgplayer/1512,Munkidori ex,Munkidori ex 83,1.8,1.98,674,EUR,[],,,,,,,,1,1.2,1.2,2.44,2.44,1,1.9,1.9,0.89,0.89,,,,,,,,,,,,,,,,,,,,,,,,,,,,EUR,2.03,1.95,Ultra Rare,munkidori-ex,Pokémon,https://www.tcggo.com/pokemon/shrouded-fable/munkidori-ex-83,sv6pt5-83,560394,singles
2026-08-23T17:19:56+02:00,,380,5ban Graphics,5ban-graphics,SFA 84,84,780979,64,99,SFA,Pokémon,pokemon,11,https://images.tcggo.com/tcggo/storage/1434/shrouded-fable-logo.png,Shrouded Fable,EUR,567.12,EUR,760.02,2024-08-02,1,Scarlet & Violet,scarlet-violet,shrouded-fable,210,1513,https://images.tcggo.com/tcggo/storage/1519/fezandipiti-ex-sfa-84-shrouded-fable-pokemon.png,https://www.tcggo.com/external/cm/1513,https://www.tcggo.com/external/tcgplayer/1513,Fezandipiti ex,Fezandipiti ex 84,6.07,5.88,427,EUR,,,,,,49,,20,6,4,4,14,14,6,5,5,4,4,USD,,,,,,,,,,,,,,,,,,,17.99,1,,,,,,,EUR,10.68,12.5,Ultra Rare,fezandipiti-ex,Pokémon,https://www.tcggo.com/pokemon/shrouded-fable/fezandipiti-ex-84,sv6pt5-84,560395,singles
2026-08-23T17:19:56+02:00,,371,aky CG Works,aky-cg-works,SFA 85,85,780980,64,99,SFA,Pokémon,pokemon,11,https://images.tcggo.com/tcggo/storage/1434/shrouded-fable-logo.png,Shrouded Fable,EUR,567.12,EUR,760.02,2024-08-02,1,Scarlet & Violet,scarlet-violet,shrouded-fable,190,1514,https://images.tcggo.com/tcggo/storage/1520/pecharunt-ex-sfa-85-shrouded-fable-pokemon.png,https://www.tcggo.com/external/cm/1514,https://www.tcggo.com/external/tcgplayer/1514,Pecharunt ex,Pecharunt ex 85,3.02,2.9,429,EUR,[],,,,,,,,2,2.24,2.24,7,7,2,2.7,2.75,1.85,1.85,,,,,,,,,,,,,,,,,,,,,,,,,,,,EUR,6.75,6.76,Ultra Rare,pecharunt-ex,Pokémon,https://www.tcggo.com/pokemon/shrouded-fable/pecharunt-ex-85,sv6pt5-85,560396,singles
2026-08-23T17:19:56+02:00,,460,Atsushi Furusawa,atsushi-furusawa,SFA 86,86,780981,64,99,SFA,Pokémon,pokemon,11,https://images.tcggo.com/tcggo/storage/1434/shrouded-fable-logo.png,Shrouded Fable,EUR,567.12,EUR,760.02,2024-08-02,1,Scarlet & Violet,scarlet-violet,shrouded-fable,0,1515,https://images.tcggo.com/tcggo/storage/1521/cassiopeia-sfa-86-shrouded-fable-pokemon.png,https://www.tcggo.com/external/cm/1515,https://www.tcggo.com/external/tcgplayer/1515,Cassiopeia,Cassiopeia 86,1.99,1.85,606,EUR,,,,,,39,,,0.9,1.4,1.4,2.05,2.05,0.9,2.6,2.6,0.9,0.9,,,,,,,,,,,,,,,,,,,,,,,,,,,,EUR,3.54,3.15,Ultra Rare,cassiopeia,Trainer,https://www.tcggo.com/pokemon/shrouded-fable/cassiopeia-86,sv6pt5-86,560397,singles
2026-08-23T17:19:56+02:00,,462,hncl,hncl,SFA 87,87,780982,64,99,SFA,Pokémon,pokemon,11,https://images.tcggo.com/tcggo/storage/1434/shrouded-fable-logo.png,Shrouded Fable,EUR,567.12,EUR,760.02,2024-08-02,1,Scarlet & Violet,scarlet-violet,shrouded-fable,0,1516,https://images.tcggo.com/tcggo/storage/1522/colresss-tenacity-sfa-87-shrouded-fable-pokemon.png,https://www.tcggo.com/external/cm/1516,https://www.tcggo.com/external/tcgplayer/1516,Colress's Tenacity,Colress's Tenacity 87,2.87,2.85,384,EUR,,,,,,,,19,2.2,2.4,2.4,5,5,2.2,1.9,1.9,1.98,1.98,,,,,,,,,,,,,,,,,,,,,,,,,,,,EUR,6.3,4.13,Ultra Rare,colresss-tenacity,Trainer,https://www.tcggo.com/pokemon/shrouded-fable/colresss-tenacity-87,sv6pt5-87,560398,singles
2026-08-23T17:19:56+02:00,,398,Taira Akitsu,taira-akitsu,SFA 88,88,780983,64,99,SFA,Pokémon,pokemon,11,https://images.tcggo.com/tcggo/storage/1434/shrouded-fable-logo.png,Shrouded Fable,EUR,567.12,EUR,760.02,2024-08-02,1,Scarlet & Violet,scarlet-violet,shrouded-fable,0,1517,https://images.tcggo.com/tcggo/storage/1523/janines-secret-art-sfa-88-shrouded-fable-pokemon.png,https://www.tcggo.com/external/cm/1517,https://www.tcggo.com/external/tcgplayer/1517,Janine's Secret Art,Janine's Secret Art 88,3.35,3.11,403,EUR,,,,23,,34,,34,2.69,2.7,2.7,3.98,3.98,2.69,2.3,2.3,1.95,1.95,USD,,,,,,,,,,,,,25,1,,,,,10,1,,,,,,,EUR,5.88,5.11,Ultra Rare,janines-secret-art,Trainer,https://www.tcggo.com/pokemon/shrouded-fable/janines-secret-art-88,sv6pt5-88,560399,singles
2026-08-23T17:19:56+02:00,,373,GOSSAN,gossan,SFA 89,89,780984,64,99,SFA,Pokémon,pokemon,11,https://images.tcggo.com/tcggo/storage/1434/shrouded-fable-logo.png,Shrouded Fable,EUR,567.12,EUR,760.02,2024-08-02,1,Scarlet & Violet,scarlet-violet,shrouded-fable,0,1518,https://images.tcggo.com/tcggo/storage/1524/xerosics-machinations-sfa-89-shrouded-fable-pokemon.png,https://www.tcggo.com/external/cm/1518,https://www.tcggo.com/external/tcgplayer/1518,Xerosic's Machinations,Xerosic's Machinations 89,3.4,3.31,281,EUR,[],,,,,,,,2.7,3.2,3.49,5,5,2.7,2.5,2.5,1.5,1.5,,,,,,,,,,,,,,,,,,,,,,,,,,,,EUR,6.75,5.98,Ultra Rare,xerosics-machinations,Trainer,https://www.tcggo.com/pokemon/shrouded-fable/xerosics-machinations-89,sv6pt5-89,560400,singles
2026-08-23T17:19:56+02:00,,454,kantaro,kantaro,SFA 90,90,780985,64,99,SFA,Pokémon,pokemon,11,https://images.tcggo.com/tcggo/storage/1434/shrouded-fable-logo.png,Shrouded Fable,EUR,567.12,EUR,760.02,2024-08-02,1,Scarlet & Violet,scarlet-violet,shrouded-fable,250,1519,https://images.tcggo.com/tcggo/storage/1525/okidogi-ex-sfa-90-shrouded-fable-pokemon.png,https://www.tcggo.com/external/cm/1519,https://www.tcggo.com/external/tcgplayer/1519,Okidogi ex,Okidogi ex 90,17.58,14.5,307,EUR,,79,,,,126,,,18.06,12,12,21,21,18.99,29,29,11.9,11.9,USD,,,,,,,,,,,,,,,,,,,7.42,1,,,,,,,EUR,19.86,18.22,Special Illustration Rare,okidogi-ex,Pokémon,https://www.tcggo.com/pokemon/shrouded-fable/okidogi-ex-90,sv6pt5-90,560401,singles
2026-08-23T17:19:56+02:00,,454,kantaro,kantaro,SFA 91,91,780986,64,99,SFA,Pokémon,pokemon,11,https://images.tcggo.com/tcggo/storage/1434/shrouded-fable-logo.png,Shrouded Fable,EUR,567.12,EUR,760.02,2024-08-02,1,Scarlet & Violet,scarlet-violet,shrouded-fable,210,1520,https://images.tcggo.com/tcggo/storage/1526/munkidori-ex-sfa-91-shrouded-fable-pokemon.png,https://www.tcggo.com/external/cm/1520,https://www.tcggo.com/external/tcgplayer/1520,Munkidori ex,Munkidori ex 91,16.62,16.7,272,EUR,[],,,,,,,,15.49,12,12,15,15,15.49,26,26,15,15,USD,,,,,,,,,,,,,98.99,1,,,,,11.48,2,,,,,,,EUR,16.92,15.29,Special Illustration Rare,munkidori-ex,Pokémon,https://www.tcggo.com/pokemon/shrouded-fable/munkidori-ex-91,sv6pt5-91,560402,singles
2026-08-23T17:19:56+02:00,,454,kantaro,kantaro,SFA 92,92,780987,64,99,SFA,Pokémon,pokemon,11,https://images.tcggo.com/tcggo/storage/1434/shrouded-fable-logo.png,Shrouded Fable,EUR,567.12,EUR,760.02,2024-08-02,1,Scarlet & Violet,scarlet-violet,shrouded-fable,210,1521,https://images.tcggo.com/tcggo/storage/1527/fezandipiti-ex-sfa-92-shrouded-fable-pokemon.png,https://www.tcggo.com/external/cm/1521,https://www.tcggo.com/external/tcgplayer/1521,Fezandipiti ex,Fezandipiti ex 92,27.6,32.6,282,EUR,,,,99,,150,,49,23,21.21,21.21,42,42,23,34,34,24.9,24.9,USD,64.47,1,,,,,,,,,,,,,,,,,44.18,4,,,,,,,EUR,34.39,42.96,Special Illustration Rare,fezandipiti-ex,Pokémon,https://www.tcggo.com/pokemon/shrouded-fable/fezandipiti-ex-92,sv6pt5-92,560403,singles
2026-08-23T17:19:56+02:00,,454,kantaro,kantaro,SFA 93,93,750412,64,99,SFA,Pokémon,pokemon,11,https://images.tcggo.com/tcggo/storage/1434/shrouded-fable-logo.png,Shrouded Fable,EUR,567.12,EUR,760.02,2024-08-02,1,Scarlet & Violet,scarlet-violet,shrouded-fable,190,1522,https://images.tcggo.com/tcggo/storage/1528/pecharunt-ex-sfa-93-shrouded-fable-pokemon.png,https://www.tcggo.com/external/cm/1522,https://www.tcggo.com/external/tcgplayer/1522,Pecharunt ex,Pecharunt ex 93,20.35,19.62,220,EUR,,,,,,100,,35,19.9,17.99,17.99,20,20,19.9,27,27,15,15,USD,,,,,,,,,35.39,1,,,59.51,2,,,,,9.3,1,,,,,,,EUR,20.71,21.21,Special Illustration Rare,pecharunt-ex,Pokémon,https://www.tcggo.com/pokemon/shrouded-fable/pecharunt-ex-93,sv6pt5-93,560404,singles
2026-08-23T17:19:56+02:00,,1250,burari,burari,SFA 94,94,780989,64,99,SFA,Pokémon,pokemon,11,https://images.tcggo.com/tcggo/storage/1434/shrouded-fable-logo.png,Shrouded Fable,EUR,567.12,EUR,760.02,2024-08-02,1,Scarlet & Violet,scarlet-violet,shrouded-fable,0,1523,https://images.tcggo.com/tcggo/storage/1529/cassiopeia-sfa-94-shrouded-fable-pokemon.png,https://www.tcggo.com/external/cm/1523,https://www.tcggo.com/external/tcgplayer/1523,Cassiopeia,Cassiopeia 94,30.61,48.22,335,EUR,,,,,,135,,45,25.25,19,19,29.75,29.75,25.25,25,25,17,17,USD,,,,,,,,,,,,,71.75,2,,,,,34.99,3,,,,,,,EUR,37.22,35.63,Special Illustration Rare,cassiopeia,Trainer,https://www.tcggo.com/pokemon/shrouded-fable/cassiopeia-94,sv6pt5-94,560405,singles
2026-08-23T17:19:56+02:00,,371,aky CG Works,aky-cg-works,SFA 95,95,780990,64,99,SFA,Pokémon,pokemon,11,https://images.tcggo.com/tcggo/storage/1434/shrouded-fable-logo.png,Shrouded Fable,EUR,567.12,EUR,760.02,2024-08-02,1,Scarlet & Violet,scarlet-violet,shrouded-fable,190,1524,https://images.tcggo.com/tcggo/storage/1530/pecharunt-ex-sfa-95-shrouded-fable-pokemon.png,https://www.tcggo.com/external/cm/1524,https://www.tcggo.com/external/tcgplayer/1524,Pecharunt ex,Pecharunt ex 95,30.46,32.69,153,EUR,,,,,,119,,,27,21.99,21.99,26.9,26.9,27,50,50,25,25,USD,,,,,,,,,33.89,2,,,,,,,,,,,,,,,,,EUR,19.05,17.09,Hyper Rare,pecharunt-ex,Pokémon,https://www.tcggo.com/pokemon/shrouded-fable/pecharunt-ex-95,sv6pt5-95,560406,singles
2026-08-23T17:19:56+02:00,,453,AYUMI ODASHIMA,ayumi-odashima,SFA 96,96,780991,64,99,SFA,Pokémon,pokemon,11,https://images.tcggo.com/tcggo/storage/1434/shrouded-fable-logo.png,Shrouded Fable,EUR,567.12,EUR,760.02,2024-08-02,1,Scarlet & Violet,scarlet-violet,shrouded-fable,0,1525,https://images.tcggo.com/tcggo/storage/1531/earthen-vessel-sfa-96-shrouded-fable-pokemon.png,https://www.tcggo.com/external/cm/1525,https://www.tcggo.com/external/tcgplayer/1525,Earthen Vessel,Earthen Vessel 96,21.69,21.78,233,EUR,[],,,,,,,,20,14.99,14.99,26,26,20,34,34,17,17,USD,,,,,,,,,,,,,62.29,4,,,,,26.08,1,,,,,,,EUR,15.4,26.62,Hyper Rare,earthen-vessel,Trainer,https://www.tcggo.com/pokemon/shrouded-fable/earthen-vessel-96,sv6pt5-96,560407,singles
2026-08-23T17:19:56+02:00,,461,Studio Bora Inc.,studio-bora-inc,SFA 97,97,780992,64,99,SFA,Pokémon,pokemon,11,https://images.tcggo.com/tcggo/storage/1434/shrouded-fable-logo.png,Shrouded Fable,EUR,567.12,EUR,760.02,2024-08-02,1,Scarlet & Violet,scarlet-violet,shrouded-fable,0,1526,https://images.tcggo.com/tcggo/storage/1532/powerglass-sfa-97-shrouded-fable-pokemon.png,https://www.tcggo.com/external/cm/1526,https://www.tcggo.com/external/tcgplayer/1526,Powerglass,Powerglass 97,24.17,26.72,146,EUR,,,,90,,,,,24,17,17,23.99,23.99,24,35,35,26,26,,,,,,,,,,,,,,,,,,,,,,,,,,,,EUR,18.41,21.11,Hyper Rare,powerglass,Trainer,https://www.tcggo.com/pokemon/shrouded-fable/powerglass-97,sv6pt5-97,560408,singles
2026-08-23T17:19:56+02:00,,,,,SFA 98,98,780993,64,99,SFA,Pokémon,pokemon,11,https://images.tcggo.com/tcggo/storage/1434/shrouded-fable-logo.png,Shrouded Fable,EUR,567.12,EUR,760.02,2024-08-02,1,Scarlet & Violet,scarlet-violet,shrouded-fable,0,1527,https://images.tcggo.com/tcggo/storage/1533/basic-darkness-energy-sfa-98-shrouded-fable-pokemon.png,https://www.tcggo.com/external/cm/1527,https://www.tcggo.com/external/tcgplayer/1527,Basic Darkness Energy,Basic Darkness Energy 98,42.15,38.9,94,EUR,[],,,,,,,,55,34,34,40,40,55,45,45,37.49,37.49,USD,,,,,,,,,25.36,1,,,,,,,,,,,,,,,,,EUR,50.59,46.17,Hyper Rare,basic-darkness-energy,Energy,https://www.tcggo.com/pokemon/shrouded-fable/basic-darkness-energy-98,sv6pt5-98,560409,singles
2026-08-23T17:19:56+02:00,,,,,SFA 99,99,780994,64,99,SFA,Pokémon,pokemon,11,https://images.tcggo.com/tcggo/storage/1434/shrouded-fable-logo.png,Shrouded Fable,EUR,567.12,EUR,760.02,2024-08-02,1,Scarlet & Violet,scarlet-violet,shrouded-fable,0,1528,https://images.tcggo.com/tcggo/storage/1534/basic-metal-energy-sfa-99-shrouded-fable-pokemon.png,https://www.tcggo.com/external/cm/1528,https://www.tcggo.com/external/tcgplayer/1528,Basic Metal Energy,Basic Metal Energy 99,31.28,28.24,132,EUR,[],,,,,,,,31.99,27.5,27.5,27,27,31.99,36.5,36.5,21,21,USD,,,,,,,,,,,,,,,,,,,17.04,1,,,,,,,EUR,29.01,26.12,Hyper Rare,basic-metal-energy,Energy,https://www.tcggo.com/pokemon/shrouded-fable/basic-metal-energy-99,sv6pt5-99,560410,singles
