captured_at,artist,artist.id,artist.name,artist.slug,card_code_number,card_number,cardmarket_id,episode.cards_printed_total,episode.cards_total,episode.code,episode.game.name,episode.game.slug,episode.id,episode.logo,episode.name,episode.prices.cardmarket.currency,episode.prices.cardmarket.total,episode.prices.tcgplayer.currency,episode.prices.tcgplayer.total,episode.released_at,episode.series.id,episode.series.name,episode.series.slug,episode.slug,hp,id,image,links.cardmarket,links.tcgplayer,name,name_numbered,prices.cardmarket.30d_average,prices.cardmarket.7d_average,prices.cardmarket.available_items,prices.cardmarket.currency,prices.cardmarket.graded,prices.cardmarket.lowest_near_mint,prices.cardmarket.lowest_near_mint_DE,prices.cardmarket.lowest_near_mint_DE_EU_only,prices.cardmarket.lowest_near_mint_ES,prices.cardmarket.lowest_near_mint_ES_EU_only,prices.cardmarket.lowest_near_mint_EU_only,prices.cardmarket.lowest_near_mint_FR,prices.cardmarket.lowest_near_mint_FR_EU_only,prices.cardmarket.lowest_near_mint_IT,prices.cardmarket.lowest_near_mint_IT_EU_only,prices.ebay.currency,prices.ebay.graded.ace.10.median_price,prices.ebay.graded.ace.10.sample_size,prices.ebay.graded.ace.8.median_price,prices.ebay.graded.ace.8.sample_size,prices.ebay.graded.ace.9.median_price,prices.ebay.graded.ace.9.sample_size,prices.ebay.graded.bgs.10.median_price,prices.ebay.graded.bgs.10.sample_size,prices.ebay.graded.bgs.9.median_price,prices.ebay.graded.bgs.9.sample_size,prices.ebay.graded.cgc.10.median_price,prices.ebay.graded.cgc.10.sample_size,prices.ebay.graded.cgc.9.median_price,prices.ebay.graded.cgc.9.sample_size,prices.ebay.graded.psa.10.median_price,prices.ebay.graded.psa.10.sample_size,prices.ebay.graded.psa.8.median_price,prices.ebay.graded.psa.8.sample_size,prices.ebay.graded.psa.9.median_price,prices.ebay.graded.psa.9.sample_size,prices.ebay.graded.tag.10.median_price,prices.ebay.graded.tag.10.sample_size,prices.ebay.graded.tag.9.median_price,prices.ebay.graded.tag.9.sample_size,prices.tcg_player.currency,prices.tcg_player.market_price,rarity,slug,supertype,tcggo_url,tcgid,tcgplayer_id,type
2026-08-23T17:06:43+02:00,,381,sowsow,sowsow,CRI 1,1,886393,86,122,CRI,Pokémon,pokemon,413,https://images.tcggo.com/tcggo/storage/33952/Chaos-Rising.logo.431.webp,Chaos Rising,EUR,616.08,EUR,583.99,2026-05-22,17,Mega Evolution,mega-evolution,chaos-rising,,35028,https://images.tcggo.com/tcggo/storage/35851/weedle.webp,https://www.tcggo.com/external/cm/35028,https://www.tcggo.com/external/tcgplayer/35028,Weedle,Weedle 1,0.04,0.03,12037,EUR,[],0.02,0.02,0.02,0.02,0.02,0.02,0.02,0.02,0.02,0.02,,,,,,,,,,,,,,,,,,,,,,,,,,EUR,0.17,Common,weedle,,https://www.tcggo.com/pokemon/chaos-rising/weedle-1-7,CRI-1,693561,singles
2026-08-23T17:06:43+02:00,,451,Mugi Hamada,mugi-hamada,CRI 2,2,886394,86,122,CRI,Pokémon,pokemon,413,https://images.tcggo.com/tcggo/storage/33952/Chaos-Rising.logo.431.webp,Chaos Rising,EUR,616.08,EUR,583.99,2026-05-22,17,Mega Evolution,mega-evolution,chaos-rising,,35029,https://images.tcggo.com/tcggo/storage/35852/kakuna.webp,https://www.tcggo.com/external/cm/35029,https://www.tcggo.com/external/tcgplayer/35029,Kakuna,Kakuna 2,0.05,0.03,8526,EUR,[],0.02,0.02,0.02,0.02,0.02,0.02,0.02,0.02,0.02,0.02,,,,,,,,,,,,,,,,,,,,,,,,,,EUR,0.23,Common,kakuna,,https://www.tcggo.com/pokemon/chaos-rising/kakuna-2-5,CRI-2,693502,singles
2026-08-23T17:06:43+02:00,,369,toriyufu,toriyufu,CRI 3,3,886395,86,122,CRI,Pokémon,pokemon,413,https://images.tcggo.com/tcggo/storage/33952/Chaos-Rising.logo.431.webp,Chaos Rising,EUR,616.08,EUR,583.99,2026-05-22,17,Mega Evolution,mega-evolution,chaos-rising,,35030,https://images.tcggo.com/tcggo/storage/35853/beedrill-ex.webp,https://www.tcggo.com/external/cm/35030,https://www.tcggo.com/external/tcgplayer/35030,Beedrill ex,Beedrill ex 3,0.71,0.77,1743,EUR,[],0.1,0.3,0.3,0.45,0.45,0.15,0.09,0.09,0.1,0.1,,,,,,,,,,,,,,,,,,,,,,,,,,EUR,0.62,Double Rare,beedrill-ex,,https://www.tcggo.com/pokemon/chaos-rising/beedrill-ex-3,CRI-3,693453,singles
2026-08-23T17:06:43+02:00,,782,Heisuke Kitazawa,heisuke-kitazawa,CRI 4,4,886396,86,122,CRI,Pokémon,pokemon,413,https://images.tcggo.com/tcggo/storage/33952/Chaos-Rising.logo.431.webp,Chaos Rising,EUR,616.08,EUR,583.99,2026-05-22,17,Mega Evolution,mega-evolution,chaos-rising,,35031,https://images.tcggo.com/tcggo/storage/35854/carnivine.webp,https://www.tcggo.com/external/cm/35031,https://www.tcggo.com/external/tcgplayer/35031,Carnivine,Carnivine 4,0.02,0.02,13834,EUR,[],0.03,0.02,0.02,0.02,0.02,0.02,0.02,0.02,0.02,0.02,,,,,,,,,,,,,,,,,,,,,,,,,,EUR,0.15,Common,carnivine,,https://www.tcggo.com/pokemon/chaos-rising/carnivine-4,CRI-4,693459,singles
2026-08-23T17:06:43+02:00,,1242,HACCAN,haccan,CRI 5,5,886397,86,122,CRI,Pokémon,pokemon,413,https://images.tcggo.com/tcggo/storage/33952/Chaos-Rising.logo.431.webp,Chaos Rising,EUR,616.08,EUR,583.99,2026-05-22,17,Mega Evolution,mega-evolution,chaos-rising,,35032,https://images.tcggo.com/tcggo/storage/35855/chespin.webp,https://www.tcggo.com/external/cm/35032,https://www.tcggo.com/external/tcgplayer/35032,Chespin,Chespin 5,0.03,0.02,13101,EUR,[],0.02,0.02,0.02,0.02,0.02,0.02,0.02,0.02,0.02,0.02,,,,,,,,,,,,,,,,,,,,,,,,,,EUR,0.15,Common,chespin,,https://www.tcggo.com/pokemon/chaos-rising/chespin-5,CRI-5,693461,singles
2026-08-23T17:06:43+02:00,,456,Hideki Ishikawa,hideki-ishikawa,CRI 6,6,886398,86,122,CRI,Pokémon,pokemon,413,https://images.tcggo.com/tcggo/storage/33952/Chaos-Rising.logo.431.webp,Chaos Rising,EUR,616.08,EUR,583.99,2026-05-22,17,Mega Evolution,mega-evolution,chaos-rising,,35033,https://images.tcggo.com/tcggo/storage/35856/quilladin.webp,https://www.tcggo.com/external/cm/35033,https://www.tcggo.com/external/tcgplayer/35033,Quilladin,Quilladin 6,0.03,0.03,9556,EUR,[],0.02,0.02,0.02,0.02,0.02,0.02,0.02,0.02,0.02,0.02,,,,,,,,,,,,,,,,,,,,,,,,,,EUR,0.21,Common,quilladin,,https://www.tcggo.com/pokemon/chaos-rising/quilladin-6,CRI-6,693537,singles
2026-08-23T17:06:43+02:00,,428,Uta,uta,CRI 7,7,886399,86,122,CRI,Pokémon,pokemon,413,https://images.tcggo.com/tcggo/storage/33952/Chaos-Rising.logo.431.webp,Chaos Rising,EUR,616.08,EUR,583.99,2026-05-22,17,Mega Evolution,mega-evolution,chaos-rising,,35034,https://images.tcggo.com/tcggo/storage/35857/chesnaught.webp,https://www.tcggo.com/external/cm/35034,https://www.tcggo.com/external/tcgplayer/35034,Chesnaught,Chesnaught 7,0.06,0.07,8066,EUR,[],0.02,0.02,0.02,0.02,0.02,0.02,0.02,0.02,0.02,0.02,,,,,,,,,,,,,,,,,,,,,,,,,,EUR,0.16,rare,chesnaught,,https://www.tcggo.com/pokemon/chaos-rising/chesnaught-7,CRI-7,693460,singles
2026-08-23T17:06:43+02:00,,1068,Yoshimoto Yoshimon,yoshimoto-yoshimon,CRI 8,8,886400,86,122,CRI,Pokémon,pokemon,413,https://images.tcggo.com/tcggo/storage/33952/Chaos-Rising.logo.431.webp,Chaos Rising,EUR,616.08,EUR,583.99,2026-05-22,17,Mega Evolution,mega-evolution,chaos-rising,,35035,https://images.tcggo.com/tcggo/storage/35858/vulpix.webp,https://www.tcggo.com/external/cm/35035,https://www.tcggo.com/external/tcgplayer/35035,Vulpix,Vulpix 8,0.03,0.03,9557,EUR,[],0.02,0.02,0.02,0.02,0.02,0.02,0.02,0.02,0.02,0.02,,,,,,,,,,,,,,,,,,,,,,,,,,EUR,0.2,Common,vulpix,,https://www.tcggo.com/pokemon/chaos-rising/vulpix-8,CRI-8,693558,singles
2026-08-23T17:06:43+02:00,,518,Ryuta Fuse,ryuta-fuse,CRI 9,9,886401,86,122,CRI,Pokémon,pokemon,413,https://images.tcggo.com/tcggo/storage/33952/Chaos-Rising.logo.431.webp,Chaos Rising,EUR,616.08,EUR,583.99,2026-05-22,17,Mega Evolution,mega-evolution,chaos-rising,,35036,https://images.tcggo.com/tcggo/storage/35859/ninetales.webp,https://www.tcggo.com/external/cm/35036,https://www.tcggo.com/external/tcgplayer/35036,Ninetales,Ninetales 9,0.03,0.02,11854,EUR,[],0.02,0.02,0.02,0.02,0.02,0.02,0.02,0.02,0.02,0.02,,,,,,,,,,,,,,,,,,,,,,,,,,EUR,0.2,Uncommon,ninetales,,https://www.tcggo.com/pokemon/chaos-rising/ninetales-9,CRI-9,693526,singles
2026-08-23T17:06:43+02:00,,388,Takumi Wada,takumi-wada,CRI 10,10,886402,86,122,CRI,Pokémon,pokemon,413,https://images.tcggo.com/tcggo/storage/33952/Chaos-Rising.logo.431.webp,Chaos Rising,EUR,616.08,EUR,583.99,2026-05-22,17,Mega Evolution,mega-evolution,chaos-rising,,35037,https://images.tcggo.com/tcggo/storage/35860/ho-oh.webp,https://www.tcggo.com/external/cm/35037,https://www.tcggo.com/external/tcgplayer/35037,Ho-Oh,Ho-Oh 10,0.06,0.05,7754,EUR,[],0.02,0.02,0.02,0.02,0.02,0.02,0.02,0.02,0.02,0.02,,,,,,,,,,,,,,,,,,,,,,,,,,EUR,0.21,rare,ho-oh,,https://www.tcggo.com/pokemon/chaos-rising/ho-oh-10-1,CRI-10,693500,singles
2026-08-23T17:06:43+02:00,,391,saino misaki,saino-misaki,CRI 11,11,886403,86,122,CRI,Pokémon,pokemon,413,https://images.tcggo.com/tcggo/storage/33952/Chaos-Rising.logo.431.webp,Chaos Rising,EUR,616.08,EUR,583.99,2026-05-22,17,Mega Evolution,mega-evolution,chaos-rising,,35038,https://images.tcggo.com/tcggo/storage/35861/fennekin.webp,https://www.tcggo.com/external/cm/35038,https://www.tcggo.com/external/tcgplayer/35038,Fennekin,Fennekin 11,0.04,0.03,16598,EUR,[],0.02,0.02,0.02,0.02,0.02,0.02,0.02,0.02,0.02,0.02,,,,,,,,,,,,,,,,,,,,,,,,,,EUR,0.15,Common,fennekin,,https://www.tcggo.com/pokemon/chaos-rising/fennekin-11-1,CRI-11,693484,singles
2026-08-23T17:06:43+02:00,,480,Taiga Kasai,taiga-kasai,CRI 12,12,886404,86,122,CRI,Pokémon,pokemon,413,https://images.tcggo.com/tcggo/storage/33952/Chaos-Rising.logo.431.webp,Chaos Rising,EUR,616.08,EUR,583.99,2026-05-22,17,Mega Evolution,mega-evolution,chaos-rising,,35039,https://images.tcggo.com/tcggo/storage/35862/braixen.webp,https://www.tcggo.com/external/cm/35039,https://www.tcggo.com/external/tcgplayer/35039,Braixen,Braixen 12,0.04,0.03,11888,EUR,[],0.02,0.02,0.02,0.02,0.02,0.02,0.02,0.02,0.02,0.02,,,,,,,,,,,,,,,,,,,,,,,,,,EUR,0.19,Common,braixen,,https://www.tcggo.com/pokemon/chaos-rising/braixen-12-1,CRI-12,693457,singles
2026-08-23T17:06:43+02:00,,396,Gemi,gemi,CRI 13,13,886405,86,122,CRI,Pokémon,pokemon,413,https://images.tcggo.com/tcggo/storage/33952/Chaos-Rising.logo.431.webp,Chaos Rising,EUR,616.08,EUR,583.99,2026-05-22,17,Mega Evolution,mega-evolution,chaos-rising,,35040,https://images.tcggo.com/tcggo/storage/35863/delphox.webp,https://www.tcggo.com/external/cm/35040,https://www.tcggo.com/external/tcgplayer/35040,Delphox,Delphox 13,0.07,0.08,7794,EUR,[],0.03,0.02,0.02,0.02,0.02,0.02,0.02,0.02,0.02,0.02,,,,,,,,,,,,,,,,,,,,,,,,,,EUR,0.21,rare,delphox,,https://www.tcggo.com/pokemon/chaos-rising/delphox-13-1,CRI-13,693473,singles
2026-08-23T17:06:43+02:00,,416,Mina Nakai,mina-nakai,CRI 14,14,886406,86,122,CRI,Pokémon,pokemon,413,https://images.tcggo.com/tcggo/storage/33952/Chaos-Rising.logo.431.webp,Chaos Rising,EUR,616.08,EUR,583.99,2026-05-22,17,Mega Evolution,mega-evolution,chaos-rising,,35041,https://images.tcggo.com/tcggo/storage/35864/litleo.webp,https://www.tcggo.com/external/cm/35041,https://www.tcggo.com/external/tcgplayer/35041,Litleo,Litleo 14,0.02,0.02,13357,EUR,[],0.02,0.02,0.02,0.02,0.02,0.02,0.02,0.02,0.02,0.02,,,,,,,,,,,,,,,,,,,,,,,,,,EUR,0.15,Common,litleo,,https://www.tcggo.com/pokemon/chaos-rising/litleo-14,CRI-14,693505,singles
2026-08-23T17:06:43+02:00,,1192,Keisuke Azuma,keisuke-azuma,CRI 15,15,886407,86,122,CRI,Pokémon,pokemon,413,https://images.tcggo.com/tcggo/storage/33952/Chaos-Rising.logo.431.webp,Chaos Rising,EUR,616.08,EUR,583.99,2026-05-22,17,Mega Evolution,mega-evolution,chaos-rising,,35042,https://images.tcggo.com/tcggo/storage/35865/mega-pyroar-ex.webp,https://www.tcggo.com/external/cm/35042,https://www.tcggo.com/external/tcgplayer/35042,Mega Pyroar ex,Mega Pyroar ex 15,0.42,0.45,2519,EUR,[],0.02,0.06,0.06,0.1,0.1,0.02,0.08,0.08,0.05,0.05,,,,,,,,,,,,,,,,,,,,,,,,,,EUR,0.6,Double Rare,mega-pyroar-ex,,https://www.tcggo.com/pokemon/chaos-rising/mega-pyroar-ex-15,CRI-15,693519,singles
2026-08-23T17:06:43+02:00,,783,Mori Yuu,mori-yuu,CRI 16,16,886408,86,122,CRI,Pokémon,pokemon,413,https://images.tcggo.com/tcggo/storage/33952/Chaos-Rising.logo.431.webp,Chaos Rising,EUR,616.08,EUR,583.99,2026-05-22,17,Mega Evolution,mega-evolution,chaos-rising,,35043,https://images.tcggo.com/tcggo/storage/35866/remoraid.webp,https://www.tcggo.com/external/cm/35043,https://www.tcggo.com/external/tcgplayer/35043,Remoraid,Remoraid 16,0.02,0.02,10464,EUR,[],0.02,0.02,0.02,0.02,0.02,0.02,0.02,0.02,0.02,0.02,,,,,,,,,,,,,,,,,,,,,,,,,,EUR,0.15,Common,remoraid,,https://www.tcggo.com/pokemon/chaos-rising/remoraid-16,CRI-16,693539,singles
2026-08-23T17:06:43+02:00,,468,matazo,matazo,CRI 17,17,886409,86,122,CRI,Pokémon,pokemon,413,https://images.tcggo.com/tcggo/storage/33952/Chaos-Rising.logo.431.webp,Chaos Rising,EUR,616.08,EUR,583.99,2026-05-22,17,Mega Evolution,mega-evolution,chaos-rising,,35044,https://images.tcggo.com/tcggo/storage/35867/octillery.webp,https://www.tcggo.com/external/cm/35044,https://www.tcggo.com/external/tcgplayer/35044,Octillery,Octillery 17,0.02,0.02,9892,EUR,[],0.02,0.02,0.02,0.02,0.02,0.02,0.02,0.02,0.02,0.02,,,,,,,,,,,,,,,,,,,,,,,,,,EUR,0.17,Common,octillery,,https://www.tcggo.com/pokemon/chaos-rising/octillery-17,CRI-17,693528,singles
2026-08-23T17:06:43+02:00,,370,Saboteri,saboteri,CRI 18,18,886410,86,122,CRI,Pokémon,pokemon,413,https://images.tcggo.com/tcggo/storage/33952/Chaos-Rising.logo.431.webp,Chaos Rising,EUR,616.08,EUR,583.99,2026-05-22,17,Mega Evolution,mega-evolution,chaos-rising,,35045,https://images.tcggo.com/tcggo/storage/35868/delibird.webp,https://www.tcggo.com/external/cm/35045,https://www.tcggo.com/external/tcgplayer/35045,Delibird,Delibird 18,0.02,0.02,11823,EUR,[],0.02,0.02,0.02,0.02,0.02,0.02,0.02,0.02,0.02,0.02,,,,,,,,,,,,,,,,,,,,,,,,,,EUR,0.13,Uncommon,delibird,,https://www.tcggo.com/pokemon/chaos-rising/delibird-18,CRI-18,693472,singles
2026-08-23T17:06:43+02:00,,375,Mitsuhiro Arita,mitsuhiro-arita,CRI 19,19,886411,86,122,CRI,Pokémon,pokemon,413,https://images.tcggo.com/tcggo/storage/33952/Chaos-Rising.logo.431.webp,Chaos Rising,EUR,616.08,EUR,583.99,2026-05-22,17,Mega Evolution,mega-evolution,chaos-rising,,35046,https://images.tcggo.com/tcggo/storage/35869/keldeo.webp,https://www.tcggo.com/external/cm/35046,https://www.tcggo.com/external/tcgplayer/35046,Keldeo,Keldeo 19,0.04,0.04,8402,EUR,[],0.02,0.02,0.02,0.02,0.02,0.02,0.02,0.02,0.02,0.02,,,,,,,,,,,,,,,,,,,,,,,,,,EUR,0.2,rare,keldeo,,https://www.tcggo.com/pokemon/chaos-rising/keldeo-19,CRI-19,693503,singles
2026-08-23T17:06:43+02:00,,418,Kariya,kariya,CRI 20,20,886412,86,122,CRI,Pokémon,pokemon,413,https://images.tcggo.com/tcggo/storage/33952/Chaos-Rising.logo.431.webp,Chaos Rising,EUR,616.08,EUR,583.99,2026-05-22,17,Mega Evolution,mega-evolution,chaos-rising,,35047,https://images.tcggo.com/tcggo/storage/35870/froakie.webp,https://www.tcggo.com/external/cm/35047,https://www.tcggo.com/external/tcgplayer/35047,Froakie,Froakie 20,0.06,0.05,11307,EUR,[],0.02,0.02,0.02,0.02,0.02,0.02,0.02,0.02,0.02,0.02,,,,,,,,,,,,,,,,,,,,,,,,,,EUR,0.16,Common,froakie,,https://www.tcggo.com/pokemon/chaos-rising/froakie-20,CRI-20,693488,singles
2026-08-23T17:06:43+02:00,,494,Nelnal,nelnal,CRI 21,21,886413,86,122,CRI,Pokémon,pokemon,413,https://images.tcggo.com/tcggo/storage/33952/Chaos-Rising.logo.431.webp,Chaos Rising,EUR,616.08,EUR,583.99,2026-05-22,17,Mega Evolution,mega-evolution,chaos-rising,,35048,https://images.tcggo.com/tcggo/storage/35871/frogadier.webp,https://www.tcggo.com/external/cm/35048,https://www.tcggo.com/external/tcgplayer/35048,Frogadier,Frogadier 21,0.07,0.07,7917,EUR,[],0.02,0.02,0.02,0.02,0.02,0.02,0.02,0.02,0.02,0.02,,,,,,,,,,,,,,,,,,,,,,,,,,EUR,0.23,Common,frogadier,,https://www.tcggo.com/pokemon/chaos-rising/frogadier-21,CRI-21,693490,singles
2026-08-23T17:06:43+02:00,,490,takuyoa,takuyoa,CRI 22,22,886414,86,122,CRI,Pokémon,pokemon,413,https://images.tcggo.com/tcggo/storage/33952/Chaos-Rising.logo.431.webp,Chaos Rising,EUR,616.08,EUR,583.99,2026-05-22,17,Mega Evolution,mega-evolution,chaos-rising,,35049,https://images.tcggo.com/tcggo/storage/35872/mega-greninja-ex.webp,https://www.tcggo.com/external/cm/35049,https://www.tcggo.com/external/tcgplayer/35049,Mega Greninja ex,Mega Greninja ex 22,1.25,1.19,1956,EUR,[],0.4,0.45,0.45,1.15,1.15,0.4,0.4,0.4,0.5,0.5,,,,,,,,,,,,,,,,,,,,,,,,,,EUR,0.78,Double Rare,mega-greninja-ex,,https://www.tcggo.com/pokemon/chaos-rising/mega-greninja-ex-22,CRI-22,693515,singles
2026-08-23T17:06:43+02:00,,363,Anesaki Dynamic,anesaki-dynamic,CRI 23,23,886415,86,122,CRI,Pokémon,pokemon,413,https://images.tcggo.com/tcggo/storage/33952/Chaos-Rising.logo.431.webp,Chaos Rising,EUR,616.08,EUR,583.99,2026-05-22,17,Mega Evolution,mega-evolution,chaos-rising,,35050,https://images.tcggo.com/tcggo/storage/35873/bergmite.webp,https://www.tcggo.com/external/cm/35050,https://www.tcggo.com/external/tcgplayer/35050,Bergmite,Bergmite 23,0.03,0.03,13406,EUR,[],0.03,0.02,0.02,0.02,0.02,0.02,0.02,0.02,0.02,0.02,,,,,,,,,,,,,,,,,,,,,,,,,,EUR,0.18,Common,bergmite,,https://www.tcggo.com/pokemon/chaos-rising/bergmite-23,CRI-23,693456,singles
2026-08-23T17:06:43+02:00,,1243,Tomoki Sone,tomoki-sone,CRI 24,24,886416,86,122,CRI,Pokémon,pokemon,413,https://images.tcggo.com/tcggo/storage/33952/Chaos-Rising.logo.431.webp,Chaos Rising,EUR,616.08,EUR,583.99,2026-05-22,17,Mega Evolution,mega-evolution,chaos-rising,,35051,https://images.tcggo.com/tcggo/storage/35874/avalugg.webp,https://www.tcggo.com/external/cm/35051,https://www.tcggo.com/external/tcgplayer/35051,Avalugg,Avalugg 24,0.03,0.02,14614,EUR,[],0.03,0.02,0.02,0.02,0.02,0.02,0.02,0.02,0.02,0.02,,,,,,,,,,,,,,,,,,,,,,,,,,EUR,0.18,Uncommon,avalugg,,https://www.tcggo.com/pokemon/chaos-rising/avalugg-24,CRI-24,693448,singles
2026-08-23T17:06:43+02:00,,507,0313,0313,CRI 25,25,886417,86,122,CRI,Pokémon,pokemon,413,https://images.tcggo.com/tcggo/storage/33952/Chaos-Rising.logo.431.webp,Chaos Rising,EUR,616.08,EUR,583.99,2026-05-22,17,Mega Evolution,mega-evolution,chaos-rising,,35052,https://images.tcggo.com/tcggo/storage/35875/wimpod.webp,https://www.tcggo.com/external/cm/35052,https://www.tcggo.com/external/tcgplayer/35052,Wimpod,Wimpod 25,0.04,0.02,11032,EUR,[],0.02,0.02,0.02,0.02,0.02,0.02,0.02,0.02,0.02,0.02,,,,,,,,,,,,,,,,,,,,,,,,,,EUR,0.11,Common,wimpod,,https://www.tcggo.com/pokemon/chaos-rising/wimpod-25-1,CRI-25,693562,singles
2026-08-23T17:06:43+02:00,,436,Takeshi Nakamura,takeshi-nakamura,CRI 26,26,886418,86,122,CRI,Pokémon,pokemon,413,https://images.tcggo.com/tcggo/storage/33952/Chaos-Rising.logo.431.webp,Chaos Rising,EUR,616.08,EUR,583.99,2026-05-22,17,Mega Evolution,mega-evolution,chaos-rising,,35053,https://images.tcggo.com/tcggo/storage/35876/golisopod.webp,https://www.tcggo.com/external/cm/35053,https://www.tcggo.com/external/tcgplayer/35053,Golisopod,Golisopod 26,0.02,0.02,11870,EUR,[],0.02,0.02,0.02,0.02,0.02,0.02,0.02,0.02,0.02,0.02,,,,,,,,,,,,,,,,,,,,,,,,,,EUR,0.16,Uncommon,golisopod,,https://www.tcggo.com/pokemon/chaos-rising/golisopod-26-1,CRI-26,693494,singles
2026-08-23T17:06:43+02:00,,1244,UKUMO uiti,ukumo-uiti,CRI 27,27,886419,86,122,CRI,Pokémon,pokemon,413,https://images.tcggo.com/tcggo/storage/33952/Chaos-Rising.logo.431.webp,Chaos Rising,EUR,616.08,EUR,583.99,2026-05-22,17,Mega Evolution,mega-evolution,chaos-rising,,35054,https://images.tcggo.com/tcggo/storage/35877/mareep.webp,https://www.tcggo.com/external/cm/35054,https://www.tcggo.com/external/tcgplayer/35054,Mareep,Mareep 27,0.03,0.04,13909,EUR,[],0.02,0.02,0.02,0.02,0.02,0.02,0.02,0.02,0.02,0.02,,,,,,,,,,,,,,,,,,,,,,,,,,EUR,0.14,Common,mareep,,https://www.tcggo.com/pokemon/chaos-rising/mareep-27,CRI-27,693507,singles
2026-08-23T17:06:43+02:00,,449,miki kudo,miki-kudo,CRI 28,28,886420,86,122,CRI,Pokémon,pokemon,413,https://images.tcggo.com/tcggo/storage/33952/Chaos-Rising.logo.431.webp,Chaos Rising,EUR,616.08,EUR,583.99,2026-05-22,17,Mega Evolution,mega-evolution,chaos-rising,,35055,https://images.tcggo.com/tcggo/storage/35878/flaaffy.webp,https://www.tcggo.com/external/cm/35055,https://www.tcggo.com/external/tcgplayer/35055,Flaaffy,Flaaffy 28,0.03,0.03,12432,EUR,[],0.03,0.02,0.02,0.02,0.02,0.02,0.02,0.02,0.02,0.02,,,,,,,,,,,,,,,,,,,,,,,,,,EUR,0.17,Common,flaaffy,,https://www.tcggo.com/pokemon/chaos-rising/flaaffy-28-1,CRI-28,693487,singles
2026-08-23T17:06:43+02:00,,1071,CHORISO,choriso,CRI 29,29,886421,86,122,CRI,Pokémon,pokemon,413,https://images.tcggo.com/tcggo/storage/33952/Chaos-Rising.logo.431.webp,Chaos Rising,EUR,616.08,EUR,583.99,2026-05-22,17,Mega Evolution,mega-evolution,chaos-rising,,35056,https://images.tcggo.com/tcggo/storage/35879/ampharos.webp,https://www.tcggo.com/external/cm/35056,https://www.tcggo.com/external/tcgplayer/35056,Ampharos,Ampharos 29,0.05,0.06,8078,EUR,[],0.03,0.02,0.02,0.02,0.02,0.02,0.02,0.02,0.02,0.02,,,,,,,,,,,,,,,,,,,,,,,,,,EUR,0.24,rare,ampharos,,https://www.tcggo.com/pokemon/chaos-rising/ampharos-29,CRI-29,693445,singles
2026-08-23T17:06:43+02:00,,439,Kazumasa Yasukuni,kazumasa-yasukuni,CRI 30,30,886422,86,122,CRI,Pokémon,pokemon,413,https://images.tcggo.com/tcggo/storage/33952/Chaos-Rising.logo.431.webp,Chaos Rising,EUR,616.08,EUR,583.99,2026-05-22,17,Mega Evolution,mega-evolution,chaos-rising,,35057,https://images.tcggo.com/tcggo/storage/35880/emolga.webp,https://www.tcggo.com/external/cm/35057,https://www.tcggo.com/external/tcgplayer/35057,Emolga,Emolga 30,0.02,0.03,10023,EUR,[],0.02,0.02,0.02,0.02,0.02,0.02,0.02,0.02,0.02,0.02,,,,,,,,,,,,,,,,,,,,,,,,,,EUR,0.26,Common,emolga,,https://www.tcggo.com/pokemon/chaos-rising/emolga-30,CRI-30,693481,singles
2026-08-23T17:06:43+02:00,,443,Shiburingaru,shiburingaru,CRI 31,31,886423,86,122,CRI,Pokémon,pokemon,413,https://images.tcggo.com/tcggo/storage/33952/Chaos-Rising.logo.431.webp,Chaos Rising,EUR,616.08,EUR,583.99,2026-05-22,17,Mega Evolution,mega-evolution,chaos-rising,,35058,https://images.tcggo.com/tcggo/storage/35881/deoxys.webp,https://www.tcggo.com/external/cm/35058,https://www.tcggo.com/external/tcgplayer/35058,Deoxys,Deoxys 31,0.03,0.03,14228,EUR,[],0.03,0.02,0.02,0.02,0.02,0.02,0.02,0.02,0.02,0.02,,,,,,,,,,,,,,,,,,,,,,,,,,EUR,0.22,Uncommon,deoxys,,https://www.tcggo.com/pokemon/chaos-rising/deoxys-31,CRI-31,693474,singles
2026-08-23T17:06:43+02:00,,405,nagimiso,nagimiso,CRI 32,32,886424,86,122,CRI,Pokémon,pokemon,413,https://images.tcggo.com/tcggo/storage/33952/Chaos-Rising.logo.431.webp,Chaos Rising,EUR,616.08,EUR,583.99,2026-05-22,17,Mega Evolution,mega-evolution,chaos-rising,,35059,https://images.tcggo.com/tcggo/storage/35882/deoxys.webp,https://www.tcggo.com/external/cm/35059,https://www.tcggo.com/external/tcgplayer/35059,Deoxys,Deoxys 32,0.03,0.03,11515,EUR,[],0.02,0.02,0.02,0.02,0.02,0.02,0.02,0.02,0.02,0.02,,,,,,,,,,,,,,,,,,,,,,,,,,EUR,0.27,Uncommon,deoxys,,https://www.tcggo.com/pokemon/chaos-rising/deoxys-32,CRI-32,693475,singles
2026-08-23T17:06:43+02:00,,373,GOSSAN,gossan,CRI 33,33,886425,86,122,CRI,Pokémon,pokemon,413,https://images.tcggo.com/tcggo/storage/33952/Chaos-Rising.logo.431.webp,Chaos Rising,EUR,616.08,EUR,583.99,2026-05-22,17,Mega Evolution,mega-evolution,chaos-rising,,35060,https://images.tcggo.com/tcggo/storage/35883/deoxys.webp,https://www.tcggo.com/external/cm/35060,https://www.tcggo.com/external/tcgplayer/35060,Deoxys,Deoxys 33,0.03,0.03,14468,EUR,[],0.03,0.02,0.02,0.02,0.02,0.02,0.02,0.02,0.02,0.02,,,,,,,,,,,,,,,,,,,,,,,,,,EUR,0.21,Uncommon,deoxys,,https://www.tcggo.com/pokemon/chaos-rising/deoxys-33-1,CRI-33,693476,singles
2026-08-23T17:06:43+02:00,,462,hncl,hncl,CRI 34,34,886426,86,122,CRI,Pokémon,pokemon,413,https://images.tcggo.com/tcggo/storage/33952/Chaos-Rising.logo.431.webp,Chaos Rising,EUR,616.08,EUR,583.99,2026-05-22,17,Mega Evolution,mega-evolution,chaos-rising,,35061,https://images.tcggo.com/tcggo/storage/35884/deoxys.webp,https://www.tcggo.com/external/cm/35061,https://www.tcggo.com/external/tcgplayer/35061,Deoxys,Deoxys 34,0.02,0.02,11497,EUR,[],0.02,0.02,0.02,0.02,0.02,0.02,0.02,0.02,0.02,0.02,,,,,,,,,,,,,,,,,,,,,,,,,,EUR,0.21,Uncommon,deoxys,,https://www.tcggo.com/pokemon/chaos-rising/deoxys-34,CRI-34,693477,singles
2026-08-23T17:06:43+02:00,,371,aky CG Works,aky-cg-works,CRI 35,35,886427,86,122,CRI,Pokémon,pokemon,413,https://images.tcggo.com/tcggo/storage/33952/Chaos-Rising.logo.431.webp,Chaos Rising,EUR,616.08,EUR,583.99,2026-05-22,17,Mega Evolution,mega-evolution,chaos-rising,,35062,https://images.tcggo.com/tcggo/storage/35885/mega-floette-ex.webp,https://www.tcggo.com/external/cm/35062,https://www.tcggo.com/external/tcgplayer/35062,Mega Floette ex,Mega Floette ex 35,0.5,0.49,2005,EUR,[],0.05,0.13,0.13,0.2,0.2,0.1,0.2,0.2,0.1,0.1,,,,,,,,,,,,,,,,,,,,,,,,,,EUR,0.64,Double Rare,mega-floette-ex,,https://www.tcggo.com/pokemon/chaos-rising/mega-floette-ex-35,CRI-35,693511,singles
2026-08-23T17:06:43+02:00,,381,sowsow,sowsow,CRI 36,36,886428,86,122,CRI,Pokémon,pokemon,413,https://images.tcggo.com/tcggo/storage/33952/Chaos-Rising.logo.431.webp,Chaos Rising,EUR,616.08,EUR,583.99,2026-05-22,17,Mega Evolution,mega-evolution,chaos-rising,,35063,https://images.tcggo.com/tcggo/storage/35886/espurr.webp,https://www.tcggo.com/external/cm/35063,https://www.tcggo.com/external/tcgplayer/35063,Espurr,Espurr 36,0.03,0.03,12151,EUR,[],0.03,0.02,0.02,0.02,0.02,0.02,0.02,0.02,0.02,0.02,,,,,,,,,,,,,,,,,,,,,,,,,,EUR,0.2,Common,espurr,,https://www.tcggo.com/pokemon/chaos-rising/espurr-36,CRI-36,693483,singles
2026-08-23T17:06:43+02:00,,423,mingo,mingo,CRI 37,37,886429,86,122,CRI,Pokémon,pokemon,413,https://images.tcggo.com/tcggo/storage/33952/Chaos-Rising.logo.431.webp,Chaos Rising,EUR,616.08,EUR,583.99,2026-05-22,17,Mega Evolution,mega-evolution,chaos-rising,,35064,https://images.tcggo.com/tcggo/storage/35887/meowstic.webp,https://www.tcggo.com/external/cm/35064,https://www.tcggo.com/external/tcgplayer/35064,Meowstic,Meowstic 37,0.03,0.03,14709,EUR,[],0.03,0.02,0.02,0.02,0.02,0.02,0.02,0.02,0.02,0.02,,,,,,,,,,,,,,,,,,,,,,,,,,EUR,0.23,Uncommon,meowstic,,https://www.tcggo.com/pokemon/chaos-rising/meowstic-37,CRI-37,693521,singles
2026-08-23T17:06:43+02:00,,480,Taiga Kasai,taiga-kasai,CRI 38,38,886430,86,122,CRI,Pokémon,pokemon,413,https://images.tcggo.com/tcggo/storage/33952/Chaos-Rising.logo.431.webp,Chaos Rising,EUR,616.08,EUR,583.99,2026-05-22,17,Mega Evolution,mega-evolution,chaos-rising,,35065,https://images.tcggo.com/tcggo/storage/35888/phantump.webp,https://www.tcggo.com/external/cm/35065,https://www.tcggo.com/external/tcgplayer/35065,Phantump,Phantump 38,0.02,0.02,9392,EUR,[],0.02,0.02,0.02,0.02,0.02,0.02,0.02,0.02,0.02,0.02,,,,,,,,,,,,,,,,,,,,,,,,,,EUR,0.15,Common,phantump,,https://www.tcggo.com/pokemon/chaos-rising/phantump-38,CRI-38,693531,singles
2026-08-23T17:06:43+02:00,,419,Uninori,uninori,CRI 39,39,886431,86,122,CRI,Pokémon,pokemon,413,https://images.tcggo.com/tcggo/storage/33952/Chaos-Rising.logo.431.webp,Chaos Rising,EUR,616.08,EUR,583.99,2026-05-22,17,Mega Evolution,mega-evolution,chaos-rising,,35066,https://images.tcggo.com/tcggo/storage/35889/trevenant.webp,https://www.tcggo.com/external/cm/35066,https://www.tcggo.com/external/tcgplayer/35066,Trevenant,Trevenant 39,0.04,0.04,8385,EUR,[],0.03,0.02,0.02,0.02,0.02,0.02,0.02,0.02,0.02,0.02,,,,,,,,,,,,,,,,,,,,,,,,,,EUR,0.16,rare,trevenant,,https://www.tcggo.com/pokemon/chaos-rising/trevenant-39,CRI-39,693556,singles
2026-08-23T17:06:43+02:00,,386,Jerky,jerky,CRI 40,40,886432,86,122,CRI,Pokémon,pokemon,413,https://images.tcggo.com/tcggo/storage/33952/Chaos-Rising.logo.431.webp,Chaos Rising,EUR,616.08,EUR,583.99,2026-05-22,17,Mega Evolution,mega-evolution,chaos-rising,,35067,https://images.tcggo.com/tcggo/storage/35890/pumpkaboo.webp,https://www.tcggo.com/external/cm/35067,https://www.tcggo.com/external/tcgplayer/35067,Pumpkaboo,Pumpkaboo 40,0.03,0.04,9515,EUR,[],0.02,0.02,0.02,0.02,0.02,0.02,0.02,0.02,0.02,0.02,,,,,,,,,,,,,,,,,,,,,,,,,,EUR,0.17,Common,pumpkaboo,,https://www.tcggo.com/pokemon/chaos-rising/pumpkaboo-40,CRI-40,693536,singles
2026-08-23T17:06:43+02:00,,380,5ban Graphics,5ban-graphics,CRI 41,41,886433,86,122,CRI,Pokémon,pokemon,413,https://images.tcggo.com/tcggo/storage/33952/Chaos-Rising.logo.431.webp,Chaos Rising,EUR,616.08,EUR,583.99,2026-05-22,17,Mega Evolution,mega-evolution,chaos-rising,,35068,https://images.tcggo.com/tcggo/storage/35891/gourgeist-ex.webp,https://www.tcggo.com/external/cm/35068,https://www.tcggo.com/external/tcgplayer/35068,Gourgeist ex,Gourgeist ex 41,0.35,0.37,2841,EUR,[],0.05,0.05,0.05,0.1,0.1,0.05,0.08,0.1,0.02,0.02,,,,,,,,,,,,,,,,,,,,,,,,,,EUR,0.48,Double Rare,gourgeist-ex,,https://www.tcggo.com/pokemon/chaos-rising/gourgeist-ex-41,CRI-41,693497,singles
2026-08-23T17:06:43+02:00,,382,KEIICHIRO ITO,keiichiro-ito,CRI 42,42,886434,86,122,CRI,Pokémon,pokemon,413,https://images.tcggo.com/tcggo/storage/33952/Chaos-Rising.logo.431.webp,Chaos Rising,EUR,616.08,EUR,583.99,2026-05-22,17,Mega Evolution,mega-evolution,chaos-rising,,35069,https://images.tcggo.com/tcggo/storage/35892/xerneas.webp,https://www.tcggo.com/external/cm/35069,https://www.tcggo.com/external/tcgplayer/35069,Xerneas,Xerneas 42,0.05,0.05,8446,EUR,[],0.02,0.02,0.02,0.02,0.02,0.02,0.02,0.02,0.02,0.02,,,,,,,,,,,,,,,,,,,,,,,,,,EUR,0.19,rare,xerneas,,https://www.tcggo.com/pokemon/chaos-rising/xerneas-42,CRI-42,693563,singles
2026-08-23T17:06:43+02:00,,472,GOTO minori,goto-minori,CRI 43,43,886435,86,122,CRI,Pokémon,pokemon,413,https://images.tcggo.com/tcggo/storage/33952/Chaos-Rising.logo.431.webp,Chaos Rising,EUR,616.08,EUR,583.99,2026-05-22,17,Mega Evolution,mega-evolution,chaos-rising,,35070,https://images.tcggo.com/tcggo/storage/35893/sudowoodo.webp,https://www.tcggo.com/external/cm/35070,https://www.tcggo.com/external/tcgplayer/35070,Sudowoodo,Sudowoodo 43,0.02,0.02,14845,EUR,[],0.03,0.02,0.02,0.02,0.02,0.02,0.02,0.02,0.02,0.02,,,,,,,,,,,,,,,,,,,,,,,,,,EUR,0.19,Uncommon,sudowoodo,,https://www.tcggo.com/pokemon/chaos-rising/sudowoodo-43,CRI-43,693550,singles
2026-08-23T17:06:43+02:00,,826,Akino Fukuji,akino-fukuji,CRI 44,44,886436,86,122,CRI,Pokémon,pokemon,413,https://images.tcggo.com/tcggo/storage/33952/Chaos-Rising.logo.431.webp,Chaos Rising,EUR,616.08,EUR,583.99,2026-05-22,17,Mega Evolution,mega-evolution,chaos-rising,,35071,https://images.tcggo.com/tcggo/storage/35894/phanpy.webp,https://www.tcggo.com/external/cm/35071,https://www.tcggo.com/external/tcgplayer/35071,Phanpy,Phanpy 44,0.02,0.03,9561,EUR,[],0.02,0.02,0.02,0.02,0.02,0.02,0.02,0.02,0.02,0.02,,,,,,,,,,,,,,,,,,,,,,,,,,EUR,0.21,Common,phanpy,,https://www.tcggo.com/pokemon/chaos-rising/phanpy-44,CRI-44,693530,singles
2026-08-23T17:06:43+02:00,,583,Julie Hang,julie-hang,CRI 45,45,886437,86,122,CRI,Pokémon,pokemon,413,https://images.tcggo.com/tcggo/storage/33952/Chaos-Rising.logo.431.webp,Chaos Rising,EUR,616.08,EUR,583.99,2026-05-22,17,Mega Evolution,mega-evolution,chaos-rising,,35072,https://images.tcggo.com/tcggo/storage/35895/donphan.webp,https://www.tcggo.com/external/cm/35072,https://www.tcggo.com/external/tcgplayer/35072,Donphan,Donphan 45,0.02,0.02,12163,EUR,[],0.02,0.02,0.02,0.02,0.02,0.02,0.02,0.02,0.02,0.02,,,,,,,,,,,,,,,,,,,,,,,,,,EUR,0.2,Common,donphan,,https://www.tcggo.com/pokemon/chaos-rising/donphan-45,CRI-45,693478,singles
2026-08-23T17:06:43+02:00,,372,Tomomi Ozaki,tomomi-ozaki,CRI 46,46,886438,86,122,CRI,Pokémon,pokemon,413,https://images.tcggo.com/tcggo/storage/33952/Chaos-Rising.logo.431.webp,Chaos Rising,EUR,616.08,EUR,583.99,2026-05-22,17,Mega Evolution,mega-evolution,chaos-rising,,35073,https://images.tcggo.com/tcggo/storage/35896/baltoy.webp,https://www.tcggo.com/external/cm/35073,https://www.tcggo.com/external/tcgplayer/35073,Baltoy,Baltoy 46,0.02,0.02,11983,EUR,[],0.03,0.02,0.02,0.02,0.02,0.02,0.02,0.02,0.02,0.02,,,,,,,,,,,,,,,,,,,,,,,,,,EUR,0.24,Common,baltoy,,https://www.tcggo.com/pokemon/chaos-rising/baltoy-46,CRI-46,693452,singles
2026-08-23T17:06:43+02:00,,368,Oswaldo KATO,oswaldo-kato,CRI 47,47,886439,86,122,CRI,Pokémon,pokemon,413,https://images.tcggo.com/tcggo/storage/33952/Chaos-Rising.logo.431.webp,Chaos Rising,EUR,616.08,EUR,583.99,2026-05-22,17,Mega Evolution,mega-evolution,chaos-rising,,35074,https://images.tcggo.com/tcggo/storage/35897/claydol.webp,https://www.tcggo.com/external/cm/35074,https://www.tcggo.com/external/tcgplayer/35074,Claydol,Claydol 47,0.02,0.03,14694,EUR,[],0.03,0.02,0.02,0.02,0.02,0.02,0.02,0.02,0.02,0.02,,,,,,,,,,,,,,,,,,,,,,,,,,EUR,0.15,Uncommon,claydol,,https://www.tcggo.com/pokemon/chaos-rising/claydol-47,CRI-47,693466,singles
2026-08-23T17:06:43+02:00,,380,5ban Graphics,5ban-graphics,CRI 48,48,886440,86,122,CRI,Pokémon,pokemon,413,https://images.tcggo.com/tcggo/storage/33952/Chaos-Rising.logo.431.webp,Chaos Rising,EUR,616.08,EUR,583.99,2026-05-22,17,Mega Evolution,mega-evolution,chaos-rising,,35075,https://images.tcggo.com/tcggo/storage/35898/mega-gallade-ex.webp,https://www.tcggo.com/external/cm/35075,https://www.tcggo.com/external/tcgplayer/35075,Mega Gallade ex,Mega Gallade ex 48,0.43,0.44,2384,EUR,[],0.09,0.18,0.18,0.15,0.15,0.1,0.45,0.49,0.03,0.03,,,,,,,,,,,,,,,,,,,,,,,,,,EUR,0.52,Double Rare,mega-gallade-ex,,https://www.tcggo.com/pokemon/chaos-rising/mega-gallade-ex-48,CRI-48,693514,singles
2026-08-23T17:06:43+02:00,,399,Mékayu,mekayu,CRI 49,49,886441,86,122,CRI,Pokémon,pokemon,413,https://images.tcggo.com/tcggo/storage/33952/Chaos-Rising.logo.431.webp,Chaos Rising,EUR,616.08,EUR,583.99,2026-05-22,17,Mega Evolution,mega-evolution,chaos-rising,,35076,https://images.tcggo.com/tcggo/storage/35899/zubat.webp,https://www.tcggo.com/external/cm/35076,https://www.tcggo.com/external/tcgplayer/35076,Zubat,Zubat 49,0.02,0.03,10338,EUR,[],0.02,0.02,0.02,0.02,0.02,0.02,0.02,0.02,0.02,0.02,,,,,,,,,,,,,,,,,,,,,,,,,,EUR,0.15,Common,zubat,,https://www.tcggo.com/pokemon/chaos-rising/zubat-49,CRI-49,693565,singles
2026-08-23T17:06:43+02:00,,424,Mousho,mousho,CRI 50,50,886442,86,122,CRI,Pokémon,pokemon,413,https://images.tcggo.com/tcggo/storage/33952/Chaos-Rising.logo.431.webp,Chaos Rising,EUR,616.08,EUR,583.99,2026-05-22,17,Mega Evolution,mega-evolution,chaos-rising,,35077,https://images.tcggo.com/tcggo/storage/35900/golbat.webp,https://www.tcggo.com/external/cm/35077,https://www.tcggo.com/external/tcgplayer/35077,Golbat,Golbat 50,26.81,50.58,42,EUR,[],0.02,0.02,0.02,0.02,0.02,0.02,0.02,0.02,0.02,0.02,,,,,,,,,,,,,,,,,,,,,,,,,,EUR,0.16,Common,golbat,,https://www.tcggo.com/pokemon/chaos-rising/golbat-50-1,CRI-50,693493,singles
2026-08-23T17:06:43+02:00,,766,IKEDA Saki,ikeda-saki,CRI 51,51,886443,86,122,CRI,Pokémon,pokemon,413,https://images.tcggo.com/tcggo/storage/33952/Chaos-Rising.logo.431.webp,Chaos Rising,EUR,616.08,EUR,583.99,2026-05-22,17,Mega Evolution,mega-evolution,chaos-rising,,35078,https://images.tcggo.com/tcggo/storage/35901/crobat.webp,https://www.tcggo.com/external/cm/35078,https://www.tcggo.com/external/tcgplayer/35078,Crobat,Crobat 51,0.05,0.06,8262,EUR,[],0.02,0.02,0.02,0.02,0.02,0.02,0.02,0.02,0.02,0.02,,,,,,,,,,,,,,,,,,,,,,,,,,EUR,0.18,rare,crobat,,https://www.tcggo.com/pokemon/chaos-rising/crobat-51,CRI-51,693470,singles
2026-08-23T17:06:43+02:00,,415,nisimono,nisimono,CRI 52,52,886444,86,122,CRI,Pokémon,pokemon,413,https://images.tcggo.com/tcggo/storage/33952/Chaos-Rising.logo.431.webp,Chaos Rising,EUR,616.08,EUR,583.99,2026-05-22,17,Mega Evolution,mega-evolution,chaos-rising,,35079,https://images.tcggo.com/tcggo/storage/35902/qwilfish.webp,https://www.tcggo.com/external/cm/35079,https://www.tcggo.com/external/tcgplayer/35079,Qwilfish,Qwilfish 52,0.03,0.02,10022,EUR,[],0.02,0.02,0.02,0.02,0.02,0.02,0.02,0.02,0.02,0.02,,,,,,,,,,,,,,,,,,,,,,,,,,EUR,0.22,Common,qwilfish,,https://www.tcggo.com/pokemon/chaos-rising/qwilfish-52,CRI-52,693538,singles
2026-08-23T17:06:43+02:00,,508,Nobuhiro Imagawa,nobuhiro-imagawa,CRI 53,53,886445,86,122,CRI,Pokémon,pokemon,413,https://images.tcggo.com/tcggo/storage/33952/Chaos-Rising.logo.431.webp,Chaos Rising,EUR,616.08,EUR,583.99,2026-05-22,17,Mega Evolution,mega-evolution,chaos-rising,,35080,https://images.tcggo.com/tcggo/storage/35903/stunky.webp,https://www.tcggo.com/external/cm/35080,https://www.tcggo.com/external/tcgplayer/35080,Stunky,Stunky 53,0.03,0.03,9638,EUR,[],0.02,0.02,0.02,0.02,0.02,0.02,0.02,0.02,0.02,0.02,,,,,,,,,,,,,,,,,,,,,,,,,,EUR,0.21,Common,stunky,,https://www.tcggo.com/pokemon/chaos-rising/stunky-53-1,CRI-53,693549,singles
2026-08-23T17:06:43+02:00,,473,Yuriko Akase,yuriko-akase,CRI 54,54,886446,86,122,CRI,Pokémon,pokemon,413,https://images.tcggo.com/tcggo/storage/33952/Chaos-Rising.logo.431.webp,Chaos Rising,EUR,616.08,EUR,583.99,2026-05-22,17,Mega Evolution,mega-evolution,chaos-rising,,35081,https://images.tcggo.com/tcggo/storage/35904/skuntank.webp,https://www.tcggo.com/external/cm/35081,https://www.tcggo.com/external/tcgplayer/35081,Skuntank,Skuntank 54,0.02,0.03,11895,EUR,[],0.02,0.02,0.02,0.02,0.02,0.02,0.02,0.02,0.02,0.02,,,,,,,,,,,,,,,,,,,,,,,,,,EUR,0.19,Uncommon,skuntank,,https://www.tcggo.com/pokemon/chaos-rising/skuntank-54,CRI-54,693544,singles
2026-08-23T17:06:43+02:00,,380,5ban Graphics,5ban-graphics,CRI 55,55,886447,86,122,CRI,Pokémon,pokemon,413,https://images.tcggo.com/tcggo/storage/33952/Chaos-Rising.logo.431.webp,Chaos Rising,EUR,616.08,EUR,583.99,2026-05-22,17,Mega Evolution,mega-evolution,chaos-rising,,35082,https://images.tcggo.com/tcggo/storage/35905/krookodile-ex.webp,https://www.tcggo.com/external/cm/35082,https://www.tcggo.com/external/tcgplayer/35082,Krookodile ex,Krookodile ex 55,0.37,0.35,2771,EUR,[],0.04,0.04,0.04,0.05,0.05,0.04,0.1,0.1,0.02,0.02,,,,,,,,,,,,,,,,,,,,,,,,,,EUR,0.54,Double Rare,krookodile-ex,,https://www.tcggo.com/pokemon/chaos-rising/krookodile-ex-55,CRI-55,693504,singles
2026-08-23T17:06:43+02:00,,377,Souichirou Gunjima,souichirou-gunjima,CRI 56,56,886448,86,122,CRI,Pokémon,pokemon,413,https://images.tcggo.com/tcggo/storage/33952/Chaos-Rising.logo.431.webp,Chaos Rising,EUR,616.08,EUR,583.99,2026-05-22,17,Mega Evolution,mega-evolution,chaos-rising,,35083,https://images.tcggo.com/tcggo/storage/35906/trubbish.webp,https://www.tcggo.com/external/cm/35083,https://www.tcggo.com/external/tcgplayer/35083,Trubbish,Trubbish 56,0.03,0.02,9815,EUR,[],0.02,0.02,0.02,0.02,0.02,0.02,0.02,0.02,0.02,0.02,,,,,,,,,,,,,,,,,,,,,,,,,,EUR,0.15,Common,trubbish,,https://www.tcggo.com/pokemon/chaos-rising/trubbish-56-1,CRI-56,693557,singles
2026-08-23T17:06:43+02:00,,359,HYOGONOSUKE,hyogonosuke,CRI 57,57,886449,86,122,CRI,Pokémon,pokemon,413,https://images.tcggo.com/tcggo/storage/33952/Chaos-Rising.logo.431.webp,Chaos Rising,EUR,616.08,EUR,583.99,2026-05-22,17,Mega Evolution,mega-evolution,chaos-rising,,35084,https://images.tcggo.com/tcggo/storage/35907/garbodor.webp,https://www.tcggo.com/external/cm/35084,https://www.tcggo.com/external/tcgplayer/35084,Garbodor,Garbodor 57,0.02,0.02,12000,EUR,[],0.02,0.02,0.02,0.02,0.02,0.02,0.02,0.02,0.02,0.02,,,,,,,,,,,,,,,,,,,,,,,,,,EUR,0.16,Uncommon,garbodor,,https://www.tcggo.com/pokemon/chaos-rising/garbodor-57-1,CRI-57,693492,singles
2026-08-23T17:06:43+02:00,,410,Shimaris Yukichi,shimaris-yukichi,CRI 58,58,886450,86,122,CRI,Pokémon,pokemon,413,https://images.tcggo.com/tcggo/storage/33952/Chaos-Rising.logo.431.webp,Chaos Rising,EUR,616.08,EUR,583.99,2026-05-22,17,Mega Evolution,mega-evolution,chaos-rising,,35085,https://images.tcggo.com/tcggo/storage/35908/skrelp.webp,https://www.tcggo.com/external/cm/35085,https://www.tcggo.com/external/tcgplayer/35085,Skrelp,Skrelp 58,0.03,0.03,9274,EUR,[],0.02,0.02,0.02,0.02,0.02,0.02,0.02,0.02,0.02,0.02,,,,,,,,,,,,,,,,,,,,,,,,,,EUR,0.21,Common,skrelp,,https://www.tcggo.com/pokemon/chaos-rising/skrelp-58,CRI-58,693543,singles
2026-08-23T17:06:43+02:00,,445,toi8,toi8,CRI 59,59,886451,86,122,CRI,Pokémon,pokemon,413,https://images.tcggo.com/tcggo/storage/33952/Chaos-Rising.logo.431.webp,Chaos Rising,EUR,616.08,EUR,583.99,2026-05-22,17,Mega Evolution,mega-evolution,chaos-rising,,35086,https://images.tcggo.com/tcggo/storage/35909/beldum.webp,https://www.tcggo.com/external/cm/35086,https://www.tcggo.com/external/tcgplayer/35086,Beldum,Beldum 59,0.04,0.04,12046,EUR,[],0.02,0.02,0.02,0.02,0.02,0.02,0.02,0.02,0.02,0.02,,,,,,,,,,,,,,,,,,,,,,,,,,EUR,0.18,Common,beldum,,https://www.tcggo.com/pokemon/chaos-rising/beldum-59,CRI-59,693455,singles
2026-08-23T17:06:43+02:00,,439,Kazumasa Yasukuni,kazumasa-yasukuni,CRI 60,60,886452,86,122,CRI,Pokémon,pokemon,413,https://images.tcggo.com/tcggo/storage/33952/Chaos-Rising.logo.431.webp,Chaos Rising,EUR,616.08,EUR,583.99,2026-05-22,17,Mega Evolution,mega-evolution,chaos-rising,,35087,https://images.tcggo.com/tcggo/storage/35910/metang.webp,https://www.tcggo.com/external/cm/35087,https://www.tcggo.com/external/tcgplayer/35087,Metang,Metang 60,0.02,0.02,9518,EUR,[],0.02,0.02,0.02,0.02,0.02,0.02,0.02,0.02,0.02,0.02,,,,,,,,,,,,,,,,,,,,,,,,,,EUR,0.2,Common,metang,,https://www.tcggo.com/pokemon/chaos-rising/metang-60,CRI-60,693523,singles
2026-08-23T17:06:43+02:00,,502,Bun Toujo,bun-toujo,CRI 61,61,886453,86,122,CRI,Pokémon,pokemon,413,https://images.tcggo.com/tcggo/storage/33952/Chaos-Rising.logo.431.webp,Chaos Rising,EUR,616.08,EUR,583.99,2026-05-22,17,Mega Evolution,mega-evolution,chaos-rising,,35088,https://images.tcggo.com/tcggo/storage/35911/metagross.webp,https://www.tcggo.com/external/cm/35088,https://www.tcggo.com/external/tcgplayer/35088,Metagross,Metagross 61,0.05,0.06,10413,EUR,[],0.02,0.02,0.02,0.02,0.02,0.02,0.02,0.02,0.02,0.02,,,,,,,,,,,,,,,,,,,,,,,,,,EUR,0.28,Uncommon,metagross,,https://www.tcggo.com/pokemon/chaos-rising/metagross-61,CRI-61,693522,singles
2026-08-23T17:06:43+02:00,,374,OKUBO,okubo,CRI 62,62,574270,86,122,CRI,Pokémon,pokemon,413,https://images.tcggo.com/tcggo/storage/33952/Chaos-Rising.logo.431.webp,Chaos Rising,EUR,616.08,EUR,583.99,2026-05-22,17,Mega Evolution,mega-evolution,chaos-rising,,35089,https://images.tcggo.com/tcggo/storage/35912/ferroseed.webp,https://www.tcggo.com/external/cm/35089,https://www.tcggo.com/external/tcgplayer/35089,Ferroseed,Ferroseed 62,0.03,0.02,10188,EUR,[],0.02,0.02,0.02,0.02,0.02,0.02,0.02,0.02,0.02,0.02,,,,,,,,,,,,,,,,,,,,,,,,,,EUR,0.1,Common,ferroseed,,https://www.tcggo.com/pokemon/chaos-rising/ferroseed-62,CRI-62,693485,singles
2026-08-23T17:06:43+02:00,,487,Haru Akasaka,haru-akasaka,CRI 63,63,886455,86,122,CRI,Pokémon,pokemon,413,https://images.tcggo.com/tcggo/storage/33952/Chaos-Rising.logo.431.webp,Chaos Rising,EUR,616.08,EUR,583.99,2026-05-22,17,Mega Evolution,mega-evolution,chaos-rising,,35090,https://images.tcggo.com/tcggo/storage/35913/ferrothorn.webp,https://www.tcggo.com/external/cm/35090,https://www.tcggo.com/external/tcgplayer/35090,Ferrothorn,Ferrothorn 63,0.02,0.02,11852,EUR,[],0.02,0.02,0.02,0.02,0.02,0.02,0.02,0.02,0.02,0.02,,,,,,,,,,,,,,,,,,,,,,,,,,EUR,0.21,Uncommon,ferrothorn,,https://www.tcggo.com/pokemon/chaos-rising/ferrothorn-63,CRI-63,693486,singles
2026-08-23T17:06:43+02:00,,380,5ban Graphics,5ban-graphics,CRI 64,64,886456,86,122,CRI,Pokémon,pokemon,413,https://images.tcggo.com/tcggo/storage/33952/Chaos-Rising.logo.431.webp,Chaos Rising,EUR,616.08,EUR,583.99,2026-05-22,17,Mega Evolution,mega-evolution,chaos-rising,,35091,https://images.tcggo.com/tcggo/storage/35914/cobalion-ex.webp,https://www.tcggo.com/external/cm/35091,https://www.tcggo.com/external/tcgplayer/35091,Cobalion ex,Cobalion ex 64,0.35,0.37,2883,EUR,[],0.03,0.02,0.02,0.05,0.05,0.03,0.08,0.08,0.02,0.02,,,,,,,,,,,,,,,,,,,,,,,,,,EUR,0.48,Double Rare,cobalion-ex,,https://www.tcggo.com/pokemon/chaos-rising/cobalion-ex-64,CRI-64,693468,singles
2026-08-23T17:06:43+02:00,,380,5ban Graphics,5ban-graphics,CRI 65,65,886457,86,122,CRI,Pokémon,pokemon,413,https://images.tcggo.com/tcggo/storage/33952/Chaos-Rising.logo.431.webp,Chaos Rising,EUR,616.08,EUR,583.99,2026-05-22,17,Mega Evolution,mega-evolution,chaos-rising,,35092,https://images.tcggo.com/tcggo/storage/35915/mega-dragalge-ex.webp,https://www.tcggo.com/external/cm/35092,https://www.tcggo.com/external/tcgplayer/35092,Mega Dragalge ex,Mega Dragalge ex 65,0.46,0.45,2283,EUR,[],0.04,0.08,0.08,0.2,0.2,0.04,0.29,0.29,0.02,0.02,,,,,,,,,,,,,,,,,,,,,,,,,,EUR,0.55,Double Rare,mega-dragalge-ex,,https://www.tcggo.com/pokemon/chaos-rising/mega-dragalge-ex-65,CRI-65,693508,singles
2026-08-23T17:06:43+02:00,,363,Anesaki Dynamic,anesaki-dynamic,CRI 66,66,886458,86,122,CRI,Pokémon,pokemon,413,https://images.tcggo.com/tcggo/storage/33952/Chaos-Rising.logo.431.webp,Chaos Rising,EUR,616.08,EUR,583.99,2026-05-22,17,Mega Evolution,mega-evolution,chaos-rising,,35093,https://images.tcggo.com/tcggo/storage/35916/goomy.webp,https://www.tcggo.com/external/cm/35093,https://www.tcggo.com/external/tcgplayer/35093,Goomy,Goomy 66,0.02,0.03,10924,EUR,[],0.02,0.02,0.02,0.02,0.02,0.02,0.02,0.02,0.02,0.02,,,,,,,,,,,,,,,,,,,,,,,,,,EUR,0.19,Common,goomy,,https://www.tcggo.com/pokemon/chaos-rising/goomy-66,CRI-66,693496,singles
2026-08-23T17:06:43+02:00,,357,Yoriyuki Ikegami,yoriyuki-ikegami,CRI 67,67,886459,86,122,CRI,Pokémon,pokemon,413,https://images.tcggo.com/tcggo/storage/33952/Chaos-Rising.logo.431.webp,Chaos Rising,EUR,616.08,EUR,583.99,2026-05-22,17,Mega Evolution,mega-evolution,chaos-rising,,35094,https://images.tcggo.com/tcggo/storage/35917/sliggoo.webp,https://www.tcggo.com/external/cm/35094,https://www.tcggo.com/external/tcgplayer/35094,Sliggoo,Sliggoo 67,0.03,0.03,9988,EUR,[],0.02,0.02,0.02,0.02,0.02,0.02,0.02,0.02,0.02,0.02,,,,,,,,,,,,,,,,,,,,,,,,,,EUR,0.18,Common,sliggoo,,https://www.tcggo.com/pokemon/chaos-rising/sliggoo-67,CRI-67,693545,singles
2026-08-23T17:06:43+02:00,,471,Tonji Matsuno,tonji-matsuno,CRI 68,68,886460,86,122,CRI,Pokémon,pokemon,413,https://images.tcggo.com/tcggo/storage/33952/Chaos-Rising.logo.431.webp,Chaos Rising,EUR,616.08,EUR,583.99,2026-05-22,17,Mega Evolution,mega-evolution,chaos-rising,,35095,https://images.tcggo.com/tcggo/storage/35918/goodra.webp,https://www.tcggo.com/external/cm/35095,https://www.tcggo.com/external/tcgplayer/35095,Goodra,Goodra 68,0.05,0.05,9107,EUR,[],0.02,0.02,0.02,0.02,0.02,0.02,0.02,0.02,0.02,0.02,,,,,,,,,,,,,,,,,,,,,,,,,,EUR,0.21,rare,goodra,,https://www.tcggo.com/pokemon/chaos-rising/goodra-68,CRI-68,693495,singles
2026-08-23T17:06:43+02:00,,1245,Satoshi Ito,satoshi-ito,CRI 69,69,886461,86,122,CRI,Pokémon,pokemon,413,https://images.tcggo.com/tcggo/storage/33952/Chaos-Rising.logo.431.webp,Chaos Rising,EUR,616.08,EUR,583.99,2026-05-22,17,Mega Evolution,mega-evolution,chaos-rising,,35096,https://images.tcggo.com/tcggo/storage/35919/tauros.webp,https://www.tcggo.com/external/cm/35096,https://www.tcggo.com/external/tcgplayer/35096,Tauros,Tauros 69,0.02,0.03,11611,EUR,[],0.02,0.02,0.02,0.02,0.02,0.02,0.02,0.02,0.02,0.02,,,,,,,,,,,,,,,,,,,,,,,,,,EUR,0.18,Uncommon,tauros,,https://www.tcggo.com/pokemon/chaos-rising/tauros-69,CRI-69,693552,singles
2026-08-23T17:06:43+02:00,,377,Souichirou Gunjima,souichirou-gunjima,CRI 70,70,886462,86,122,CRI,Pokémon,pokemon,413,https://images.tcggo.com/tcggo/storage/33952/Chaos-Rising.logo.431.webp,Chaos Rising,EUR,616.08,EUR,583.99,2026-05-22,17,Mega Evolution,mega-evolution,chaos-rising,,35097,https://images.tcggo.com/tcggo/storage/35920/patrat.webp,https://www.tcggo.com/external/cm/35097,https://www.tcggo.com/external/tcgplayer/35097,Patrat,Patrat 70,0.04,0.05,12879,EUR,[],0.02,0.02,0.02,0.02,0.02,0.02,0.02,0.02,0.02,0.02,,,,,,,,,,,,,,,,,,,,,,,,,,EUR,0.18,Common,patrat,,https://www.tcggo.com/pokemon/chaos-rising/patrat-70,CRI-70,693529,singles
2026-08-23T17:06:43+02:00,,378,Kouki Saitou,kouki-saitou,CRI 71,71,886463,86,122,CRI,Pokémon,pokemon,413,https://images.tcggo.com/tcggo/storage/33952/Chaos-Rising.logo.431.webp,Chaos Rising,EUR,616.08,EUR,583.99,2026-05-22,17,Mega Evolution,mega-evolution,chaos-rising,,35098,https://images.tcggo.com/tcggo/storage/35921/watchog.webp,https://www.tcggo.com/external/cm/35098,https://www.tcggo.com/external/tcgplayer/35098,Watchog,Watchog 71,0.03,0.02,9838,EUR,[],0.02,0.02,0.02,0.02,0.02,0.02,0.02,0.02,0.02,0.02,,,,,,,,,,,,,,,,,,,,,,,,,,EUR,0.15,Common,watchog,,https://www.tcggo.com/pokemon/chaos-rising/watchog-71,CRI-71,693559,singles
2026-08-23T17:06:43+02:00,,513,ryoma uratsuka,ryoma-uratsuka,CRI 72,72,886464,86,122,CRI,Pokémon,pokemon,413,https://images.tcggo.com/tcggo/storage/33952/Chaos-Rising.logo.431.webp,Chaos Rising,EUR,616.08,EUR,583.99,2026-05-22,17,Mega Evolution,mega-evolution,chaos-rising,,35099,https://images.tcggo.com/tcggo/storage/35922/minccino.webp,https://www.tcggo.com/external/cm/35099,https://www.tcggo.com/external/tcgplayer/35099,Minccino,Minccino 72,0.03,0.02,8903,EUR,[],0.02,0.02,0.02,0.02,0.02,0.02,0.02,0.02,0.02,0.02,,,,,,,,,,,,,,,,,,,,,,,,,,EUR,0.2,Common,minccino,,https://www.tcggo.com/pokemon/chaos-rising/minccino-72,CRI-72,693525,singles
2026-08-23T17:06:43+02:00,,380,5ban Graphics,5ban-graphics,CRI 73,73,886465,86,122,CRI,Pokémon,pokemon,413,https://images.tcggo.com/tcggo/storage/33952/Chaos-Rising.logo.431.webp,Chaos Rising,EUR,616.08,EUR,583.99,2026-05-22,17,Mega Evolution,mega-evolution,chaos-rising,,35100,https://images.tcggo.com/tcggo/storage/35923/cinccino-ex.webp,https://www.tcggo.com/external/cm/35100,https://www.tcggo.com/external/tcgplayer/35100,Cinccino ex,Cinccino ex 73,0.44,0.51,2212,EUR,[],0.02,0.05,0.05,0.02,0.02,0.02,0.1,0.1,0.02,0.02,,,,,,,,,,,,,,,,,,,,,,,,,,EUR,0.57,Double Rare,cinccino-ex,,https://www.tcggo.com/pokemon/chaos-rising/cinccino-ex-73,CRI-73,693463,singles
2026-08-23T17:06:43+02:00,,517,Ayaka Yoshida,ayaka-yoshida,CRI 74,74,886466,86,122,CRI,Pokémon,pokemon,413,https://images.tcggo.com/tcggo/storage/33952/Chaos-Rising.logo.431.webp,Chaos Rising,EUR,616.08,EUR,583.99,2026-05-22,17,Mega Evolution,mega-evolution,chaos-rising,,35101,https://images.tcggo.com/tcggo/storage/35924/adversity-policy.webp,https://www.tcggo.com/external/cm/35101,https://www.tcggo.com/external/tcgplayer/35101,Adversity Policy,Adversity Policy 74,0.03,0.03,10493,EUR,[],0.02,0.02,0.02,0.02,0.02,0.02,0.02,0.02,0.02,0.02,,,,,,,,,,,,,,,,,,,,,,,,,,EUR,0.15,Uncommon,adversity-policy,,https://www.tcggo.com/pokemon/chaos-rising/adversity-policy-74,CRI-74,693444,singles
2026-08-23T17:06:43+02:00,,455,MARINA Chikazawa,marina-chikazawa,CRI 75,75,886467,86,122,CRI,Pokémon,pokemon,413,https://images.tcggo.com/tcggo/storage/33952/Chaos-Rising.logo.431.webp,Chaos Rising,EUR,616.08,EUR,583.99,2026-05-22,17,Mega Evolution,mega-evolution,chaos-rising,,35102,https://images.tcggo.com/tcggo/storage/35925/ange-floette.webp,https://www.tcggo.com/external/cm/35102,https://www.tcggo.com/external/tcgplayer/35102,Ange Floette,Ange Floette 75,0.03,0.03,10504,EUR,[],0.02,0.02,0.02,0.02,0.02,0.02,0.02,0.02,0.02,0.02,,,,,,,,,,,,,,,,,,,,,,,,,,EUR,0.16,Uncommon,ange-floette,,https://www.tcggo.com/pokemon/chaos-rising/ange-floette-75,CRI-75,693447,singles
2026-08-23T17:06:43+02:00,,459,GIDORA,gidora,CRI 76,76,886468,86,122,CRI,Pokémon,pokemon,413,https://images.tcggo.com/tcggo/storage/33952/Chaos-Rising.logo.431.webp,Chaos Rising,EUR,616.08,EUR,583.99,2026-05-22,17,Mega Evolution,mega-evolution,chaos-rising,,35103,https://images.tcggo.com/tcggo/storage/35926/azs-tranquility.webp,https://www.tcggo.com/external/cm/35103,https://www.tcggo.com/external/tcgplayer/35103,AZ's Tranquility,AZ's Tranquility 76,0.04,0.04,12317,EUR,[],0.03,0.02,0.02,0.02,0.02,0.02,0.02,0.02,0.02,0.02,,,,,,,,,,,,,,,,,,,,,,,,,,EUR,0.18,Uncommon,azs-tranquility,,https://www.tcggo.com/pokemon/chaos-rising/azs-tranquility-76,CRI-76,693449,singles
2026-08-23T17:06:43+02:00,,426,Akira Komayama,akira-komayama,CRI 77,77,886469,86,122,CRI,Pokémon,pokemon,413,https://images.tcggo.com/tcggo/storage/33952/Chaos-Rising.logo.431.webp,Chaos Rising,EUR,616.08,EUR,583.99,2026-05-22,17,Mega Evolution,mega-evolution,chaos-rising,,35104,https://images.tcggo.com/tcggo/storage/35927/great-haul-net.webp,https://www.tcggo.com/external/cm/35104,https://www.tcggo.com/external/tcgplayer/35104,Great Haul Net,Great Haul Net 77,0.05,0.05,9433,EUR,[],0.02,0.02,0.02,0.02,0.02,0.02,0.02,0.02,0.02,0.02,,,,,,,,,,,,,,,,,,,,,,,,,,EUR,0.16,Uncommon,great-haul-net,,https://www.tcggo.com/pokemon/chaos-rising/great-haul-net-77,CRI-77,693499,singles
2026-08-23T17:06:43+02:00,,458,Toyste Beach,toyste-beach,CRI 78,78,886470,86,122,CRI,Pokémon,pokemon,413,https://images.tcggo.com/tcggo/storage/33952/Chaos-Rising.logo.431.webp,Chaos Rising,EUR,616.08,EUR,583.99,2026-05-22,17,Mega Evolution,mega-evolution,chaos-rising,,35105,https://images.tcggo.com/tcggo/storage/35928/emma.webp,https://www.tcggo.com/external/cm/35105,https://www.tcggo.com/external/tcgplayer/35105,Emma,Emma 78,0.04,0.05,10464,EUR,[],0.02,0.02,0.02,0.02,0.02,0.02,0.02,0.02,0.02,0.02,,,,,,,,,,,,,,,,,,,,,,,,,,EUR,0.17,Uncommon,emma,,https://www.tcggo.com/pokemon/chaos-rising/emma-78,CRI-78,693479,singles
2026-08-23T17:06:43+02:00,,377,Souichirou Gunjima,souichirou-gunjima,CRI 79,79,886471,86,122,CRI,Pokémon,pokemon,413,https://images.tcggo.com/tcggo/storage/33952/Chaos-Rising.logo.431.webp,Chaos Rising,EUR,616.08,EUR,583.99,2026-05-22,17,Mega Evolution,mega-evolution,chaos-rising,,35106,https://images.tcggo.com/tcggo/storage/35929/philippe.webp,https://www.tcggo.com/external/cm/35106,https://www.tcggo.com/external/tcgplayer/35106,Philippe,Philippe 79,0.04,0.05,9833,EUR,[],0.02,0.02,0.02,0.02,0.02,0.02,0.02,0.02,0.02,0.02,,,,,,,,,,,,,,,,,,,,,,,,,,EUR,0.19,Uncommon,philippe,,https://www.tcggo.com/pokemon/chaos-rising/philippe-79,CRI-79,693532,singles
2026-08-23T17:06:43+02:00,,455,MARINA Chikazawa,marina-chikazawa,CRI 80,80,886472,86,122,CRI,Pokémon,pokemon,413,https://images.tcggo.com/tcggo/storage/33952/Chaos-Rising.logo.431.webp,Chaos Rising,EUR,616.08,EUR,583.99,2026-05-22,17,Mega Evolution,mega-evolution,chaos-rising,,35107,https://images.tcggo.com/tcggo/storage/35930/prism-tower.webp,https://www.tcggo.com/external/cm/35107,https://www.tcggo.com/external/tcgplayer/35107,Prism Tower,Prism Tower 80,0.07,0.08,9030,EUR,[],0.02,0.02,0.02,0.02,0.02,0.02,0.02,0.02,0.02,0.02,,,,,,,,,,,,,,,,,,,,,,,,,,EUR,0.33,Uncommon,prism-tower,,https://www.tcggo.com/pokemon/chaos-rising/prism-tower-80,CRI-80,693534,singles
2026-08-23T17:06:43+02:00,,1246,Nobusawa/Mochipuyo,nobusawamochipuyo,CRI 81,81,886473,86,122,CRI,Pokémon,pokemon,413,https://images.tcggo.com/tcggo/storage/33952/Chaos-Rising.logo.431.webp,Chaos Rising,EUR,616.08,EUR,583.99,2026-05-22,17,Mega Evolution,mega-evolution,chaos-rising,,35108,https://images.tcggo.com/tcggo/storage/35931/roxies-performance.webp,https://www.tcggo.com/external/cm/35108,https://www.tcggo.com/external/tcgplayer/35108,Roxie's Performance,Roxie's Performance 81,0.05,0.08,10001,EUR,[],0.02,0.02,0.02,0.02,0.02,0.02,0.02,0.02,0.02,0.02,,,,,,,,,,,,,,,,,,,,,,,,,,EUR,0.21,Uncommon,roxies-performance,,https://www.tcggo.com/pokemon/chaos-rising/roxies-performance-81,CRI-81,693540,singles
2026-08-23T17:06:43+02:00,,461,Studio Bora Inc.,studio-bora-inc,CRI 82,82,273822,86,122,CRI,Pokémon,pokemon,413,https://images.tcggo.com/tcggo/storage/33952/Chaos-Rising.logo.431.webp,Chaos Rising,EUR,616.08,EUR,583.99,2026-05-22,17,Mega Evolution,mega-evolution,chaos-rising,,35109,https://images.tcggo.com/tcggo/storage/35932/special-red-card.webp,https://www.tcggo.com/external/cm/35109,https://www.tcggo.com/external/tcgplayer/35109,Special Red Card,Special Red Card 82,0.14,0.18,7929,EUR,[],0.03,0.02,0.02,0.02,0.02,0.02,0.02,0.02,0.02,0.02,,,,,,,,,,,,,,,,,,,,,,,,,,EUR,0.32,Uncommon,special-red-card,,https://www.tcggo.com/pokemon/chaos-rising/special-red-card-82,CRI-82,693547,singles
2026-08-23T17:06:43+02:00,,458,Toyste Beach,toyste-beach,CRI 83,83,886475,86,122,CRI,Pokémon,pokemon,413,https://images.tcggo.com/tcggo/storage/33952/Chaos-Rising.logo.431.webp,Chaos Rising,EUR,616.08,EUR,583.99,2026-05-22,17,Mega Evolution,mega-evolution,chaos-rising,,35110,https://images.tcggo.com/tcggo/storage/35933/transformation-tome.webp,https://www.tcggo.com/external/cm/35110,https://www.tcggo.com/external/tcgplayer/35110,Transformation Tome,Transformation Tome 83,0.06,0.06,10995,EUR,[],0.03,0.02,0.02,0.02,0.02,0.02,0.02,0.02,0.02,0.02,,,,,,,,,,,,,,,,,,,,,,,,,,EUR,0.79,Uncommon,transformation-tome,,https://www.tcggo.com/pokemon/chaos-rising/transformation-tome-83,CRI-83,693555,singles
2026-08-23T17:06:43+02:00,,,,,CRI 84,84,886476,86,122,CRI,Pokémon,pokemon,413,https://images.tcggo.com/tcggo/storage/33952/Chaos-Rising.logo.431.webp,Chaos Rising,EUR,616.08,EUR,583.99,2026-05-22,17,Mega Evolution,mega-evolution,chaos-rising,,35111,https://images.tcggo.com/tcggo/storage/35934/bubbly-w-energy.webp,https://www.tcggo.com/external/cm/35111,https://www.tcggo.com/external/tcgplayer/35111,Bubbly \[W\] Energy,Bubbly \[W\] Energy 84,0.08,0.09,6605,EUR,[],0.03,0.02,0.02,0.02,0.02,0.02,0.02,0.02,0.02,0.02,,,,,,,,,,,,,,,,,,,,,,,,,,EUR,0.2,rare,bubbly-w-energy,,https://www.tcggo.com/pokemon/chaos-rising/bubbly-w-energy-84,CRI-84,693458,singles
2026-08-23T17:06:43+02:00,,,,,CRI 85,85,886477,86,122,CRI,Pokémon,pokemon,413,https://images.tcggo.com/tcggo/storage/33952/Chaos-Rising.logo.431.webp,Chaos Rising,EUR,616.08,EUR,583.99,2026-05-22,17,Mega Evolution,mega-evolution,chaos-rising,,35112,https://images.tcggo.com/tcggo/storage/35935/magnetic-m-energy.webp,https://www.tcggo.com/external/cm/35112,https://www.tcggo.com/external/tcgplayer/35112,Magnetic \[M\] Energy,Magnetic \[M\] Energy 85,0.1,0.1,7873,EUR,[],0.02,0.02,0.02,0.02,0.02,0.02,0.02,0.02,0.02,0.02,,,,,,,,,,,,,,,,,,,,,,,,,,EUR,0.2,rare,magnetic-m-energy,,https://www.tcggo.com/pokemon/chaos-rising/magnetic-m-energy-85,CRI-85,693506,singles
2026-08-23T17:06:43+02:00,,,,,CRI 86,86,886478,86,122,CRI,Pokémon,pokemon,413,https://images.tcggo.com/tcggo/storage/33952/Chaos-Rising.logo.431.webp,Chaos Rising,EUR,616.08,EUR,583.99,2026-05-22,17,Mega Evolution,mega-evolution,chaos-rising,,35113,https://images.tcggo.com/tcggo/storage/35936/nitro-r-energy.webp,https://www.tcggo.com/external/cm/35113,https://www.tcggo.com/external/tcgplayer/35113,Nitro \[R\] Energy,Nitro \[R\] Energy 86,0.08,0.07,8102,EUR,[],0.02,0.02,0.02,0.02,0.02,0.02,0.02,0.02,0.02,0.02,,,,,,,,,,,,,,,,,,,,,,,,,,EUR,0.2,rare,nitro-r-energy,,https://www.tcggo.com/pokemon/chaos-rising/nitro-r-energy-86,CRI-86,693527,singles
2026-08-23T17:06:43+02:00,,460,Atsushi Furusawa,atsushi-furusawa,CRI 87,87,410614,86,122,CRI,Pokémon,pokemon,413,https://images.tcggo.com/tcggo/storage/33952/Chaos-Rising.logo.431.webp,Chaos Rising,EUR,616.08,EUR,583.99,2026-05-22,17,Mega Evolution,mega-evolution,chaos-rising,,35114,https://images.tcggo.com/tcggo/storage/35937/chespin.webp,https://www.tcggo.com/external/cm/35114,https://www.tcggo.com/external/tcgplayer/35114,Chespin,Chespin 87,4.67,4.65,1067,EUR,[],4,3.49,3.49,3.5,3.5,4.5,4.99,4.99,1.9,1.9,,,,,,,,,,,,,,,,,,,,,,,,,,EUR,3.64,Illustration Rare,chespin,,https://www.tcggo.com/pokemon/chaos-rising/chespin-87,CRI-87,693462,singles
2026-08-23T17:06:43+02:00,,452,Susumu Maeya,susumu-maeya,CRI 88,88,886480,86,122,CRI,Pokémon,pokemon,413,https://images.tcggo.com/tcggo/storage/33952/Chaos-Rising.logo.431.webp,Chaos Rising,EUR,616.08,EUR,583.99,2026-05-22,17,Mega Evolution,mega-evolution,chaos-rising,,35115,https://images.tcggo.com/tcggo/storage/35938/froakie.webp,https://www.tcggo.com/external/cm/35115,https://www.tcggo.com/external/tcgplayer/35115,Froakie,Froakie 88,9.06,8.22,1349,EUR,[],8.29,5.4,5.4,8.5,8.5,8.29,8.9,8.9,5,5,USD,,,,,,,,,,,,,,,26.62,1,,,,,,,,,EUR,8.54,Illustration Rare,froakie,,https://www.tcggo.com/pokemon/chaos-rising/froakie-88,CRI-88,693489,singles
2026-08-23T17:06:43+02:00,,452,Susumu Maeya,susumu-maeya,CRI 89,89,886481,86,122,CRI,Pokémon,pokemon,413,https://images.tcggo.com/tcggo/storage/33952/Chaos-Rising.logo.431.webp,Chaos Rising,EUR,616.08,EUR,583.99,2026-05-22,17,Mega Evolution,mega-evolution,chaos-rising,,35116,https://images.tcggo.com/tcggo/storage/35940/frogadier.webp,https://www.tcggo.com/external/cm/35116,https://www.tcggo.com/external/tcgplayer/35116,Frogadier,Frogadier 89,7.58,6.97,1283,EUR,[],6.5,4.9,4.9,4.5,4.5,6.5,5,5,5.4,5.4,USD,,,,,,,,,,,,,,,17.84,1,,,,,,,,,EUR,5,Illustration Rare,frogadier,,https://www.tcggo.com/pokemon/chaos-rising/frogadier-89,CRI-89,693491,singles
2026-08-23T17:06:43+02:00,,391,saino misaki,saino-misaki,CRI 90,90,886482,86,122,CRI,Pokémon,pokemon,413,https://images.tcggo.com/tcggo/storage/33952/Chaos-Rising.logo.431.webp,Chaos Rising,EUR,616.08,EUR,583.99,2026-05-22,17,Mega Evolution,mega-evolution,chaos-rising,,35117,https://images.tcggo.com/tcggo/storage/35939/ampharos.webp,https://www.tcggo.com/external/cm/35117,https://www.tcggo.com/external/tcgplayer/35117,Ampharos,Ampharos 90,8.74,8.01,1162,EUR,[],7,5.99,5.99,4.2,4.2,7,9,9,3.5,3.5,USD,,,,,,,,,,,,,,,30.97,1,,,,,,,,,EUR,5.91,Illustration Rare,ampharos,,https://www.tcggo.com/pokemon/chaos-rising/ampharos-90,CRI-90,693446,singles
2026-08-23T17:06:43+02:00,,765,YASHIRO Nanaco,yashiro-nanaco,CRI 91,91,886483,86,122,CRI,Pokémon,pokemon,413,https://images.tcggo.com/tcggo/storage/33952/Chaos-Rising.logo.431.webp,Chaos Rising,EUR,616.08,EUR,583.99,2026-05-22,17,Mega Evolution,mega-evolution,chaos-rising,,35118,https://images.tcggo.com/tcggo/storage/35941/xerneas.webp,https://www.tcggo.com/external/cm/35118,https://www.tcggo.com/external/tcgplayer/35118,Xerneas,Xerneas 91,7.67,6.87,1199,EUR,[],6.99,4.4,4.4,5,5,6.99,10.5,10.5,4.7,4.7,USD,,,,,,,,,,,,,,,22.3,1,,,,,,,,,EUR,6.73,Illustration Rare,xerneas,,https://www.tcggo.com/pokemon/chaos-rising/xerneas-91,CRI-91,693564,singles
2026-08-23T17:06:43+02:00,,468,matazo,matazo,CRI 92,92,886484,86,122,CRI,Pokémon,pokemon,413,https://images.tcggo.com/tcggo/storage/33952/Chaos-Rising.logo.431.webp,Chaos Rising,EUR,616.08,EUR,583.99,2026-05-22,17,Mega Evolution,mega-evolution,chaos-rising,,35119,https://images.tcggo.com/tcggo/storage/35942/claydol.webp,https://www.tcggo.com/external/cm/35119,https://www.tcggo.com/external/tcgplayer/35119,Claydol,Claydol 92,2.63,2.44,1200,EUR,[],1.99,1.7,1.7,1.5,1.5,1.99,2.05,2.9,1.5,1.5,,,,,,,,,,,,,,,,,,,,,,,,,,EUR,1.82,Illustration Rare,claydol,,https://www.tcggo.com/pokemon/chaos-rising/claydol-92,CRI-92,693467,singles
2026-08-23T17:06:43+02:00,,1069,Kazuhisa Uragami,kazuhisa-uragami,CRI 93,93,363546,86,122,CRI,Pokémon,pokemon,413,https://images.tcggo.com/tcggo/storage/33952/Chaos-Rising.logo.431.webp,Chaos Rising,EUR,616.08,EUR,583.99,2026-05-22,17,Mega Evolution,mega-evolution,chaos-rising,,35120,https://images.tcggo.com/tcggo/storage/35943/crobat.webp,https://www.tcggo.com/external/cm/35120,https://www.tcggo.com/external/tcgplayer/35120,Crobat,Crobat 93,3.63,3.41,1312,EUR,[],3.5,2.29,2.29,2.99,2.99,3.5,3,3,1.7,1.7,,,,,,,,,,,,,,,,,,,,,,,,,,EUR,2.3,Illustration Rare,crobat,,https://www.tcggo.com/pokemon/chaos-rising/crobat-93,CRI-93,693471,singles
2026-08-23T17:06:43+02:00,,404,aspara,aspara,CRI 95,95,886486,86,122,CRI,Pokémon,pokemon,413,https://images.tcggo.com/tcggo/storage/33952/Chaos-Rising.logo.431.webp,Chaos Rising,EUR,616.08,EUR,583.99,2026-05-22,17,Mega Evolution,mega-evolution,chaos-rising,,35121,https://images.tcggo.com/tcggo/storage/35944/sliggoo.webp,https://www.tcggo.com/external/cm/35121,https://www.tcggo.com/external/tcgplayer/35121,Sliggoo,Sliggoo 95,2.44,2.22,1252,EUR,[],1.5,1.3,1.3,2,2,1.5,2.8,2.8,1,1,,,,,,,,,,,,,,,,,,,,,,,,,,EUR,1.63,Illustration Rare,sliggoo,,https://www.tcggo.com/pokemon/chaos-rising/sliggoo-94,CRI-95,693546,singles
2026-08-23T17:06:43+02:00,,397,Kurata So,kurata-so,CRI 94,94,886487,86,122,CRI,Pokémon,pokemon,413,https://images.tcggo.com/tcggo/storage/33952/Chaos-Rising.logo.431.webp,Chaos Rising,EUR,616.08,EUR,583.99,2026-05-22,17,Mega Evolution,mega-evolution,chaos-rising,,35122,https://images.tcggo.com/tcggo/storage/35945/metang.webp,https://www.tcggo.com/external/cm/35122,https://www.tcggo.com/external/tcgplayer/35122,Metang,Metang 94,3.41,3.18,1118,EUR,[],2.55,2.2,2.2,2.5,2.5,2.55,3.99,3.99,1.4,1.4,,,,,,,,,,,,,,,,,,,,,,,,,,EUR,1.99,Illustration Rare,metang,,https://www.tcggo.com/pokemon/chaos-rising/metang-95,CRI-94,693524,singles
2026-08-23T17:06:43+02:00,,788,Tsuyoshi Nagano,tsuyoshi-nagano,CRI 96,96,886488,86,122,CRI,Pokémon,pokemon,413,https://images.tcggo.com/tcggo/storage/33952/Chaos-Rising.logo.431.webp,Chaos Rising,EUR,616.08,EUR,583.99,2026-05-22,17,Mega Evolution,mega-evolution,chaos-rising,,35123,https://images.tcggo.com/tcggo/storage/35946/tauros.webp,https://www.tcggo.com/external/cm/35123,https://www.tcggo.com/external/tcgplayer/35123,Tauros,Tauros 96,5.29,4.91,1165,EUR,[],2.5,3.99,3.99,3.4,3.4,2.5,3.8,3.8,1.2,1.2,USD,47.08,1,,,,,,,,,,,,,,,,,,,,,,,EUR,2.87,Illustration Rare,tauros,,https://www.tcggo.com/pokemon/chaos-rising/tauros-96,CRI-96,693553,singles
2026-08-23T17:06:43+02:00,,455,MARINA Chikazawa,marina-chikazawa,CRI 97,97,886489,86,122,CRI,Pokémon,pokemon,413,https://images.tcggo.com/tcggo/storage/33952/Chaos-Rising.logo.431.webp,Chaos Rising,EUR,616.08,EUR,583.99,2026-05-22,17,Mega Evolution,mega-evolution,chaos-rising,,35124,https://images.tcggo.com/tcggo/storage/35947/watchog.webp,https://www.tcggo.com/external/cm/35124,https://www.tcggo.com/external/tcgplayer/35124,Watchog,Watchog 97,1.94,1.79,1292,EUR,[],0.99,1,1,1.5,1.5,1.4,1.9,2,1,1,,,,,,,,,,,,,,,,,,,,,,,,,,EUR,1.22,Illustration Rare,watchog,,https://www.tcggo.com/pokemon/chaos-rising/watchog-97,CRI-97,693560,singles
2026-08-23T17:06:43+02:00,,380,5ban Graphics,5ban-graphics,CRI 98,98,886490,86,122,CRI,Pokémon,pokemon,413,https://images.tcggo.com/tcggo/storage/33952/Chaos-Rising.logo.431.webp,Chaos Rising,EUR,616.08,EUR,583.99,2026-05-22,17,Mega Evolution,mega-evolution,chaos-rising,,35125,https://images.tcggo.com/tcggo/storage/35948/beedrill-ex.webp,https://www.tcggo.com/external/cm/35125,https://www.tcggo.com/external/tcgplayer/35125,Beedrill ex,Beedrill ex 98,3.32,3.03,586,EUR,[],2.5,2.43,2.43,2.7,2.7,2.5,2.9,2.9,1.4,1.4,,,,,,,,,,,,,,,,,,,,,,,,,,EUR,2.58,Ultra Rare,beedrill-ex,,https://www.tcggo.com/pokemon/chaos-rising/beedrill-ex-98,CRI-98,693454,singles
2026-08-23T17:06:43+02:00,,1192,Keisuke Azuma,keisuke-azuma,CRI 99,99,886491,86,122,CRI,Pokémon,pokemon,413,https://images.tcggo.com/tcggo/storage/33952/Chaos-Rising.logo.431.webp,Chaos Rising,EUR,616.08,EUR,583.99,2026-05-22,17,Mega Evolution,mega-evolution,chaos-rising,,35126,https://images.tcggo.com/tcggo/storage/35949/mega-pyroar-ex.webp,https://www.tcggo.com/external/cm/35126,https://www.tcggo.com/external/tcgplayer/35126,Mega Pyroar ex,Mega Pyroar ex 99,3.58,3.47,508,EUR,[],2.75,2,2,2.7,2.7,2.75,4,4,1.3,1.3,,,,,,,,,,,,,,,,,,,,,,,,,,EUR,2.97,Ultra Rare,mega-pyroar-ex,,https://www.tcggo.com/pokemon/chaos-rising/mega-pyroar-ex-99,CRI-99,693520,singles
2026-08-23T17:06:43+02:00,,490,takuyoa,takuyoa,CRI 100,100,886492,86,122,CRI,Pokémon,pokemon,413,https://images.tcggo.com/tcggo/storage/33952/Chaos-Rising.logo.431.webp,Chaos Rising,EUR,616.08,EUR,583.99,2026-05-22,17,Mega Evolution,mega-evolution,chaos-rising,,35127,https://images.tcggo.com/tcggo/storage/35950/mega-greninja-ex.webp,https://www.tcggo.com/external/cm/35127,https://www.tcggo.com/external/tcgplayer/35127,Mega Greninja ex,Mega Greninja ex 100,11.21,10.55,572,EUR,[],10,5.8,5.8,9.99,9.99,10,12,12,7.5,7.5,USD,38.68,5,,,,,,,,,,,,,178.49,4,,,53.08,1,,,,,EUR,8.95,Ultra Rare,mega-greninja-ex,,https://www.tcggo.com/pokemon/chaos-rising/mega-greninja-ex-100,CRI-100,693516,singles
2026-08-23T17:06:43+02:00,,371,aky CG Works,aky-cg-works,CRI 101,101,886493,86,122,CRI,Pokémon,pokemon,413,https://images.tcggo.com/tcggo/storage/33952/Chaos-Rising.logo.431.webp,Chaos Rising,EUR,616.08,EUR,583.99,2026-05-22,17,Mega Evolution,mega-evolution,chaos-rising,,35128,https://images.tcggo.com/tcggo/storage/35951/mega-floette-ex.webp,https://www.tcggo.com/external/cm/35128,https://www.tcggo.com/external/tcgplayer/35128,Mega Floette ex,Mega Floette ex 101,4.59,4.34,598,EUR,[],3.9,3.5,3.5,4,4,3.9,3.99,3.99,2.5,2.5,USD,,,,,,,,,,,,,,,4.12,1,,,,,,,,,EUR,2.89,Ultra Rare,mega-floette-ex,,https://www.tcggo.com/pokemon/chaos-rising/mega-floette-ex-101,CRI-101,693512,singles
2026-08-23T17:06:43+02:00,,380,5ban Graphics,5ban-graphics,CRI 102,102,886494,86,122,CRI,Pokémon,pokemon,413,https://images.tcggo.com/tcggo/storage/33952/Chaos-Rising.logo.431.webp,Chaos Rising,EUR,616.08,EUR,583.99,2026-05-22,17,Mega Evolution,mega-evolution,chaos-rising,,35129,https://images.tcggo.com/tcggo/storage/35952/gourgeist-ex.webp,https://www.tcggo.com/external/cm/35129,https://www.tcggo.com/external/tcgplayer/35129,Gourgeist ex,Gourgeist ex 102,1.57,1.53,706,EUR,[],0.99,0.5,0.5,1.4,1.4,0.99,1.5,1.5,0.5,0.5,,,,,,,,,,,,,,,,,,,,,,,,,,EUR,1.21,Ultra Rare,gourgeist-ex,,https://www.tcggo.com/pokemon/chaos-rising/gourgeist-ex-102,CRI-102,693498,singles
2026-08-23T17:06:43+02:00,,380,5ban Graphics,5ban-graphics,CRI 103,103,886495,86,122,CRI,Pokémon,pokemon,413,https://images.tcggo.com/tcggo/storage/33952/Chaos-Rising.logo.431.webp,Chaos Rising,EUR,616.08,EUR,583.99,2026-05-22,17,Mega Evolution,mega-evolution,chaos-rising,,35130,https://images.tcggo.com/tcggo/storage/35953/cobalion-ex.webp,https://www.tcggo.com/external/cm/35130,https://www.tcggo.com/external/tcgplayer/35130,Cobalion ex,Cobalion ex 103,2.15,2.02,511,EUR,[],1.75,1.4,1.4,1.8,1.8,1.75,1.99,1.99,1,1,,,,,,,,,,,,,,,,,,,,,,,,,,EUR,1.42,Ultra Rare,cobalion-ex,,https://www.tcggo.com/pokemon/chaos-rising/cobalion-ex-103,CRI-103,693469,singles
2026-08-23T17:06:43+02:00,,380,5ban Graphics,5ban-graphics,CRI 104,104,886496,86,122,CRI,Pokémon,pokemon,413,https://images.tcggo.com/tcggo/storage/33952/Chaos-Rising.logo.431.webp,Chaos Rising,EUR,616.08,EUR,583.99,2026-05-22,17,Mega Evolution,mega-evolution,chaos-rising,,35131,https://images.tcggo.com/tcggo/storage/35954/mega-dragalge-ex.webp,https://www.tcggo.com/external/cm/35131,https://www.tcggo.com/external/tcgplayer/35131,Mega Dragalge ex,Mega Dragalge ex 104,3.65,3.29,587,EUR,[],2.5,1.9,1.9,2.99,2.99,2.7,4,4,1.79,1.79,,,,,,,,,,,,,,,,,,,,,,,,,,EUR,2.41,Ultra Rare,mega-dragalge-ex,,https://www.tcggo.com/pokemon/chaos-rising/mega-dragalge-ex-104,CRI-104,693509,singles
2026-08-23T17:06:43+02:00,,380,5ban Graphics,5ban-graphics,CRI 105,105,886497,86,122,CRI,Pokémon,pokemon,413,https://images.tcggo.com/tcggo/storage/33952/Chaos-Rising.logo.431.webp,Chaos Rising,EUR,616.08,EUR,583.99,2026-05-22,17,Mega Evolution,mega-evolution,chaos-rising,,35132,https://images.tcggo.com/tcggo/storage/35955/cinccino-ex.webp,https://www.tcggo.com/external/cm/35132,https://www.tcggo.com/external/tcgplayer/35132,Cinccino ex,Cinccino ex 105,3.38,3.1,488,EUR,[],2.6,2,2,2.95,2.95,2.6,2.85,2.85,1.8,1.8,,,,,,,,,,,,,,,,,,,,,,,,,,EUR,4.23,Ultra Rare,cinccino-ex,,https://www.tcggo.com/pokemon/chaos-rising/cinccino-ex-105,CRI-105,693464,singles
2026-08-23T17:06:43+02:00,,461,Studio Bora Inc.,studio-bora-inc,CRI 106,106,886498,86,122,CRI,Pokémon,pokemon,413,https://images.tcggo.com/tcggo/storage/33952/Chaos-Rising.logo.431.webp,Chaos Rising,EUR,616.08,EUR,583.99,2026-05-22,17,Mega Evolution,mega-evolution,chaos-rising,,35133,https://images.tcggo.com/tcggo/storage/35956/energy-retrieval.webp,https://www.tcggo.com/external/cm/35133,https://www.tcggo.com/external/tcgplayer/35133,Energy Retrieval,Energy Retrieval 106,2.01,2.05,544,EUR,[],1.5,1,1,2,2,1.5,1.45,1.5,1.29,1.29,,,,,,,,,,,,,,,,,,,,,,,,,,EUR,1.56,Ultra Rare,energy-retrieval,,https://www.tcggo.com/pokemon/chaos-rising/energy-retrieval-106,CRI-106,693482,singles
2026-08-23T17:06:43+02:00,,459,GIDORA,gidora,CRI 106,106,886500,86,122,CRI,Pokémon,pokemon,413,https://images.tcggo.com/tcggo/storage/33952/Chaos-Rising.logo.431.webp,Chaos Rising,EUR,616.08,EUR,583.99,2026-05-22,17,Mega Evolution,mega-evolution,chaos-rising,,35134,https://images.tcggo.com/tcggo/storage/35957/azs-tranquility.webp,https://www.tcggo.com/external/cm/35134,https://www.tcggo.com/external/tcgplayer/35134,AZ's Tranquility,AZ's Tranquility 106,2.28,2.05,570,EUR,[],1,1,1,2,2,1,2.4,2.4,1,1,,,,,,,,,,,,,,,,,,,,,,,,,,EUR,1.35,Ultra Rare,azs-tranquility,,https://www.tcggo.com/pokemon/chaos-rising/azs-tranquility-107,CRI-106,693450,singles
2026-08-23T17:06:43+02:00,,426,Akira Komayama,akira-komayama,CRI 107,107,886501,86,122,CRI,Pokémon,pokemon,413,https://images.tcggo.com/tcggo/storage/33952/Chaos-Rising.logo.431.webp,Chaos Rising,EUR,616.08,EUR,583.99,2026-05-22,17,Mega Evolution,mega-evolution,chaos-rising,,35135,https://images.tcggo.com/tcggo/storage/35958/emma.webp,https://www.tcggo.com/external/cm/35135,https://www.tcggo.com/external/tcgplayer/35135,Emma,Emma 107,2.62,2.51,533,EUR,[],2.25,1.4,1.4,1.6,1.6,2.25,2,2,1,1,,,,,,,,,,,,,,,,,,,,,,,,,,EUR,2.1,Ultra Rare,emma,,https://www.tcggo.com/pokemon/chaos-rising/emma-108,CRI-107,693480,singles
2026-08-23T17:06:43+02:00,,453,AYUMI ODASHIMA,ayumi-odashima,CRI 109,109,886503,86,122,CRI,Pokémon,pokemon,413,https://images.tcggo.com/tcggo/storage/33952/Chaos-Rising.logo.431.webp,Chaos Rising,EUR,616.08,EUR,583.99,2026-05-22,17,Mega Evolution,mega-evolution,chaos-rising,,35136,https://images.tcggo.com/tcggo/storage/35959/jumbo-ice-cream.webp,https://www.tcggo.com/external/cm/35136,https://www.tcggo.com/external/tcgplayer/35136,Jumbo Ice Cream,Jumbo Ice Cream 109,2.53,2.63,399,EUR,[],1.95,1.8,2,2.5,2.5,1.95,1.9,1.9,1.5,1.5,,,,,,,,,,,,,,,,,,,,,,,,,,EUR,3.44,Ultra Rare,jumbo-ice-cream,,https://www.tcggo.com/pokemon/chaos-rising/jumbo-ice-cream-109,CRI-109,693501,singles
2026-08-23T17:06:43+02:00,,377,Souichirou Gunjima,souichirou-gunjima,CRI 110,110,886502,86,122,CRI,Pokémon,pokemon,413,https://images.tcggo.com/tcggo/storage/33952/Chaos-Rising.logo.431.webp,Chaos Rising,EUR,616.08,EUR,583.99,2026-05-22,17,Mega Evolution,mega-evolution,chaos-rising,,35137,https://images.tcggo.com/tcggo/storage/35960/philippe.webp,https://www.tcggo.com/external/cm/35137,https://www.tcggo.com/external/tcgplayer/35137,Philippe,Philippe 110,2,1.87,634,EUR,[],1.15,0.99,0.99,2,2,1.5,2,2,0.95,0.95,,,,,,,,,,,,,,,,,,,,,,,,,,EUR,1.47,Ultra Rare,philippe,,https://www.tcggo.com/pokemon/chaos-rising/philippe-110,CRI-110,693533,singles
2026-08-23T17:06:43+02:00,,455,MARINA Chikazawa,marina-chikazawa,CRI 111,111,886504,86,122,CRI,Pokémon,pokemon,413,https://images.tcggo.com/tcggo/storage/33952/Chaos-Rising.logo.431.webp,Chaos Rising,EUR,616.08,EUR,583.99,2026-05-22,17,Mega Evolution,mega-evolution,chaos-rising,,35138,https://images.tcggo.com/tcggo/storage/35961/prism-tower.webp,https://www.tcggo.com/external/cm/35138,https://www.tcggo.com/external/tcgplayer/35138,Prism Tower,Prism Tower 111,3.31,3.16,414,EUR,[],2.9,1.9,1.9,3.49,3.49,2.9,2.5,2.5,1.5,1.5,USD,,,,,,,,,,,,,,,117.5,2,,,9.96,1,,,,,EUR,2.24,Ultra Rare,prism-tower,,https://www.tcggo.com/pokemon/chaos-rising/prism-tower-111,CRI-111,693535,singles
2026-08-23T17:06:43+02:00,,1246,Nobusawa/Mochipuyo,nobusawamochipuyo,CRI 112,112,886505,86,122,CRI,Pokémon,pokemon,413,https://images.tcggo.com/tcggo/storage/33952/Chaos-Rising.logo.431.webp,Chaos Rising,EUR,616.08,EUR,583.99,2026-05-22,17,Mega Evolution,mega-evolution,chaos-rising,,35139,https://images.tcggo.com/tcggo/storage/35962/roxies-performance.webp,https://www.tcggo.com/external/cm/35139,https://www.tcggo.com/external/tcgplayer/35139,Roxie's Performance,Roxie's Performance 112,2.53,2.54,642,EUR,[],1.5,1.4,1.4,2.9,2.9,1.5,2.6,2.6,1,1,,,,,,,,,,,,,,,,,,,,,,,,,,EUR,1.64,Ultra Rare,roxies-performance,,https://www.tcggo.com/pokemon/chaos-rising/roxies-performance-112,CRI-112,693541,singles
2026-08-23T17:06:43+02:00,,461,Studio Bora Inc.,studio-bora-inc,CRI 113,113,886506,86,122,CRI,Pokémon,pokemon,413,https://images.tcggo.com/tcggo/storage/33952/Chaos-Rising.logo.431.webp,Chaos Rising,EUR,616.08,EUR,583.99,2026-05-22,17,Mega Evolution,mega-evolution,chaos-rising,,35140,https://images.tcggo.com/tcggo/storage/35963/special-red-card.webp,https://www.tcggo.com/external/cm/35140,https://www.tcggo.com/external/tcgplayer/35140,Special Red Card,Special Red Card 113,4.17,4.03,617,EUR,[],3.5,2.99,2.99,4.99,4.99,3.5,2.95,2.95,2.9,2.9,,,,,,,,,,,,,,,,,,,,,,,,,,EUR,2.97,Ultra Rare,special-red-card,,https://www.tcggo.com/pokemon/chaos-rising/special-red-card-113,CRI-113,693548,singles
2026-08-23T17:06:43+02:00,,453,AYUMI ODASHIMA,ayumi-odashima,CRI 114,114,886507,86,122,CRI,Pokémon,pokemon,413,https://images.tcggo.com/tcggo/storage/33952/Chaos-Rising.logo.431.webp,Chaos Rising,EUR,616.08,EUR,583.99,2026-05-22,17,Mega Evolution,mega-evolution,chaos-rising,,35141,https://images.tcggo.com/tcggo/storage/35964/surfing-beach.webp,https://www.tcggo.com/external/cm/35141,https://www.tcggo.com/external/tcgplayer/35141,Surfing Beach,Surfing Beach 114,4.24,3.98,534,EUR,[],4,3,3,4.25,4.25,4,3.2,3.2,2.69,2.69,,,,,,,,,,,,,,,,,,,,,,,,,,EUR,3.31,Ultra Rare,surfing-beach,,https://www.tcggo.com/pokemon/chaos-rising/surfing-beach-114,CRI-114,693551,singles
2026-08-23T17:06:43+02:00,,461,Studio Bora Inc.,studio-bora-inc,CRI 115,115,886508,86,122,CRI,Pokémon,pokemon,413,https://images.tcggo.com/tcggo/storage/33952/Chaos-Rising.logo.431.webp,Chaos Rising,EUR,616.08,EUR,583.99,2026-05-22,17,Mega Evolution,mega-evolution,chaos-rising,,35142,https://images.tcggo.com/tcggo/storage/35965/tool-scrapper.webp,https://www.tcggo.com/external/cm/35142,https://www.tcggo.com/external/tcgplayer/35142,Tool Scrapper,Tool Scrapper 115,1.55,1.41,646,EUR,[],1,0.69,0.69,1,1,1,0.85,1,1,1,,,,,,,,,,,,,,,,,,,,,,,,,,EUR,1.02,Ultra Rare,tool-scrapper,,https://www.tcggo.com/pokemon/chaos-rising/tool-scrapper-115,CRI-115,693554,singles
2026-08-23T17:06:43+02:00,,452,Susumu Maeya,susumu-maeya,CRI 116,116,886509,86,122,CRI,Pokémon,pokemon,413,https://images.tcggo.com/tcggo/storage/33952/Chaos-Rising.logo.431.webp,Chaos Rising,EUR,616.08,EUR,583.99,2026-05-22,17,Mega Evolution,mega-evolution,chaos-rising,,35143,https://images.tcggo.com/tcggo/storage/35966/mega-greninja-ex.webp,https://www.tcggo.com/external/cm/35143,https://www.tcggo.com/external/tcgplayer/35143,Mega Greninja ex,Mega Greninja ex 116,187.89,183.53,525,EUR,[],196.49,137.99,137.99,160,160,214.99,209.99,209.99,194.98,194.98,USD,278.1,5,,,234.92,5,1298.97,4,191.39,1,381.27,5,,,698.86,5,211.58,2,269.14,5,717.7,5,247.46,5,EUR,168.48,Special Illustration Rare,mega-greninja-ex,,https://www.tcggo.com/pokemon/chaos-rising/mega-greninja-ex-116,CRI-116,693517,singles
2026-08-23T17:06:43+02:00,,385,Teeziro,teeziro,CRI 117,117,886510,86,122,CRI,Pokémon,pokemon,413,https://images.tcggo.com/tcggo/storage/33952/Chaos-Rising.logo.431.webp,Chaos Rising,EUR,616.08,EUR,583.99,2026-05-22,17,Mega Evolution,mega-evolution,chaos-rising,,35144,https://images.tcggo.com/tcggo/storage/35967/mega-floette-ex.webp,https://www.tcggo.com/external/cm/35144,https://www.tcggo.com/external/tcgplayer/35144,Mega Floette ex,Mega Floette ex 117,30.71,27.3,421,EUR,[],29.5,22,22,24,24,32.5,38,38,20.5,20.5,USD,69.43,5,,,,,163.36,1,,,136.82,2,,,205.61,5,,,35.89,1,,,,,EUR,26.85,Special Illustration Rare,mega-floette-ex,,https://www.tcggo.com/pokemon/chaos-rising/mega-floette-ex-117,CRI-117,693513,singles
2026-08-23T17:06:43+02:00,,439,Kazumasa Yasukuni,kazumasa-yasukuni,CRI 118,118,886511,86,122,CRI,Pokémon,pokemon,413,https://images.tcggo.com/tcggo/storage/33952/Chaos-Rising.logo.431.webp,Chaos Rising,EUR,616.08,EUR,583.99,2026-05-22,17,Mega Evolution,mega-evolution,chaos-rising,,35145,https://images.tcggo.com/tcggo/storage/35968/mega-dragalge-ex.webp,https://www.tcggo.com/external/cm/35145,https://www.tcggo.com/external/tcgplayer/35145,Mega Dragalge ex,Mega Dragalge ex 118,37.18,34.74,391,EUR,[],39.49,28,28,29,29,39.49,38,38,29,29,USD,63.1,5,30,1,46.35,4,,,44.1,1,77.17,2,44.1,1,134.87,5,,,31.53,5,,,,,EUR,33.83,Special Illustration Rare,mega-dragalge-ex,,https://www.tcggo.com/pokemon/chaos-rising/mega-dragalge-ex-118,CRI-118,693510,singles
2026-08-23T17:06:43+02:00,,515,Keisin,keisin,CRI 119,119,886512,86,122,CRI,Pokémon,pokemon,413,https://images.tcggo.com/tcggo/storage/33952/Chaos-Rising.logo.431.webp,Chaos Rising,EUR,616.08,EUR,583.99,2026-05-22,17,Mega Evolution,mega-evolution,chaos-rising,,35146,https://images.tcggo.com/tcggo/storage/35969/cinccino-ex.webp,https://www.tcggo.com/external/cm/35146,https://www.tcggo.com/external/tcgplayer/35146,Cinccino ex,Cinccino ex 119,43.92,40.35,349,EUR,[],55,32.99,32.99,30,30,55,45,45,19.9,19.9,USD,141.75,5,,,88.42,1,,,,,371.61,2,,,64.94,5,,,82.61,1,344.91,3,,,EUR,52.94,Special Illustration Rare,cinccino-ex,,https://www.tcggo.com/pokemon/chaos-rising/cinccino-ex-119,CRI-119,693465,singles
2026-08-23T17:06:43+02:00,,394,OKACHEKE,okacheke,CRI 120,120,886513,86,122,CRI,Pokémon,pokemon,413,https://images.tcggo.com/tcggo/storage/33952/Chaos-Rising.logo.431.webp,Chaos Rising,EUR,616.08,EUR,583.99,2026-05-22,17,Mega Evolution,mega-evolution,chaos-rising,,35147,https://images.tcggo.com/tcggo/storage/35972/azs-tranquility.webp,https://www.tcggo.com/external/cm/35147,https://www.tcggo.com/external/tcgplayer/35147,AZ's Tranquility,AZ's Tranquility 120,22.85,22.2,310,EUR,[],22,16.5,16.5,22,22,24.9,27.99,27.99,14,14,USD,66.28,4,,,,,,,,,,,,,32.03,5,,,51.27,2,,,,,EUR,23.84,Special Illustration Rare,azs-tranquility,,https://www.tcggo.com/pokemon/chaos-rising/azs-tranquility-120,CRI-120,693451,singles
2026-08-23T17:06:43+02:00,,820,Tomowaka,tomowaka,CRI 121,121,886514,86,122,CRI,Pokémon,pokemon,413,https://images.tcggo.com/tcggo/storage/33952/Chaos-Rising.logo.431.webp,Chaos Rising,EUR,616.08,EUR,583.99,2026-05-22,17,Mega Evolution,mega-evolution,chaos-rising,,35148,https://images.tcggo.com/tcggo/storage/35970/roxies-performance.webp,https://www.tcggo.com/external/cm/35148,https://www.tcggo.com/external/tcgplayer/35148,Roxie's Performance,Roxie's Performance 121,18.11,16.34,322,EUR,[],18,10.5,10.5,16.99,16.99,19.5,16.99,16.99,9.9,9.9,USD,,,,,,,,,,,,,,,32.59,5,41.83,1,,,,,,,EUR,18.97,Special Illustration Rare,roxies-performance,,https://www.tcggo.com/pokemon/chaos-rising/roxies-performance-121,CRI-121,693542,singles
2026-08-23T17:06:43+02:00,,490,takuyoa,takuyoa,CRI 122,122,886515,86,122,CRI,Pokémon,pokemon,413,https://images.tcggo.com/tcggo/storage/33952/Chaos-Rising.logo.431.webp,Chaos Rising,EUR,616.08,EUR,583.99,2026-05-22,17,Mega Evolution,mega-evolution,chaos-rising,,35149,https://images.tcggo.com/tcggo/storage/35971/mega-greninja-ex.webp,https://www.tcggo.com/external/cm/35149,https://www.tcggo.com/external/tcgplayer/35149,Mega Greninja ex,Mega Greninja ex 122,145.59,138.39,325,EUR,[],154.55,113,113,129,129,160,160,160,105,105,USD,337.78,5,,,165.81,5,,,,,328.2,4,354,1,941.37,5,228.02,1,254.93,5,1317.66,2,295.31,3,EUR,148.88,Hyper Rare,mega-greninja-ex,,https://www.tcggo.com/pokemon/chaos-rising/mega-greninja-ex-122,CRI-122,693518,singles
