captured_at,artist,artist.id,artist.name,artist.slug,card_code_number,card_number,cardmarket_id,episode.cards_printed_total,episode.cards_total,episode.code,episode.game.name,episode.game.slug,episode.id,episode.logo,episode.name,episode.prices.cardmarket.currency,episode.prices.cardmarket.total,episode.prices.tcgplayer.currency,episode.prices.tcgplayer.total,episode.released_at,episode.series.id,episode.series.name,episode.series.slug,episode.slug,hp,id,image,links.cardmarket,links.tcgplayer,name,name_numbered,prices,prices.cardmarket.30d_average,prices.cardmarket.7d_average,prices.cardmarket.available_items,prices.cardmarket.currency,prices.cardmarket.graded,prices.cardmarket.lowest_near_mint,prices.cardmarket.lowest_near_mint_DE,prices.cardmarket.lowest_near_mint_DE_EU_only,prices.cardmarket.lowest_near_mint_ES,prices.cardmarket.lowest_near_mint_ES_EU_only,prices.cardmarket.lowest_near_mint_EU_only,prices.cardmarket.lowest_near_mint_FR,prices.cardmarket.lowest_near_mint_FR_EU_only,prices.cardmarket.lowest_near_mint_IT,prices.cardmarket.lowest_near_mint_IT_EU_only,prices.ebay.currency,prices.ebay.graded.ace.10.median_price,prices.ebay.graded.ace.10.sample_size,prices.ebay.graded.ace.7.median_price,prices.ebay.graded.ace.7.sample_size,prices.ebay.graded.ace.8.median_price,prices.ebay.graded.ace.8.sample_size,prices.ebay.graded.ace.9.median_price,prices.ebay.graded.ace.9.sample_size,prices.ebay.graded.bgs.10.median_price,prices.ebay.graded.bgs.10.sample_size,prices.ebay.graded.bgs.9.median_price,prices.ebay.graded.bgs.9.sample_size,prices.ebay.graded.cgc.10.median_price,prices.ebay.graded.cgc.10.sample_size,prices.ebay.graded.psa.10.median_price,prices.ebay.graded.psa.10.sample_size,prices.ebay.graded.psa.7.median_price,prices.ebay.graded.psa.7.sample_size,prices.ebay.graded.psa.8.median_price,prices.ebay.graded.psa.8.sample_size,prices.ebay.graded.psa.9.median_price,prices.ebay.graded.psa.9.sample_size,prices.ebay.graded.tag.10.median_price,prices.ebay.graded.tag.10.sample_size,prices.ebay.graded.tag.9.median_price,prices.ebay.graded.tag.9.sample_size,prices.tcg_player.currency,prices.tcg_player.market_price,rarity,slug,supertype,tcggo_url,tcgid,tcgplayer_id,type
2026-08-23T17:06:43+02:00,,367,Katsunori Sato,katsunori-sato,POR 1,1,877413,88,124,POR,Pokémon,pokemon,399,https://images.tcggo.com/tcggo/storage/32311/Pokemon_TCG_Mega_Evolution—Perfect_Order_Logo.png,Perfect Order,EUR,578.36,EUR,542.27,2026-03-27,17,Mega Evolution,mega-evolution,perfect-order,60,31799,https://images.tcggo.com/tcggo/storage/32187/spinarak.webp,https://www.tcggo.com/external/cm/31799,https://www.tcggo.com/external/tcgplayer/31799,Spinarak,Spinarak 1,,0.02,0.02,11316,EUR,[],0.02,0.02,0.02,0.02,0.02,0.02,0.02,0.02,0.02,0.02,,,,,,,,,,,,,,,,,,,,,,,,,,,,EUR,0.14,Common,spinarak,,https://www.tcggo.com/pokemon/perfect-order/spinarak,POR-1,684397,singles
2026-08-23T17:06:43+02:00,,764,svlt,svlt,POR 2,2,877414,88,124,POR,Pokémon,pokemon,399,https://images.tcggo.com/tcggo/storage/32311/Pokemon_TCG_Mega_Evolution—Perfect_Order_Logo.png,Perfect Order,EUR,578.36,EUR,542.27,2026-03-27,17,Mega Evolution,mega-evolution,perfect-order,110,31800,https://images.tcggo.com/tcggo/storage/32188/ariados.webp,https://www.tcggo.com/external/cm/31800,https://www.tcggo.com/external/tcgplayer/31800,Ariados,Ariados 2,,0.03,0.02,10277,EUR,[],0.02,0.02,0.02,0.02,0.02,0.02,0.02,0.02,0.02,0.02,,,,,,,,,,,,,,,,,,,,,,,,,,,,EUR,0.15,Common,ariados,,https://www.tcggo.com/pokemon/perfect-order/ariados,POR-2,684398,singles
2026-08-23T17:06:43+02:00,,391,saino misaki,saino-misaki,POR 3,3,877415,88,124,POR,Pokémon,pokemon,399,https://images.tcggo.com/tcggo/storage/32311/Pokemon_TCG_Mega_Evolution—Perfect_Order_Logo.png,Perfect Order,EUR,578.36,EUR,542.27,2026-03-27,17,Mega Evolution,mega-evolution,perfect-order,70,31801,https://images.tcggo.com/tcggo/storage/32189/shaymin.webp,https://www.tcggo.com/external/cm/31801,https://www.tcggo.com/external/tcgplayer/31801,Shaymin,Shaymin 3,,0.03,0.03,13421,EUR,[],0.03,0.02,0.02,0.02,0.02,0.02,0.02,0.02,0.02,0.02,,,,,,,,,,,,,,,,,,,,,,,,,,,,EUR,0.18,Uncommon,shaymin,,https://www.tcggo.com/pokemon/perfect-order/shaymin,POR-3,684399,singles
2026-08-23T17:06:43+02:00,,406,Narumi Sato,narumi-sato,POR 4,4,877416,88,124,POR,Pokémon,pokemon,399,https://images.tcggo.com/tcggo/storage/32311/Pokemon_TCG_Mega_Evolution—Perfect_Order_Logo.png,Perfect Order,EUR,578.36,EUR,542.27,2026-03-27,17,Mega Evolution,mega-evolution,perfect-order,70,31802,https://images.tcggo.com/tcggo/storage/32190/snivy.webp,https://www.tcggo.com/external/cm/31802,https://www.tcggo.com/external/tcgplayer/31802,Snivy,Snivy 4,,0.03,0.02,11002,EUR,[],0.02,0.02,0.02,0.02,0.02,0.02,0.02,0.02,0.02,0.02,,,,,,,,,,,,,,,,,,,,,,,,,,,,EUR,0.16,Common,snivy,,https://www.tcggo.com/pokemon/perfect-order/snivy,POR-4,684400,singles
2026-08-23T17:06:43+02:00,,397,Kurata So,kurata-so,POR 5,5,877417,88,124,POR,Pokémon,pokemon,399,https://images.tcggo.com/tcggo/storage/32311/Pokemon_TCG_Mega_Evolution—Perfect_Order_Logo.png,Perfect Order,EUR,578.36,EUR,542.27,2026-03-27,17,Mega Evolution,mega-evolution,perfect-order,100,31803,https://images.tcggo.com/tcggo/storage/32191/servine.webp,https://www.tcggo.com/external/cm/31803,https://www.tcggo.com/external/tcgplayer/31803,Servine,Servine 5,,0.03,0.02,10830,EUR,[],0.02,0.02,0.02,0.02,0.02,0.02,0.02,0.02,0.02,0.02,,,,,,,,,,,,,,,,,,,,,,,,,,,,EUR,0.2,Common,servine,,https://www.tcggo.com/pokemon/perfect-order/servine,POR-5,684401,singles
2026-08-23T17:06:43+02:00,,414,kodama,kodama,POR 6,6,877418,88,124,POR,Pokémon,pokemon,399,https://images.tcggo.com/tcggo/storage/32311/Pokemon_TCG_Mega_Evolution—Perfect_Order_Logo.png,Perfect Order,EUR,578.36,EUR,542.27,2026-03-27,17,Mega Evolution,mega-evolution,perfect-order,160,31804,https://images.tcggo.com/tcggo/storage/32192/serperior.webp,https://www.tcggo.com/external/cm/31804,https://www.tcggo.com/external/tcgplayer/31804,Serperior,Serperior 6,,0.05,0.05,7966,EUR,[],0.02,0.02,0.02,0.02,0.02,0.02,0.02,0.02,0.02,0.02,,,,,,,,,,,,,,,,,,,,,,,,,,,,EUR,0.22,rare,serperior,,https://www.tcggo.com/pokemon/perfect-order/serperior,POR-6,684402,singles
2026-08-23T17:06:43+02:00,,394,OKACHEKE,okacheke,POR 7,7,877419,88,124,POR,Pokémon,pokemon,399,https://images.tcggo.com/tcggo/storage/32311/Pokemon_TCG_Mega_Evolution—Perfect_Order_Logo.png,Perfect Order,EUR,578.36,EUR,542.27,2026-03-27,17,Mega Evolution,mega-evolution,perfect-order,40,31805,https://images.tcggo.com/tcggo/storage/32193/scatterbug.webp,https://www.tcggo.com/external/cm/31805,https://www.tcggo.com/external/tcgplayer/31805,Scatterbug,Scatterbug 7,,0.03,0.02,10850,EUR,[],0.02,0.02,0.02,0.02,0.02,0.02,0.02,0.02,0.02,0.02,,,,,,,,,,,,,,,,,,,,,,,,,,,,EUR,0.15,Common,scatterbug,,https://www.tcggo.com/pokemon/perfect-order/scatterbug,POR-7,684363,singles
2026-08-23T17:06:43+02:00,,361,Ounishi,ounishi,POR 8,8,877420,88,124,POR,Pokémon,pokemon,399,https://images.tcggo.com/tcggo/storage/32311/Pokemon_TCG_Mega_Evolution—Perfect_Order_Logo.png,Perfect Order,EUR,578.36,EUR,542.27,2026-03-27,17,Mega Evolution,mega-evolution,perfect-order,80,31806,https://images.tcggo.com/tcggo/storage/32194/spewpa.webp,https://www.tcggo.com/external/cm/31806,https://www.tcggo.com/external/tcgplayer/31806,Spewpa,Spewpa 8,,0.03,0.02,9918,EUR,[],0.02,0.02,0.02,0.02,0.02,0.02,0.02,0.02,0.02,0.02,,,,,,,,,,,,,,,,,,,,,,,,,,,,EUR,0.19,Common,spewpa,,https://www.tcggo.com/pokemon/perfect-order/spewpa,POR-8,684364,singles
2026-08-23T17:06:43+02:00,,423,mingo,mingo,POR 9,9,877421,88,124,POR,Pokémon,pokemon,399,https://images.tcggo.com/tcggo/storage/32311/Pokemon_TCG_Mega_Evolution—Perfect_Order_Logo.png,Perfect Order,EUR,578.36,EUR,542.27,2026-03-27,17,Mega Evolution,mega-evolution,perfect-order,120,31807,https://images.tcggo.com/tcggo/storage/32195/vivillon.webp,https://www.tcggo.com/external/cm/31807,https://www.tcggo.com/external/tcgplayer/31807,Vivillon,Vivillon 9,,0.03,0.03,11916,EUR,[],0.03,0.02,0.02,0.02,0.02,0.02,0.02,0.02,0.02,0.02,,,,,,,,,,,,,,,,,,,,,,,,,,,,EUR,0.18,Uncommon,vivillon,,https://www.tcggo.com/pokemon/perfect-order/vivillon,POR-9,684366,singles
2026-08-23T17:06:43+02:00,,413,Atsuya Uki,atsuya-uki,POR 10,10,877422,88,124,POR,Pokémon,pokemon,399,https://images.tcggo.com/tcggo/storage/32311/Pokemon_TCG_Mega_Evolution—Perfect_Order_Logo.png,Perfect Order,EUR,578.36,EUR,542.27,2026-03-27,17,Mega Evolution,mega-evolution,perfect-order,80,31808,https://images.tcggo.com/tcggo/storage/32196/rowlet.webp,https://www.tcggo.com/external/cm/31808,https://www.tcggo.com/external/tcgplayer/31808,Rowlet,Rowlet 10,,0.03,0.02,9548,EUR,[],0.02,0.02,0.02,0.02,0.02,0.02,0.02,0.02,0.02,0.02,,,,,,,,,,,,,,,,,,,,,,,,,,,,EUR,0.21,Common,rowlet,,https://www.tcggo.com/pokemon/perfect-order/rowlet,POR-10,684367,singles
2026-08-23T17:06:43+02:00,,404,aspara,aspara,POR 11,11,877423,88,124,POR,Pokémon,pokemon,399,https://images.tcggo.com/tcggo/storage/32311/Pokemon_TCG_Mega_Evolution—Perfect_Order_Logo.png,Perfect Order,EUR,578.36,EUR,542.27,2026-03-27,17,Mega Evolution,mega-evolution,perfect-order,100,31809,https://images.tcggo.com/tcggo/storage/32197/dartrix.webp,https://www.tcggo.com/external/cm/31809,https://www.tcggo.com/external/tcgplayer/31809,Dartrix,Dartrix 11,,0.03,0.03,9653,EUR,[],0.02,0.02,0.02,0.02,0.02,0.02,0.02,0.02,0.02,0.02,,,,,,,,,,,,,,,,,,,,,,,,,,,,EUR,0.16,Common,dartrix,,https://www.tcggo.com/pokemon/perfect-order/dartrix,POR-11,684369,singles
2026-08-23T17:06:43+02:00,,371,aky CG Works,aky-cg-works,POR 12,12,877424,88,124,POR,Pokémon,pokemon,399,https://images.tcggo.com/tcggo/storage/32311/Pokemon_TCG_Mega_Evolution—Perfect_Order_Logo.png,Perfect Order,EUR,578.36,EUR,542.27,2026-03-27,17,Mega Evolution,mega-evolution,perfect-order,320,31810,https://images.tcggo.com/tcggo/storage/32198/decidueye-ex.webp,https://www.tcggo.com/external/cm/31810,https://www.tcggo.com/external/tcgplayer/31810,Decidueye ex,Decidueye ex 12,,0.45,0.4,2138,EUR,[],0.08,0.1,0.1,0.2,0.2,0.08,0.1,0.1,0.02,0.02,,,,,,,,,,,,,,,,,,,,,,,,,,,,EUR,0.49,Double Rare,decidueye-ex,,https://www.tcggo.com/pokemon/perfect-order/decidueye-ex,POR-12,684370,singles
2026-08-23T17:06:43+02:00,,530,Sumiyoshi Kizuki,sumiyoshi-kizuki,POR 13,13,877425,88,124,POR,Pokémon,pokemon,399,https://images.tcggo.com/tcggo/storage/32311/Pokemon_TCG_Mega_Evolution—Perfect_Order_Logo.png,Perfect Order,EUR,578.36,EUR,542.27,2026-03-27,17,Mega Evolution,mega-evolution,perfect-order,90,31811,https://images.tcggo.com/tcggo/storage/32199/fletchinder.webp,https://www.tcggo.com/external/cm/31811,https://www.tcggo.com/external/tcgplayer/31811,Fletchinder,Fletchinder 13,,0.03,0.03,10025,EUR,[],0.02,0.02,0.02,0.02,0.02,0.02,0.02,0.02,0.02,0.02,,,,,,,,,,,,,,,,,,,,,,,,,,,,EUR,0.15,Common,fletchinder,,https://www.tcggo.com/pokemon/perfect-order/fletchinder,POR-13,684404,singles
2026-08-23T17:06:43+02:00,,421,Shinji Kanda,shinji-kanda,POR 14,14,877426,88,124,POR,Pokémon,pokemon,399,https://images.tcggo.com/tcggo/storage/32311/Pokemon_TCG_Mega_Evolution—Perfect_Order_Logo.png,Perfect Order,EUR,578.36,EUR,542.27,2026-03-27,17,Mega Evolution,mega-evolution,perfect-order,150,31812,https://images.tcggo.com/tcggo/storage/32200/talonflame.webp,https://www.tcggo.com/external/cm/31812,https://www.tcggo.com/external/tcgplayer/31812,Talonflame,Talonflame 14,,0.03,0.03,11575,EUR,[],0.02,0.02,0.02,0.02,0.02,0.02,0.02,0.02,0.02,0.02,,,,,,,,,,,,,,,,,,,,,,,,,,,,EUR,0.21,Uncommon,talonflame,,https://www.tcggo.com/pokemon/perfect-order/talonflame,POR-14,684405,singles
2026-08-23T17:06:43+02:00,,1069,Kazuhisa Uragami,kazuhisa-uragami,POR 15,15,877427,88,124,POR,Pokémon,pokemon,399,https://images.tcggo.com/tcggo/storage/32311/Pokemon_TCG_Mega_Evolution—Perfect_Order_Logo.png,Perfect Order,EUR,578.36,EUR,542.27,2026-03-27,17,Mega Evolution,mega-evolution,perfect-order,70,31813,https://images.tcggo.com/tcggo/storage/32201/salandit.webp,https://www.tcggo.com/external/cm/31813,https://www.tcggo.com/external/tcgplayer/31813,Salandit,Salandit 15,,0.03,0.02,10176,EUR,[],0.02,0.02,0.02,0.02,0.02,0.02,0.02,0.02,0.02,0.02,,,,,,,,,,,,,,,,,,,,,,,,,,,,EUR,0.16,Common,salandit,,https://www.tcggo.com/pokemon/perfect-order/salandit,POR-15,684382,singles
2026-08-23T17:06:43+02:00,,380,5ban Graphics,5ban-graphics,POR 16,16,877428,88,124,POR,Pokémon,pokemon,399,https://images.tcggo.com/tcggo/storage/32311/Pokemon_TCG_Mega_Evolution—Perfect_Order_Logo.png,Perfect Order,EUR,578.36,EUR,542.27,2026-03-27,17,Mega Evolution,mega-evolution,perfect-order,260,31814,https://images.tcggo.com/tcggo/storage/32202/salazzle-ex.webp,https://www.tcggo.com/external/cm/31814,https://www.tcggo.com/external/tcgplayer/31814,Salazzle ex,Salazzle ex 16,,0.36,0.34,2680,EUR,[],0.05,0.1,0.1,0.08,0.08,0.05,0.03,0.03,0.03,0.03,,,,,,,,,,,,,,,,,,,,,,,,,,,,EUR,0.36,Double Rare,salazzle-ex,,https://www.tcggo.com/pokemon/perfect-order/salazzle-ex,POR-16,684376,singles
2026-08-23T17:06:43+02:00,,447,Hasuno,hasuno,POR 17,17,877429,88,124,POR,Pokémon,pokemon,399,https://images.tcggo.com/tcggo/storage/32311/Pokemon_TCG_Mega_Evolution—Perfect_Order_Logo.png,Perfect Order,EUR,578.36,EUR,542.27,2026-03-27,17,Mega Evolution,mega-evolution,perfect-order,120,31815,https://images.tcggo.com/tcggo/storage/32203/turtonator.webp,https://www.tcggo.com/external/cm/31815,https://www.tcggo.com/external/tcgplayer/31815,Turtonator,Turtonator 17,,0.02,0.03,12445,EUR,[],0.02,0.02,0.02,0.02,0.02,0.02,0.02,0.02,0.02,0.02,,,,,,,,,,,,,,,,,,,,,,,,,,,,EUR,0.18,Uncommon,turtonator,,https://www.tcggo.com/pokemon/perfect-order/turtonator,POR-17,684407,singles
2026-08-23T17:06:43+02:00,,768,Kanami Ogata,kanami-ogata,POR 18,18,877430,88,124,POR,Pokémon,pokemon,399,https://images.tcggo.com/tcggo/storage/32311/Pokemon_TCG_Mega_Evolution—Perfect_Order_Logo.png,Perfect Order,EUR,578.36,EUR,542.27,2026-03-27,17,Mega Evolution,mega-evolution,perfect-order,80,31816,https://images.tcggo.com/tcggo/storage/32204/seel.webp,https://www.tcggo.com/external/cm/31816,https://www.tcggo.com/external/tcgplayer/31816,Seel,Seel 18,,0.03,0.02,9932,EUR,[],0.02,0.02,0.02,0.02,0.02,0.02,0.02,0.02,0.02,0.02,,,,,,,,,,,,,,,,,,,,,,,,,,,,EUR,0.18,Common,seel,,https://www.tcggo.com/pokemon/perfect-order/seel,POR-18,684372,singles
2026-08-23T17:06:43+02:00,,504,Yoshioka,yoshioka,POR 19,19,877431,88,124,POR,Pokémon,pokemon,399,https://images.tcggo.com/tcggo/storage/32311/Pokemon_TCG_Mega_Evolution—Perfect_Order_Logo.png,Perfect Order,EUR,578.36,EUR,542.27,2026-03-27,17,Mega Evolution,mega-evolution,perfect-order,130,31817,https://images.tcggo.com/tcggo/storage/32205/dewgong.webp,https://www.tcggo.com/external/cm/31817,https://www.tcggo.com/external/tcgplayer/31817,Dewgong,Dewgong 19,,0.05,0.06,7874,EUR,[],0.02,0.02,0.02,0.02,0.02,0.02,0.02,0.02,0.02,0.02,,,,,,,,,,,,,,,,,,,,,,,,,,,,EUR,0.21,rare,dewgong,,https://www.tcggo.com/pokemon/perfect-order/dewgong,POR-19,684373,singles
2026-08-23T17:06:43+02:00,,436,Takeshi Nakamura,takeshi-nakamura,POR 20,20,877432,88,124,POR,Pokémon,pokemon,399,https://images.tcggo.com/tcggo/storage/32311/Pokemon_TCG_Mega_Evolution—Perfect_Order_Logo.png,Perfect Order,EUR,578.36,EUR,542.27,2026-03-27,17,Mega Evolution,mega-evolution,perfect-order,70,31818,https://images.tcggo.com/tcggo/storage/32206/staryu.webp,https://www.tcggo.com/external/cm/31818,https://www.tcggo.com/external/tcgplayer/31818,Staryu,Staryu 20,,0.06,0.04,8354,EUR,[],0.02,0.02,0.02,0.02,0.02,0.02,0.02,0.02,0.02,0.02,,,,,,,,,,,,,,,,,,,,,,,,,,,,EUR,0.23,Common,staryu,,https://www.tcggo.com/pokemon/perfect-order/staryu,POR-20,684374,singles
2026-08-23T17:06:43+02:00,,380,5ban Graphics,5ban-graphics,POR 21,21,877433,88,124,POR,Pokémon,pokemon,399,https://images.tcggo.com/tcggo/storage/32311/Pokemon_TCG_Mega_Evolution—Perfect_Order_Logo.png,Perfect Order,EUR,578.36,EUR,542.27,2026-03-27,17,Mega Evolution,mega-evolution,perfect-order,330,31819,https://images.tcggo.com/tcggo/storage/32207/mega-starmie-ex.webp,https://www.tcggo.com/external/cm/31819,https://www.tcggo.com/external/tcgplayer/31819,Mega Starmie ex,Mega Starmie ex 21,,0.82,0.81,1829,EUR,[],0.25,0.28,0.3,0.49,0.49,0.3,1.45,0.4,0.2,0.2,,,,,,,,,,,,,,,,,,,,,,,,,,,,EUR,0.52,Double Rare,mega-starmie-ex,,https://www.tcggo.com/pokemon/perfect-order/mega-starmie-ex,POR-21,684360,singles
2026-08-23T17:06:43+02:00,,380,5ban Graphics,5ban-graphics,POR 22,22,877434,88,124,POR,Pokémon,pokemon,399,https://images.tcggo.com/tcggo/storage/32311/Pokemon_TCG_Mega_Evolution—Perfect_Order_Logo.png,Perfect Order,EUR,578.36,EUR,542.27,2026-03-27,17,Mega Evolution,mega-evolution,perfect-order,210,31820,https://images.tcggo.com/tcggo/storage/32208/lapras-ex.webp,https://www.tcggo.com/external/cm/31820,https://www.tcggo.com/external/tcgplayer/31820,Lapras ex,Lapras ex 22,,0.51,0.48,2401,EUR,[],0.05,0.04,0.04,0.13,0.13,0.05,0.3,0.3,0.05,0.05,,,,,,,,,,,,,,,,,,,,,,,,,,,,EUR,0.5,Double Rare,lapras-ex,,https://www.tcggo.com/pokemon/perfect-order/lapras-ex,POR-22,684329,singles
2026-08-23T17:06:43+02:00,,402,Hitoshi Ariga,hitoshi-ariga,POR 23,23,877435,88,124,POR,Pokémon,pokemon,399,https://images.tcggo.com/tcggo/storage/32311/Pokemon_TCG_Mega_Evolution—Perfect_Order_Logo.png,Perfect Order,EUR,578.36,EUR,542.27,2026-03-27,17,Mega Evolution,mega-evolution,perfect-order,100,31821,https://images.tcggo.com/tcggo/storage/32209/amaura.webp,https://www.tcggo.com/external/cm/31821,https://www.tcggo.com/external/tcgplayer/31821,Amaura,Amaura 23,,0.03,0.03,9355,EUR,[],0.03,0.02,0.02,0.02,0.02,0.02,0.02,0.02,0.02,0.02,,,,,,,,,,,,,,,,,,,,,,,,,,,,EUR,0.25,Common,amaura,,https://www.tcggo.com/pokemon/perfect-order/amaura,POR-23,684355,singles
2026-08-23T17:06:43+02:00,,1242,HACCAN,haccan,POR 24,24,877437,88,124,POR,Pokémon,pokemon,399,https://images.tcggo.com/tcggo/storage/32311/Pokemon_TCG_Mega_Evolution—Perfect_Order_Logo.png,Perfect Order,EUR,578.36,EUR,542.27,2026-03-27,17,Mega Evolution,mega-evolution,perfect-order,170,31822,https://images.tcggo.com/tcggo/storage/32210/aurorus.webp,https://www.tcggo.com/external/cm/31822,https://www.tcggo.com/external/tcgplayer/31822,Aurorus,Aurorus 24,,0.06,0.05,7562,EUR,[],0.03,0.02,0.02,0.02,0.02,0.02,0.02,0.02,0.02,0.02,,,,,,,,,,,,,,,,,,,,,,,,,,,,EUR,0.23,rare,aurorus,,https://www.tcggo.com/pokemon/perfect-order/aurorus,POR-24,684356,singles
2026-08-23T17:06:43+02:00,,434,AKIRA EGAWA,akira-egawa,POR 25,25,877438,88,124,POR,Pokémon,pokemon,399,https://images.tcggo.com/tcggo/storage/32311/Pokemon_TCG_Mega_Evolution—Perfect_Order_Logo.png,Perfect Order,EUR,578.36,EUR,542.27,2026-03-27,17,Mega Evolution,mega-evolution,perfect-order,130,31823,https://images.tcggo.com/tcggo/storage/32211/volcanion.webp,https://www.tcggo.com/external/cm/31823,https://www.tcggo.com/external/tcgplayer/31823,Volcanion,Volcanion 25,,0.02,0.03,12454,EUR,[],0.02,0.02,0.02,0.02,0.02,0.02,0.02,0.02,0.02,0.02,,,,,,,,,,,,,,,,,,,,,,,,,,,,EUR,0.18,Uncommon,volcanion,,https://www.tcggo.com/pokemon/perfect-order/volcanion,POR-25,684408,singles
2026-08-23T17:06:43+02:00,,370,Saboteri,saboteri,POR 26,26,877439,88,124,POR,Pokémon,pokemon,399,https://images.tcggo.com/tcggo/storage/32311/Pokemon_TCG_Mega_Evolution—Perfect_Order_Logo.png,Perfect Order,EUR,578.36,EUR,542.27,2026-03-27,17,Mega Evolution,mega-evolution,perfect-order,70,31824,https://images.tcggo.com/tcggo/storage/32212/shinx.webp,https://www.tcggo.com/external/cm/31824,https://www.tcggo.com/external/tcgplayer/31824,Shinx,Shinx 26,,0.03,0.04,9788,EUR,[],0.02,0.02,0.02,0.02,0.02,0.02,0.02,0.02,0.02,0.02,,,,,,,,,,,,,,,,,,,,,,,,,,,,EUR,0.19,Common,shinx,,https://www.tcggo.com/pokemon/perfect-order/shinx,POR-26,684409,singles
2026-08-23T17:06:43+02:00,,514,Atsuko Nishida,atsuko-nishida,POR 27,27,877440,88,124,POR,Pokémon,pokemon,399,https://images.tcggo.com/tcggo/storage/32311/Pokemon_TCG_Mega_Evolution—Perfect_Order_Logo.png,Perfect Order,EUR,578.36,EUR,542.27,2026-03-27,17,Mega Evolution,mega-evolution,perfect-order,90,31825,https://images.tcggo.com/tcggo/storage/32213/luxio.webp,https://www.tcggo.com/external/cm/31825,https://www.tcggo.com/external/tcgplayer/31825,Luxio,Luxio 27,,0.03,0.04,12272,EUR,[],0.03,0.02,0.02,0.02,0.02,0.02,0.02,0.02,0.02,0.02,,,,,,,,,,,,,,,,,,,,,,,,,,,,EUR,0.18,Uncommon,luxio,,https://www.tcggo.com/pokemon/perfect-order/luxio,POR-27,684410,singles
2026-08-23T17:06:43+02:00,,480,Taiga Kasai,taiga-kasai,POR 28,28,877441,88,124,POR,Pokémon,pokemon,399,https://images.tcggo.com/tcggo/storage/32311/Pokemon_TCG_Mega_Evolution—Perfect_Order_Logo.png,Perfect Order,EUR,578.36,EUR,542.27,2026-03-27,17,Mega Evolution,mega-evolution,perfect-order,150,31826,https://images.tcggo.com/tcggo/storage/32214/luxray.webp,https://www.tcggo.com/external/cm/31826,https://www.tcggo.com/external/tcgplayer/31826,Luxray,Luxray 28,,0.05,0.04,8005,EUR,[],0.02,0.02,0.02,0.02,0.02,0.02,0.02,0.02,0.02,0.02,,,,,,,,,,,,,,,,,,,,,,,,,,,,EUR,0.19,rare,luxray,,https://www.tcggo.com/pokemon/perfect-order/luxray,POR-28,684411,singles
2026-08-23T17:06:43+02:00,,381,sowsow,sowsow,POR 29,29,877442,88,124,POR,Pokémon,pokemon,399,https://images.tcggo.com/tcggo/storage/32311/Pokemon_TCG_Mega_Evolution—Perfect_Order_Logo.png,Perfect Order,EUR,578.36,EUR,542.27,2026-03-27,17,Mega Evolution,mega-evolution,perfect-order,70,31827,https://images.tcggo.com/tcggo/storage/32215/dedenne.webp,https://www.tcggo.com/external/cm/31827,https://www.tcggo.com/external/tcgplayer/31827,Dedenne,Dedenne 29,,0.03,0.03,9728,EUR,[],0.02,0.02,0.02,0.02,0.02,0.02,0.02,0.02,0.02,0.02,,,,,,,,,,,,,,,,,,,,,,,,,,,,EUR,0.18,Common,dedenne,,https://www.tcggo.com/pokemon/perfect-order/dedenne,POR-29,684412,singles
2026-08-23T17:06:43+02:00,,528,Natsumi Yoshida,natsumi-yoshida,POR 30,30,877444,88,124,POR,Pokémon,pokemon,399,https://images.tcggo.com/tcggo/storage/32311/Pokemon_TCG_Mega_Evolution—Perfect_Order_Logo.png,Perfect Order,EUR,578.36,EUR,542.27,2026-03-27,17,Mega Evolution,mega-evolution,perfect-order,70,31828,https://images.tcggo.com/tcggo/storage/32216/clefairy.webp,https://www.tcggo.com/external/cm/31828,https://www.tcggo.com/external/tcgplayer/31828,Clefairy,Clefairy 30,,0.03,0.03,9327,EUR,[],0.02,0.02,0.02,0.02,0.02,0.02,0.02,0.02,0.02,0.02,,,,,,,,,,,,,,,,,,,,,,,,,,,,EUR,0.18,Common,clefairy,,https://www.tcggo.com/pokemon/perfect-order/clefairy,POR-30,684414,singles
2026-08-23T17:06:43+02:00,,371,aky CG Works,aky-cg-works,POR 31,31,877445,88,124,POR,Pokémon,pokemon,399,https://images.tcggo.com/tcggo/storage/32311/Pokemon_TCG_Mega_Evolution—Perfect_Order_Logo.png,Perfect Order,EUR,578.36,EUR,542.27,2026-03-27,17,Mega Evolution,mega-evolution,perfect-order,320,31829,https://images.tcggo.com/tcggo/storage/32217/mega-clefable-ex.webp,https://www.tcggo.com/external/cm/31829,https://www.tcggo.com/external/tcgplayer/31829,Mega Clefable ex,Mega Clefable ex 31,,0.58,0.54,2297,EUR,[],0.09,0.25,0.25,0.4,0.4,0.09,0.29,0.29,0.03,0.03,,,,,,,,,,,,,,,,,,,,,,,,,,,,EUR,0.6,Double Rare,mega-clefable-ex,,https://www.tcggo.com/pokemon/perfect-order/mega-clefable-ex,POR-31,684383,singles
2026-08-23T17:06:43+02:00,,394,OKACHEKE,okacheke,POR 32,32,877446,88,124,POR,Pokémon,pokemon,399,https://images.tcggo.com/tcggo/storage/32311/Pokemon_TCG_Mega_Evolution—Perfect_Order_Logo.png,Perfect Order,EUR,578.36,EUR,542.27,2026-03-27,17,Mega Evolution,mega-evolution,perfect-order,110,31830,https://images.tcggo.com/tcggo/storage/32218/mawile.webp,https://www.tcggo.com/external/cm/31830,https://www.tcggo.com/external/tcgplayer/31830,Mawile,Mawile 32,,0.04,0.03,6936,EUR,[],0.02,0.02,0.02,0.02,0.02,0.02,0.02,0.02,0.02,0.02,,,,,,,,,,,,,,,,,,,,,,,,,,,,EUR,0.18,Common,mawile,,https://www.tcggo.com/pokemon/perfect-order/mawile,POR-32,684416,singles
2026-08-23T17:06:43+02:00,,787,Terada Tera,terada-tera,POR 33,33,877447,88,124,POR,Pokémon,pokemon,399,https://images.tcggo.com/tcggo/storage/32311/Pokemon_TCG_Mega_Evolution—Perfect_Order_Logo.png,Perfect Order,EUR,578.36,EUR,542.27,2026-03-27,17,Mega Evolution,mega-evolution,perfect-order,60,31831,https://images.tcggo.com/tcggo/storage/32219/espurr.webp,https://www.tcggo.com/external/cm/31831,https://www.tcggo.com/external/tcgplayer/31831,Espurr,Espurr 33,,0.03,0.02,9817,EUR,[],0.03,0.02,0.02,0.02,0.02,0.02,0.02,0.02,0.02,0.02,,,,,,,,,,,,,,,,,,,,,,,,,,,,EUR,0.2,Common,espurr,,https://www.tcggo.com/pokemon/perfect-order/espurr,POR-33,684417,singles
2026-08-23T17:06:43+02:00,,1247,Kannnu,kannnu,POR 34,34,877448,88,124,POR,Pokémon,pokemon,399,https://images.tcggo.com/tcggo/storage/32311/Pokemon_TCG_Mega_Evolution—Perfect_Order_Logo.png,Perfect Order,EUR,578.36,EUR,542.27,2026-03-27,17,Mega Evolution,mega-evolution,perfect-order,100,31832,https://images.tcggo.com/tcggo/storage/32220/meowstic.webp,https://www.tcggo.com/external/cm/31832,https://www.tcggo.com/external/tcgplayer/31832,Meowstic,Meowstic 34,,0.03,0.03,12353,EUR,[],0.03,0.02,0.02,0.02,0.02,0.02,0.02,0.02,0.02,0.02,,,,,,,,,,,,,,,,,,,,,,,,,,,,EUR,0.19,Uncommon,meowstic,,https://www.tcggo.com/pokemon/perfect-order/meowstic,POR-34,684419,singles
2026-08-23T17:06:43+02:00,,516,Pani Kobayashi,pani-kobayashi,POR 35,35,877449,88,124,POR,Pokémon,pokemon,399,https://images.tcggo.com/tcggo/storage/32311/Pokemon_TCG_Mega_Evolution—Perfect_Order_Logo.png,Perfect Order,EUR,578.36,EUR,542.27,2026-03-27,17,Mega Evolution,mega-evolution,perfect-order,70,31833,https://images.tcggo.com/tcggo/storage/32221/spritzee.webp,https://www.tcggo.com/external/cm/31833,https://www.tcggo.com/external/tcgplayer/31833,Spritzee,Spritzee 35,,0.03,0.03,6589,EUR,[],0.02,0.02,0.02,0.02,0.02,0.02,0.02,0.02,0.02,0.02,,,,,,,,,,,,,,,,,,,,,,,,,,,,EUR,0.2,Common,spritzee,,https://www.tcggo.com/pokemon/perfect-order/spritzee,POR-35,684420,singles
2026-08-23T17:06:43+02:00,,783,Mori Yuu,mori-yuu,POR 36,36,877450,88,124,POR,Pokémon,pokemon,399,https://images.tcggo.com/tcggo/storage/32311/Pokemon_TCG_Mega_Evolution—Perfect_Order_Logo.png,Perfect Order,EUR,578.36,EUR,542.27,2026-03-27,17,Mega Evolution,mega-evolution,perfect-order,120,31834,https://images.tcggo.com/tcggo/storage/32222/aromatisse.webp,https://www.tcggo.com/external/cm/31834,https://www.tcggo.com/external/tcgplayer/31834,Aromatisse,Aromatisse 36,,0.03,0.03,11900,EUR,[],0.02,0.02,0.02,0.02,0.02,0.02,0.02,0.02,0.02,0.02,,,,,,,,,,,,,,,,,,,,,,,,,,,,EUR,0.16,Uncommon,aromatisse,,https://www.tcggo.com/pokemon/perfect-order/aromatisse,POR-36,684421,singles
2026-08-23T17:06:43+02:00,,386,Jerky,jerky,POR 37,37,877451,88,124,POR,Pokémon,pokemon,399,https://images.tcggo.com/tcggo/storage/32311/Pokemon_TCG_Mega_Evolution—Perfect_Order_Logo.png,Perfect Order,EUR,578.36,EUR,542.27,2026-03-27,17,Mega Evolution,mega-evolution,perfect-order,90,31835,https://images.tcggo.com/tcggo/storage/32223/nosepass.webp,https://www.tcggo.com/external/cm/31835,https://www.tcggo.com/external/tcgplayer/31835,Nosepass,Nosepass 37,,0.02,0.02,10320,EUR,[],0.02,0.02,0.02,0.02,0.02,0.02,0.02,0.02,0.02,0.02,,,,,,,,,,,,,,,,,,,,,,,,,,,,EUR,0.16,Common,nosepass,,https://www.tcggo.com/pokemon/perfect-order/nosepass,POR-37,684422,singles
2026-08-23T17:06:43+02:00,,510,Nurikabe,nurikabe,POR 38,38,877452,88,124,POR,Pokémon,pokemon,399,https://images.tcggo.com/tcggo/storage/32311/Pokemon_TCG_Mega_Evolution—Perfect_Order_Logo.png,Perfect Order,EUR,578.36,EUR,542.27,2026-03-27,17,Mega Evolution,mega-evolution,perfect-order,140,31836,https://images.tcggo.com/tcggo/storage/32224/probopass.webp,https://www.tcggo.com/external/cm/31836,https://www.tcggo.com/external/tcgplayer/31836,Probopass,Probopass 38,,0.02,0.02,10313,EUR,[],0.02,0.02,0.02,0.02,0.02,0.02,0.02,0.02,0.02,0.02,,,,,,,,,,,,,,,,,,,,,,,,,,,,EUR,0.16,Common,probopass,,https://www.tcggo.com/pokemon/perfect-order/probopass,POR-38,684423,singles
2026-08-23T17:06:43+02:00,,484,Kagemaru Himeno,kagemaru-himeno,POR 39,39,877453,88,124,POR,Pokémon,pokemon,399,https://images.tcggo.com/tcggo/storage/32311/Pokemon_TCG_Mega_Evolution—Perfect_Order_Logo.png,Perfect Order,EUR,578.36,EUR,542.27,2026-03-27,17,Mega Evolution,mega-evolution,perfect-order,100,31837,https://images.tcggo.com/tcggo/storage/32225/hippopotas.webp,https://www.tcggo.com/external/cm/31837,https://www.tcggo.com/external/tcgplayer/31837,Hippopotas,Hippopotas 39,,0.02,0.02,10196,EUR,[],0.02,0.02,0.02,0.02,0.02,0.02,0.02,0.02,0.02,0.02,,,,,,,,,,,,,,,,,,,,,,,,,,,,EUR,0.14,Common,hippopotas,,https://www.tcggo.com/pokemon/perfect-order/hippopotas,POR-39,684425,singles
2026-08-23T17:06:43+02:00,,377,Souichirou Gunjima,souichirou-gunjima,POR 40,40,877454,88,124,POR,Pokémon,pokemon,399,https://images.tcggo.com/tcggo/storage/32311/Pokemon_TCG_Mega_Evolution—Perfect_Order_Logo.png,Perfect Order,EUR,578.36,EUR,542.27,2026-03-27,17,Mega Evolution,mega-evolution,perfect-order,150,31838,https://images.tcggo.com/tcggo/storage/32226/hippowdon.webp,https://www.tcggo.com/external/cm/31838,https://www.tcggo.com/external/tcgplayer/31838,Hippowdon,Hippowdon 40,,0.03,0.03,12590,EUR,[],0.02,0.02,0.02,0.02,0.02,0.02,0.02,0.02,0.02,0.02,,,,,,,,,,,,,,,,,,,,,,,,,,,,EUR,0.18,Uncommon,hippowdon,,https://www.tcggo.com/pokemon/perfect-order/hippowdon,POR-40,684426,singles
2026-08-23T17:06:43+02:00,,529,aoki,aoki,POR 41,41,877455,88,124,POR,Pokémon,pokemon,399,https://images.tcggo.com/tcggo/storage/32311/Pokemon_TCG_Mega_Evolution—Perfect_Order_Logo.png,Perfect Order,EUR,578.36,EUR,542.27,2026-03-27,17,Mega Evolution,mega-evolution,perfect-order,120,31839,https://images.tcggo.com/tcggo/storage/32227/landorus.webp,https://www.tcggo.com/external/cm/31839,https://www.tcggo.com/external/tcgplayer/31839,Landorus,Landorus 41,,0.05,0.06,8774,EUR,[],0.02,0.02,0.02,0.02,0.02,0.02,0.02,0.02,0.02,0.02,,,,,,,,,,,,,,,,,,,,,,,,,,,,EUR,0.15,rare,landorus,,https://www.tcggo.com/pokemon/perfect-order/landorus,POR-41,684427,singles
2026-08-23T17:06:43+02:00,,405,nagimiso,nagimiso,POR 42,42,877456,88,124,POR,Pokémon,pokemon,399,https://images.tcggo.com/tcggo/storage/32311/Pokemon_TCG_Mega_Evolution—Perfect_Order_Logo.png,Perfect Order,EUR,578.36,EUR,542.27,2026-03-27,17,Mega Evolution,mega-evolution,perfect-order,80,31840,https://images.tcggo.com/tcggo/storage/32228/binacle.webp,https://www.tcggo.com/external/cm/31840,https://www.tcggo.com/external/tcgplayer/31840,Binacle,Binacle 42,,0.04,0.05,8966,EUR,[],0.02,0.02,0.02,0.02,0.02,0.02,0.02,0.02,0.02,0.02,,,,,,,,,,,,,,,,,,,,,,,,,,,,EUR,0.16,Common,binacle,,https://www.tcggo.com/pokemon/perfect-order/binacle,POR-42,684334,singles
2026-08-23T17:06:43+02:00,,439,Kazumasa Yasukuni,kazumasa-yasukuni,POR 43,43,877457,88,124,POR,Pokémon,pokemon,399,https://images.tcggo.com/tcggo/storage/32311/Pokemon_TCG_Mega_Evolution—Perfect_Order_Logo.png,Perfect Order,EUR,578.36,EUR,542.27,2026-03-27,17,Mega Evolution,mega-evolution,perfect-order,130,31841,https://images.tcggo.com/tcggo/storage/32229/barbaracle.webp,https://www.tcggo.com/external/cm/31841,https://www.tcggo.com/external/tcgplayer/31841,Barbaracle,Barbaracle 43,,0.03,0.03,13554,EUR,[],0.02,0.02,0.02,0.02,0.02,0.02,0.02,0.02,0.02,0.02,,,,,,,,,,,,,,,,,,,,,,,,,,,,EUR,0.16,Uncommon,barbaracle,,https://www.tcggo.com/pokemon/perfect-order/barbaracle,POR-43,684335,singles
2026-08-23T17:06:43+02:00,,481,Tomomi Kaneko,tomomi-kaneko,POR 44,44,877458,88,124,POR,Pokémon,pokemon,399,https://images.tcggo.com/tcggo/storage/32311/Pokemon_TCG_Mega_Evolution—Perfect_Order_Logo.png,Perfect Order,EUR,578.36,EUR,542.27,2026-03-27,17,Mega Evolution,mega-evolution,perfect-order,100,31842,https://images.tcggo.com/tcggo/storage/32230/tyrunt.webp,https://www.tcggo.com/external/cm/31842,https://www.tcggo.com/external/tcgplayer/31842,Tyrunt,Tyrunt 44,,0.03,0.03,9838,EUR,[],0.02,0.02,0.02,0.02,0.02,0.02,0.02,0.02,0.02,0.02,,,,,,,,,,,,,,,,,,,,,,,,,,,,EUR,0.21,Common,tyrunt,,https://www.tcggo.com/pokemon/perfect-order/tyrunt,POR-44,684358,singles
2026-08-23T17:06:43+02:00,,422,Dsuke,dsuke,POR 45,45,877459,88,124,POR,Pokémon,pokemon,399,https://images.tcggo.com/tcggo/storage/32311/Pokemon_TCG_Mega_Evolution—Perfect_Order_Logo.png,Perfect Order,EUR,578.36,EUR,542.27,2026-03-27,17,Mega Evolution,mega-evolution,perfect-order,180,31843,https://images.tcggo.com/tcggo/storage/32231/tyrantrum.webp,https://www.tcggo.com/external/cm/31843,https://www.tcggo.com/external/tcgplayer/31843,Tyrantrum,Tyrantrum 45,,0.07,0.06,7240,EUR,[],0.02,0.02,0.02,0.02,0.02,0.02,0.02,0.02,0.02,0.02,,,,,,,,,,,,,,,,,,,,,,,,,,,,EUR,0.22,rare,tyrantrum,,https://www.tcggo.com/pokemon/perfect-order/tyrantrum,POR-45,684359,singles
2026-08-23T17:06:43+02:00,,389,osare,osare,POR 46,46,877460,88,124,POR,Pokémon,pokemon,399,https://images.tcggo.com/tcggo/storage/32311/Pokemon_TCG_Mega_Evolution—Perfect_Order_Logo.png,Perfect Order,EUR,578.36,EUR,542.27,2026-03-27,17,Mega Evolution,mega-evolution,perfect-order,70,31844,https://images.tcggo.com/tcggo/storage/32232/hawlucha.webp,https://www.tcggo.com/external/cm/31844,https://www.tcggo.com/external/tcgplayer/31844,Hawlucha,Hawlucha 46,,0.03,0.03,11054,EUR,[],0.02,0.02,0.02,0.02,0.02,0.02,0.02,0.02,0.02,0.02,,,,,,,,,,,,,,,,,,,,,,,,,,,,EUR,0.21,Common,hawlucha,,https://www.tcggo.com/pokemon/perfect-order/hawlucha,POR-46,684428,singles
2026-08-23T17:06:43+02:00,,490,takuyoa,takuyoa,POR 47,47,877461,88,124,POR,Pokémon,pokemon,399,https://images.tcggo.com/tcggo/storage/32311/Pokemon_TCG_Mega_Evolution—Perfect_Order_Logo.png,Perfect Order,EUR,578.36,EUR,542.27,2026-03-27,17,Mega Evolution,mega-evolution,perfect-order,310,31845,https://images.tcggo.com/tcggo/storage/32233/mega-zygarde-ex.webp,https://www.tcggo.com/external/cm/31845,https://www.tcggo.com/external/tcgplayer/31845,Mega Zygarde ex,Mega Zygarde ex 47,,22.19,25.33,380,EUR,[],0.02,0.26,0.26,0.3,0.3,0.02,0.38,0.38,0.18,0.18,,,,,,,,,,,,,,,,,,,,,,,,,,,,EUR,0.52,Double Rare,mega-zygarde-ex,,https://www.tcggo.com/pokemon/perfect-order/mega-zygarde-ex,POR-47,684336,singles
2026-08-23T17:06:43+02:00,,455,MARINA Chikazawa,marina-chikazawa,POR 48,48,877463,88,124,POR,Pokémon,pokemon,399,https://images.tcggo.com/tcggo/storage/32311/Pokemon_TCG_Mega_Evolution—Perfect_Order_Logo.png,Perfect Order,EUR,578.36,EUR,542.27,2026-03-27,17,Mega Evolution,mega-evolution,perfect-order,70,31846,https://images.tcggo.com/tcggo/storage/32234/gastly.webp,https://www.tcggo.com/external/cm/31846,https://www.tcggo.com/external/tcgplayer/31846,Gastly,Gastly 48,,0.03,0.03,9416,EUR,[],0.02,0.02,0.02,0.02,0.02,0.03,0.02,0.02,0.02,0.02,,,,,,,,,,,,,,,,,,,,,,,,,,,,EUR,0.18,Common,gastly,,https://www.tcggo.com/pokemon/perfect-order/gastly,POR-48,684429,singles
2026-08-23T17:06:43+02:00,,393,Kedamahadaitai Yawarakai,kedamahadaitai-yawarakai,POR 49,49,877464,88,124,POR,Pokémon,pokemon,399,https://images.tcggo.com/tcggo/storage/32311/Pokemon_TCG_Mega_Evolution—Perfect_Order_Logo.png,Perfect Order,EUR,578.36,EUR,542.27,2026-03-27,17,Mega Evolution,mega-evolution,perfect-order,100,31847,https://images.tcggo.com/tcggo/storage/32235/haunter.webp,https://www.tcggo.com/external/cm/31847,https://www.tcggo.com/external/tcgplayer/31847,Haunter,Haunter 49,,0.04,0.03,6092,EUR,[],0.03,0.02,0.02,0.02,0.02,0.03,0.02,0.02,0.02,0.02,,,,,,,,,,,,,,,,,,,,,,,,,,,,EUR,0.2,Common,haunter,,https://www.tcggo.com/pokemon/perfect-order/haunter,POR-49,684430,singles
2026-08-23T17:06:43+02:00,,420,Masako Tomii,masako-tomii,POR 50,50,877465,88,124,POR,Pokémon,pokemon,399,https://images.tcggo.com/tcggo/storage/32311/Pokemon_TCG_Mega_Evolution—Perfect_Order_Logo.png,Perfect Order,EUR,578.36,EUR,542.27,2026-03-27,17,Mega Evolution,mega-evolution,perfect-order,130,31848,https://images.tcggo.com/tcggo/storage/32236/gengar.webp,https://www.tcggo.com/external/cm/31848,https://www.tcggo.com/external/tcgplayer/31848,Gengar,Gengar 50,,0.39,0.41,2315,EUR,[],0.02,0.02,0.03,0.02,0.02,0.02,0.02,0.02,0.02,0.02,,,,,,,,,,,,,,,,,,,,,,,,,,,,EUR,0.89,rare,gengar,,https://www.tcggo.com/pokemon/perfect-order/gengar,POR-50,684431,singles
2026-08-23T17:06:43+02:00,,435,Aya Kusube,aya-kusube,POR 51,51,877467,88,124,POR,Pokémon,pokemon,399,https://images.tcggo.com/tcggo/storage/32311/Pokemon_TCG_Mega_Evolution—Perfect_Order_Logo.png,Perfect Order,EUR,578.36,EUR,542.27,2026-03-27,17,Mega Evolution,mega-evolution,perfect-order,80,31849,https://images.tcggo.com/tcggo/storage/32237/skorupi.webp,https://www.tcggo.com/external/cm/31849,https://www.tcggo.com/external/tcgplayer/31849,Skorupi,Skorupi 51,,0.03,0.03,10050,EUR,[],0.02,0.02,0.02,0.02,0.02,0.02,0.02,0.02,0.02,0.02,,,,,,,,,,,,,,,,,,,,,,,,,,,,EUR,0.19,Common,skorupi,,https://www.tcggo.com/pokemon/perfect-order/skorupi,POR-51,684432,singles
2026-08-23T17:06:43+02:00,,494,Nelnal,nelnal,POR 52,52,877468,88,124,POR,Pokémon,pokemon,399,https://images.tcggo.com/tcggo/storage/32311/Pokemon_TCG_Mega_Evolution—Perfect_Order_Logo.png,Perfect Order,EUR,578.36,EUR,542.27,2026-03-27,17,Mega Evolution,mega-evolution,perfect-order,140,31850,https://images.tcggo.com/tcggo/storage/32238/drapion.webp,https://www.tcggo.com/external/cm/31850,https://www.tcggo.com/external/tcgplayer/31850,Drapion,Drapion 52,,0.03,0.03,12344,EUR,[],0.02,0.02,0.02,0.02,0.02,0.02,0.02,0.02,0.02,0.02,,,,,,,,,,,,,,,,,,,,,,,,,,,,EUR,0.19,Uncommon,drapion,,https://www.tcggo.com/pokemon/perfect-order/drapion,POR-52,684433,singles
2026-08-23T17:06:43+02:00,,380,5ban Graphics,5ban-graphics,POR 53,53,877469,88,124,POR,Pokémon,pokemon,399,https://images.tcggo.com/tcggo/storage/32311/Pokemon_TCG_Mega_Evolution—Perfect_Order_Logo.png,Perfect Order,EUR,578.36,EUR,542.27,2026-03-27,17,Mega Evolution,mega-evolution,perfect-order,210,31851,https://images.tcggo.com/tcggo/storage/32239/yveltal-ex.webp,https://www.tcggo.com/external/cm/31851,https://www.tcggo.com/external/tcgplayer/31851,Yveltal ex,Yveltal ex 53,,0.42,0.45,2607,EUR,[],0.04,0.05,0.1,0.03,0.03,0.04,0.15,0.15,0.03,0.03,,,,,,,,,,,,,,,,,,,,,,,,,,,,EUR,0.46,Double Rare,yveltal-ex,,https://www.tcggo.com/pokemon/perfect-order/yveltal-ex,POR-53,684386,singles
2026-08-23T17:06:43+02:00,,642,Satoshi Ohta,satoshi-ohta,POR 54,54,877470,88,124,POR,Pokémon,pokemon,399,https://images.tcggo.com/tcggo/storage/32311/Pokemon_TCG_Mega_Evolution—Perfect_Order_Logo.png,Perfect Order,EUR,578.36,EUR,542.27,2026-03-27,17,Mega Evolution,mega-evolution,perfect-order,120,31852,https://images.tcggo.com/tcggo/storage/32240/chien-pao.webp,https://www.tcggo.com/external/cm/31852,https://www.tcggo.com/external/tcgplayer/31852,Chien-Pao,Chien-Pao 54,,0.04,0.04,8188,EUR,[],0.02,0.02,0.02,0.02,0.02,0.02,0.02,0.02,0.02,0.02,,,,,,,,,,,,,,,,,,,,,,,,,,,,EUR,0.15,rare,chien-pao,,https://www.tcggo.com/pokemon/perfect-order/chien-pao,POR-54,684435,singles
2026-08-23T17:06:43+02:00,,380,5ban Graphics,5ban-graphics,POR 55,55,877471,88,124,POR,Pokémon,pokemon,399,https://images.tcggo.com/tcggo/storage/32311/Pokemon_TCG_Mega_Evolution—Perfect_Order_Logo.png,Perfect Order,EUR,578.36,EUR,542.27,2026-03-27,17,Mega Evolution,mega-evolution,perfect-order,260,31853,https://images.tcggo.com/tcggo/storage/32241/mega-skarmory-ex.webp,https://www.tcggo.com/external/cm/31853,https://www.tcggo.com/external/tcgplayer/31853,Mega Skarmory ex,Mega Skarmory ex 55,,0.51,0.47,2411,EUR,[],0.1,0.15,0.15,0.25,0.25,0.1,0.1,0.2,0.09,0.09,,,,,,,,,,,,,,,,,,,,,,,,,,,,EUR,0.54,Double Rare,mega-skarmory-ex,,https://www.tcggo.com/pokemon/perfect-order/mega-skarmory-ex,POR-55,684351,singles
2026-08-23T17:06:43+02:00,,822,Apios,apios,POR 56,56,877472,88,124,POR,Pokémon,pokemon,399,https://images.tcggo.com/tcggo/storage/32311/Pokemon_TCG_Mega_Evolution—Perfect_Order_Logo.png,Perfect Order,EUR,578.36,EUR,542.27,2026-03-27,17,Mega Evolution,mega-evolution,perfect-order,70,31854,https://images.tcggo.com/tcggo/storage/32242/honedge.webp,https://www.tcggo.com/external/cm/31854,https://www.tcggo.com/external/tcgplayer/31854,Honedge,Honedge 56,,0.03,0.03,10501,EUR,[],0.02,0.02,0.02,0.02,0.02,0.02,0.02,0.02,0.02,0.02,,,,,,,,,,,,,,,,,,,,,,,,,,,,EUR,0.15,Common,honedge,,https://www.tcggo.com/pokemon/perfect-order/honedge,POR-56,684378,singles
2026-08-23T17:06:43+02:00,,830,Kamome Shirahama,kamome-shirahama,POR 57,57,877473,88,124,POR,Pokémon,pokemon,399,https://images.tcggo.com/tcggo/storage/32311/Pokemon_TCG_Mega_Evolution—Perfect_Order_Logo.png,Perfect Order,EUR,578.36,EUR,542.27,2026-03-27,17,Mega Evolution,mega-evolution,perfect-order,100,31855,https://images.tcggo.com/tcggo/storage/32243/doublade.webp,https://www.tcggo.com/external/cm/31855,https://www.tcggo.com/external/tcgplayer/31855,Doublade,Doublade 57,,0.03,0.02,10248,EUR,[],0.02,0.02,0.02,0.02,0.02,0.02,0.02,0.02,0.02,0.02,,,,,,,,,,,,,,,,,,,,,,,,,,,,EUR,0.18,Common,doublade,,https://www.tcggo.com/pokemon/perfect-order/doublade,POR-57,684379,singles
2026-08-23T17:06:43+02:00,,375,Mitsuhiro Arita,mitsuhiro-arita,POR 58,58,877474,88,124,POR,Pokémon,pokemon,399,https://images.tcggo.com/tcggo/storage/32311/Pokemon_TCG_Mega_Evolution—Perfect_Order_Logo.png,Perfect Order,EUR,578.36,EUR,542.27,2026-03-27,17,Mega Evolution,mega-evolution,perfect-order,150,31856,https://images.tcggo.com/tcggo/storage/32244/aegislash.webp,https://www.tcggo.com/external/cm/31856,https://www.tcggo.com/external/tcgplayer/31856,Aegislash,Aegislash 58,,0.03,0.03,12196,EUR,[],0.02,0.02,0.02,0.02,0.02,0.02,0.02,0.02,0.02,0.02,,,,,,,,,,,,,,,,,,,,,,,,,,,,EUR,0.15,Uncommon,aegislash,,https://www.tcggo.com/pokemon/perfect-order/aegislash,POR-58,684381,singles
2026-08-23T17:06:43+02:00,,376,MINAMINAMI Take,minaminami-take,POR 59,59,877475,88,124,POR,Pokémon,pokemon,399,https://images.tcggo.com/tcggo/storage/32311/Pokemon_TCG_Mega_Evolution—Perfect_Order_Logo.png,Perfect Order,EUR,578.36,EUR,542.27,2026-03-27,17,Mega Evolution,mega-evolution,perfect-order,70,31857,https://images.tcggo.com/tcggo/storage/32245/klefki.webp,https://www.tcggo.com/external/cm/31857,https://www.tcggo.com/external/tcgplayer/31857,Klefki,Klefki 59,,0.03,0.03,10542,EUR,[],0.02,0.02,0.02,0.02,0.02,0.02,0.02,0.02,0.02,0.02,,,,,,,,,,,,,,,,,,,,,,,,,,,,EUR,0.16,Common,klefki,,https://www.tcggo.com/pokemon/perfect-order/klefki,POR-59,684436,singles
2026-08-23T17:06:43+02:00,,466,Shinya Komatsu,shinya-komatsu,POR 60,60,877476,88,124,POR,Pokémon,pokemon,399,https://images.tcggo.com/tcggo/storage/32311/Pokemon_TCG_Mega_Evolution—Perfect_Order_Logo.png,Perfect Order,EUR,578.36,EUR,542.27,2026-03-27,17,Mega Evolution,mega-evolution,perfect-order,40,31858,https://images.tcggo.com/tcggo/storage/32246/rattata.webp,https://www.tcggo.com/external/cm/31858,https://www.tcggo.com/external/tcgplayer/31858,Rattata,Rattata 60,,0.03,0.03,9946,EUR,[],0.02,0.02,0.02,0.02,0.02,0.02,0.02,0.02,0.02,0.02,,,,,,,,,,,,,,,,,,,,,,,,,,,,EUR,0.18,Common,rattata,,https://www.tcggo.com/pokemon/perfect-order/rattata,POR-60,684437,singles
2026-08-23T17:06:43+02:00,,777,Minahamu,minahamu,POR 61,61,877477,88,124,POR,Pokémon,pokemon,399,https://images.tcggo.com/tcggo/storage/32311/Pokemon_TCG_Mega_Evolution—Perfect_Order_Logo.png,Perfect Order,EUR,578.36,EUR,542.27,2026-03-27,17,Mega Evolution,mega-evolution,perfect-order,90,31859,https://images.tcggo.com/tcggo/storage/32247/raticate.webp,https://www.tcggo.com/external/cm/31859,https://www.tcggo.com/external/tcgplayer/31859,Raticate,Raticate 61,,0.03,0.03,12396,EUR,[],0.02,0.02,0.02,0.02,0.02,0.02,0.02,0.02,0.02,0.02,,,,,,,,,,,,,,,,,,,,,,,,,,,,EUR,0.15,Uncommon,raticate,,https://www.tcggo.com/pokemon/perfect-order/raticate,POR-61,684438,singles
2026-08-23T17:06:43+02:00,,380,5ban Graphics,5ban-graphics,POR 62,62,877478,88,124,POR,Pokémon,pokemon,399,https://images.tcggo.com/tcggo/storage/32311/Pokemon_TCG_Mega_Evolution—Perfect_Order_Logo.png,Perfect Order,EUR,578.36,EUR,542.27,2026-03-27,17,Mega Evolution,mega-evolution,perfect-order,170,31860,https://images.tcggo.com/tcggo/storage/32248/meowth-ex.webp,https://www.tcggo.com/external/cm/31860,https://www.tcggo.com/external/tcgplayer/31860,Meowth ex,Meowth ex 62,,4.28,4.44,1051,EUR,[],2,3.1,3.1,5,5,2,2.5,2.5,3.8,3.8,,,,,,,,,,,,,,,,,,,,,,,,,,,,EUR,1.9,Double Rare,meowth-ex,,https://www.tcggo.com/pokemon/perfect-order/meowth-ex,POR-62,684340,singles
2026-08-23T17:06:43+02:00,,364,Toshinao Aoki,toshinao-aoki,POR 63,63,877479,88,124,POR,Pokémon,pokemon,399,https://images.tcggo.com/tcggo/storage/32311/Pokemon_TCG_Mega_Evolution—Perfect_Order_Logo.png,Perfect Order,EUR,578.36,EUR,542.27,2026-03-27,17,Mega Evolution,mega-evolution,perfect-order,160,31861,https://images.tcggo.com/tcggo/storage/32249/snorlax.webp,https://www.tcggo.com/external/cm/31861,https://www.tcggo.com/external/tcgplayer/31861,Snorlax,Snorlax 63,,0.09,0.18,8644,EUR,[],0.02,0.02,0.02,0.02,0.02,0.02,0.02,0.02,0.02,0.02,,,,,,,,,,,,,,,,,,,,,,,,,,,,EUR,0.27,Common,snorlax,,https://www.tcggo.com/pokemon/perfect-order/snorlax,POR-63,684440,singles
2026-08-23T17:06:43+02:00,,376,MINAMINAMI Take,minaminami-take,POR 64,64,877480,88,124,POR,Pokémon,pokemon,399,https://images.tcggo.com/tcggo/storage/32311/Pokemon_TCG_Mega_Evolution—Perfect_Order_Logo.png,Perfect Order,EUR,578.36,EUR,542.27,2026-03-27,17,Mega Evolution,mega-evolution,perfect-order,70,31862,https://images.tcggo.com/tcggo/storage/32250/bunnelby.webp,https://www.tcggo.com/external/cm/31862,https://www.tcggo.com/external/tcgplayer/31862,Bunnelby,Bunnelby 64,,0.02,0.02,10059,EUR,[],0.02,0.02,0.02,0.02,0.02,0.02,0.02,0.02,0.02,0.02,,,,,,,,,,,,,,,,,,,,,,,,,,,,EUR,0.16,Common,bunnelby,,https://www.tcggo.com/pokemon/perfect-order/bunnelby,POR-64,684441,singles
2026-08-23T17:06:43+02:00,,424,Mousho,mousho,POR 65,65,877481,88,124,POR,Pokémon,pokemon,399,https://images.tcggo.com/tcggo/storage/32311/Pokemon_TCG_Mega_Evolution—Perfect_Order_Logo.png,Perfect Order,EUR,578.36,EUR,542.27,2026-03-27,17,Mega Evolution,mega-evolution,perfect-order,150,31863,https://images.tcggo.com/tcggo/storage/32251/diggersby.webp,https://www.tcggo.com/external/cm/31863,https://www.tcggo.com/external/tcgplayer/31863,Diggersby,Diggersby 65,,0.02,0.03,12265,EUR,[],0.02,0.02,0.02,0.02,0.02,0.02,0.02,0.02,0.02,0.02,,,,,,,,,,,,,,,,,,,,,,,,,,,,EUR,0.18,Uncommon,diggersby,,https://www.tcggo.com/pokemon/perfect-order/diggersby,POR-65,684442,singles
2026-08-23T17:06:43+02:00,,381,sowsow,sowsow,POR 66,66,877482,88,124,POR,Pokémon,pokemon,399,https://images.tcggo.com/tcggo/storage/32311/Pokemon_TCG_Mega_Evolution—Perfect_Order_Logo.png,Perfect Order,EUR,578.36,EUR,542.27,2026-03-27,17,Mega Evolution,mega-evolution,perfect-order,60,31864,https://images.tcggo.com/tcggo/storage/32252/fletchling.webp,https://www.tcggo.com/external/cm/31864,https://www.tcggo.com/external/tcgplayer/31864,Fletchling,Fletchling 66,,0.03,0.03,10730,EUR,[],0.02,0.02,0.02,0.02,0.02,0.02,0.02,0.02,0.02,0.02,,,,,,,,,,,,,,,,,,,,,,,,,,,,EUR,0.12,Common,fletchling,,https://www.tcggo.com/pokemon/perfect-order/fletchling,POR-66,684403,singles
2026-08-23T17:06:43+02:00,,385,Teeziro,teeziro,POR 67,67,877483,88,124,POR,Pokémon,pokemon,399,https://images.tcggo.com/tcggo/storage/32311/Pokemon_TCG_Mega_Evolution—Perfect_Order_Logo.png,Perfect Order,EUR,578.36,EUR,542.27,2026-03-27,17,Mega Evolution,mega-evolution,perfect-order,90,31865,https://images.tcggo.com/tcggo/storage/32253/furfrou.webp,https://www.tcggo.com/external/cm/31865,https://www.tcggo.com/external/tcgplayer/31865,Furfrou,Furfrou 67,,0.03,0.02,11133,EUR,[],0.03,0.02,0.02,0.02,0.02,0.02,0.02,0.02,0.02,0.02,,,,,,,,,,,,,,,,,,,,,,,,,,,,EUR,0.16,Common,furfrou,,https://www.tcggo.com/pokemon/perfect-order/furfrou,POR-67,684443,singles
2026-08-23T17:06:43+02:00,,453,AYUMI ODASHIMA,ayumi-odashima,POR 68,68,877484,88,124,POR,Pokémon,pokemon,399,https://images.tcggo.com/tcggo/storage/32311/Pokemon_TCG_Mega_Evolution—Perfect_Order_Logo.png,Perfect Order,EUR,578.36,EUR,542.27,2026-03-27,17,Mega Evolution,mega-evolution,perfect-order,,31866,https://images.tcggo.com/tcggo/storage/32254/antique-jaw-fossil.webp,https://www.tcggo.com/external/cm/31866,https://www.tcggo.com/external/tcgplayer/31866,Antique Jaw Fossil,Antique Jaw Fossil 68,,0.04,0.04,8103,EUR,[],0.02,0.02,0.02,0.02,0.02,0.02,0.02,0.02,0.02,0.02,,,,,,,,,,,,,,,,,,,,,,,,,,,,EUR,0.18,Common,antique-jaw-fossil,,https://www.tcggo.com/pokemon/perfect-order/antique-jaw-fossil,POR-68,684353,singles
2026-08-23T17:06:43+02:00,,453,AYUMI ODASHIMA,ayumi-odashima,POR 69,69,877485,88,124,POR,Pokémon,pokemon,399,https://images.tcggo.com/tcggo/storage/32311/Pokemon_TCG_Mega_Evolution—Perfect_Order_Logo.png,Perfect Order,EUR,578.36,EUR,542.27,2026-03-27,17,Mega Evolution,mega-evolution,perfect-order,,31867,https://images.tcggo.com/tcggo/storage/32255/antique-sail-fossil.webp,https://www.tcggo.com/external/cm/31867,https://www.tcggo.com/external/tcgplayer/31867,Antique Sail Fossil,Antique Sail Fossil 69,,0.04,0.04,7529,EUR,[],0.03,0.02,0.02,0.02,0.02,0.02,0.02,0.02,0.02,0.02,,,,,,,,,,,,,,,,,,,,,,,,,,,,EUR,0.18,Common,antique-sail-fossil,,https://www.tcggo.com/pokemon/perfect-order/antique-sail-fossil,POR-69,684354,singles
2026-08-23T17:06:43+02:00,,458,Toyste Beach,toyste-beach,POR 70,70,877486,88,124,POR,Pokémon,pokemon,399,https://images.tcggo.com/tcggo/storage/32311/Pokemon_TCG_Mega_Evolution—Perfect_Order_Logo.png,Perfect Order,EUR,578.36,EUR,542.27,2026-03-27,17,Mega Evolution,mega-evolution,perfect-order,,31868,https://images.tcggo.com/tcggo/storage/32256/core-memory.webp,https://www.tcggo.com/external/cm/31868,https://www.tcggo.com/external/tcgplayer/31868,Core Memory,Core Memory 70,,0.03,0.03,13637,EUR,[],0.02,0.02,0.02,0.02,0.02,0.02,0.02,0.02,0.02,0.02,,,,,,,,,,,,,,,,,,,,,,,,,,,,EUR,0.17,Uncommon,core-memory,,https://www.tcggo.com/pokemon/perfect-order/core-memory,POR-70,684343,singles
2026-08-23T17:06:43+02:00,,517,Ayaka Yoshida,ayaka-yoshida,POR 71,71,877487,88,124,POR,Pokémon,pokemon,399,https://images.tcggo.com/tcggo/storage/32311/Pokemon_TCG_Mega_Evolution—Perfect_Order_Logo.png,Perfect Order,EUR,578.36,EUR,542.27,2026-03-27,17,Mega Evolution,mega-evolution,perfect-order,,31869,https://images.tcggo.com/tcggo/storage/32257/crushing-hammer.webp,https://www.tcggo.com/external/cm/31869,https://www.tcggo.com/external/tcgplayer/31869,Crushing Hammer,Crushing Hammer 71,,0.07,0.08,5306,EUR,[],0.02,0.02,0.02,0.02,0.02,0.02,0.02,0.02,0.02,0.02,,,,,,,,,,,,,,,,,,,,,,,,,,,,EUR,0.46,Common,crushing-hammer,,https://www.tcggo.com/pokemon/perfect-order/crushing-hammer,POR-71,684325,singles
2026-08-23T17:06:43+02:00,,458,Toyste Beach,toyste-beach,POR 72,72,877488,88,124,POR,Pokémon,pokemon,399,https://images.tcggo.com/tcggo/storage/32311/Pokemon_TCG_Mega_Evolution—Perfect_Order_Logo.png,Perfect Order,EUR,578.36,EUR,542.27,2026-03-27,17,Mega Evolution,mega-evolution,perfect-order,,31870,https://images.tcggo.com/tcggo/storage/32258/energy-search.webp,https://www.tcggo.com/external/cm/31870,https://www.tcggo.com/external/tcgplayer/31870,Energy Search,Energy Search 72,,0.06,0.05,6851,EUR,[],0.02,0.02,0.02,0.02,0.02,0.02,0.02,0.02,0.02,0.02,,,,,,,,,,,,,,,,,,,,,,,,,,,,EUR,0.15,Common,energy-search,,https://www.tcggo.com/pokemon/perfect-order/energy-search,POR-72,684322,singles
2026-08-23T17:06:43+02:00,,458,Toyste Beach,toyste-beach,POR 73,73,877489,88,124,POR,Pokémon,pokemon,399,https://images.tcggo.com/tcggo/storage/32311/Pokemon_TCG_Mega_Evolution—Perfect_Order_Logo.png,Perfect Order,EUR,578.36,EUR,542.27,2026-03-27,17,Mega Evolution,mega-evolution,perfect-order,,31871,https://images.tcggo.com/tcggo/storage/32259/energy-swatter.webp,https://www.tcggo.com/external/cm/31871,https://www.tcggo.com/external/tcgplayer/31871,Energy Swatter,Energy Swatter 73,,0.03,0.03,13796,EUR,[],0.03,0.02,0.02,0.02,0.02,0.02,0.02,0.02,0.02,0.02,,,,,,,,,,,,,,,,,,,,,,,,,,,,EUR,0.15,Uncommon,energy-swatter,,https://www.tcggo.com/pokemon/perfect-order/energy-swatter,POR-73,684388,singles
2026-08-23T17:06:43+02:00,,458,Toyste Beach,toyste-beach,POR 74,74,877490,88,124,POR,Pokémon,pokemon,399,https://images.tcggo.com/tcggo/storage/32311/Pokemon_TCG_Mega_Evolution—Perfect_Order_Logo.png,Perfect Order,EUR,578.36,EUR,542.27,2026-03-27,17,Mega Evolution,mega-evolution,perfect-order,,31872,https://images.tcggo.com/tcggo/storage/32260/hole-digging-shovel.webp,https://www.tcggo.com/external/cm/31872,https://www.tcggo.com/external/tcgplayer/31872,Hole-Digging Shovel,Hole-Digging Shovel 74,,0.04,0.04,7762,EUR,[],0.02,0.02,0.02,0.02,0.02,0.02,0.02,0.02,0.02,0.02,,,,,,,,,,,,,,,,,,,,,,,,,,,,EUR,0.15,Common,hole-digging-shovel,,https://www.tcggo.com/pokemon/perfect-order/hole-digging-shovel,POR-74,684330,singles
2026-08-23T17:06:43+02:00,,452,Susumu Maeya,susumu-maeya,POR 75,75,877492,88,124,POR,Pokémon,pokemon,399,https://images.tcggo.com/tcggo/storage/32311/Pokemon_TCG_Mega_Evolution—Perfect_Order_Logo.png,Perfect Order,EUR,578.36,EUR,542.27,2026-03-27,17,Mega Evolution,mega-evolution,perfect-order,,31873,https://images.tcggo.com/tcggo/storage/32261/jacinthe.webp,https://www.tcggo.com/external/cm/31873,https://www.tcggo.com/external/tcgplayer/31873,Jacinthe,Jacinthe 75,,0.03,0.04,13443,EUR,[],0.03,0.02,0.02,0.02,0.02,0.02,0.02,0.02,0.02,0.02,,,,,,,,,,,,,,,,,,,,,,,,,,,,EUR,0.21,Uncommon,jacinthe,,https://www.tcggo.com/pokemon/perfect-order/jacinthe,POR-75,684393,singles
2026-08-23T17:06:43+02:00,,454,kantaro,kantaro,POR 76,76,877493,88,124,POR,Pokémon,pokemon,399,https://images.tcggo.com/tcggo/storage/32311/Pokemon_TCG_Mega_Evolution—Perfect_Order_Logo.png,Perfect Order,EUR,578.36,EUR,542.27,2026-03-27,17,Mega Evolution,mega-evolution,perfect-order,,31874,https://images.tcggo.com/tcggo/storage/32262/judge.webp,https://www.tcggo.com/external/cm/31874,https://www.tcggo.com/external/tcgplayer/31874,Judge,Judge 76,,0.07,0.07,11094,EUR,[],0.02,0.02,0.02,0.02,0.02,0.02,0.02,0.02,0.02,0.02,,,,,,,,,,,,,,,,,,,,,,,,,,,,EUR,0.19,Uncommon,judge,,https://www.tcggo.com/pokemon/perfect-order/judge,POR-76,684323,singles
2026-08-23T17:06:43+02:00,,455,MARINA Chikazawa,marina-chikazawa,POR 77,77,877494,88,124,POR,Pokémon,pokemon,399,https://images.tcggo.com/tcggo/storage/32311/Pokemon_TCG_Mega_Evolution—Perfect_Order_Logo.png,Perfect Order,EUR,578.36,EUR,542.27,2026-03-27,17,Mega Evolution,mega-evolution,perfect-order,,31875,https://images.tcggo.com/tcggo/storage/32263/lumiose-city.webp,https://www.tcggo.com/external/cm/31875,https://www.tcggo.com/external/tcgplayer/31875,Lumiose City,Lumiose City 77,,0.03,0.03,13546,EUR,[],0.03,0.02,0.02,0.02,0.02,0.02,0.02,0.02,0.02,0.02,,,,,,,,,,,,,,,,,,,,,,,,,,,,EUR,0.18,Uncommon,lumiose-city,,https://www.tcggo.com/pokemon/perfect-order/lumiose-city,POR-77,684348,singles
2026-08-23T17:06:43+02:00,,380,5ban Graphics,5ban-graphics,POR 78,78,877495,88,124,POR,Pokémon,pokemon,399,https://images.tcggo.com/tcggo/storage/32311/Pokemon_TCG_Mega_Evolution—Perfect_Order_Logo.png,Perfect Order,EUR,578.36,EUR,542.27,2026-03-27,17,Mega Evolution,mega-evolution,perfect-order,,31876,https://images.tcggo.com/tcggo/storage/32264/lumiose-galette.webp,https://www.tcggo.com/external/cm/31876,https://www.tcggo.com/external/tcgplayer/31876,Lumiose Galette,Lumiose Galette 78,,0.03,0.02,13998,EUR,[],0.03,0.02,0.02,0.02,0.02,0.02,0.02,0.02,0.02,0.02,,,,,,,,,,,,,,,,,,,,,,,,,,,,EUR,0.15,Uncommon,lumiose-galette,,https://www.tcggo.com/pokemon/perfect-order/lumiose-galette,POR-78,684389,singles
2026-08-23T17:06:43+02:00,,429,DOM,dom,POR 79,79,877496,88,124,POR,Pokémon,pokemon,399,https://images.tcggo.com/tcggo/storage/32311/Pokemon_TCG_Mega_Evolution—Perfect_Order_Logo.png,Perfect Order,EUR,578.36,EUR,542.27,2026-03-27,17,Mega Evolution,mega-evolution,perfect-order,,31877,https://images.tcggo.com/tcggo/storage/32265/naveen.webp,https://www.tcggo.com/external/cm/31877,https://www.tcggo.com/external/tcgplayer/31877,Naveen,Naveen 79,,0.04,0.04,13109,EUR,[],0.03,0.02,0.02,0.02,0.02,0.02,0.02,0.02,0.02,0.02,,,,,,,,,,,,,,,,,,,,,,,,,,,,EUR,0.14,Uncommon,naveen,,https://www.tcggo.com/pokemon/perfect-order/naveen,POR-79,684346,singles
2026-08-23T17:06:43+02:00,,461,Studio Bora Inc.,studio-bora-inc,POR 80,80,877497,88,124,POR,Pokémon,pokemon,399,https://images.tcggo.com/tcggo/storage/32311/Pokemon_TCG_Mega_Evolution—Perfect_Order_Logo.png,Perfect Order,EUR,578.36,EUR,542.27,2026-03-27,17,Mega Evolution,mega-evolution,perfect-order,,31878,https://images.tcggo.com/tcggo/storage/32266/poke-ball.webp,https://www.tcggo.com/external/cm/31878,https://www.tcggo.com/external/tcgplayer/31878,Poké Ball,Poké Ball 80,,0.05,0.11,7814,EUR,[],0.02,0.02,0.02,0.02,0.02,0.02,0.02,0.02,0.02,0.02,,,,,,,,,,,,,,,,,,,,,,,,,,,,EUR,0.16,Common,poke-ball,,https://www.tcggo.com/pokemon/perfect-order/poke-ball,POR-80,684321,singles
2026-08-23T17:06:43+02:00,,461,Studio Bora Inc.,studio-bora-inc,POR 81,81,877498,88,124,POR,Pokémon,pokemon,399,https://images.tcggo.com/tcggo/storage/32311/Pokemon_TCG_Mega_Evolution—Perfect_Order_Logo.png,Perfect Order,EUR,578.36,EUR,542.27,2026-03-27,17,Mega Evolution,mega-evolution,perfect-order,,31879,https://images.tcggo.com/tcggo/storage/32267/poke-pad.webp,https://www.tcggo.com/external/cm/31879,https://www.tcggo.com/external/tcgplayer/31879,Poké Pad,Poké Pad 81,,0.45,0.46,6070,EUR,[],0.02,0.02,0.02,0.02,0.02,0.02,0.02,0.02,0.02,0.02,,,,,,,,,,,,,,,,,,,,,,,,,,,,EUR,0.26,Uncommon,poke-pad,,https://www.tcggo.com/pokemon/perfect-order/poke-pad,POR-81,684332,singles
2026-08-23T17:06:43+02:00,,461,Studio Bora Inc.,studio-bora-inc,POR 82,82,877499,88,124,POR,Pokémon,pokemon,399,https://images.tcggo.com/tcggo/storage/32311/Pokemon_TCG_Mega_Evolution—Perfect_Order_Logo.png,Perfect Order,EUR,578.36,EUR,542.27,2026-03-27,17,Mega Evolution,mega-evolution,perfect-order,,31880,https://images.tcggo.com/tcggo/storage/32268/pokemon-catcher.webp,https://www.tcggo.com/external/cm/31880,https://www.tcggo.com/external/tcgplayer/31880,Pokémon Catcher,Pokémon Catcher 82,,0.04,0.05,7423,EUR,[],0.02,0.02,0.02,0.02,0.02,0.02,0.02,0.02,0.02,0.02,,,,,,,,,,,,,,,,,,,,,,,,,,,,EUR,0.2,Common,pokemon-catcher,,https://www.tcggo.com/pokemon/perfect-order/pokemon-catcher,POR-82,684324,singles
2026-08-23T17:06:43+02:00,,517,Ayaka Yoshida,ayaka-yoshida,POR 83,83,877500,88,124,POR,Pokémon,pokemon,399,https://images.tcggo.com/tcggo/storage/32311/Pokemon_TCG_Mega_Evolution—Perfect_Order_Logo.png,Perfect Order,EUR,578.36,EUR,542.27,2026-03-27,17,Mega Evolution,mega-evolution,perfect-order,,31881,https://images.tcggo.com/tcggo/storage/32269/potion.webp,https://www.tcggo.com/external/cm/31881,https://www.tcggo.com/external/tcgplayer/31881,Potion,Potion 83,,0.04,0.04,7744,EUR,[],0.02,0.02,0.02,0.02,0.02,0.02,0.02,0.02,0.02,0.02,,,,,,,,,,,,,,,,,,,,,,,,,,,,EUR,0.15,Common,potion,,https://www.tcggo.com/pokemon/perfect-order/potion,POR-83,684320,singles
2026-08-23T17:06:43+02:00,,460,Atsushi Furusawa,atsushi-furusawa,POR 84,84,877501,88,124,POR,Pokémon,pokemon,399,https://images.tcggo.com/tcggo/storage/32311/Pokemon_TCG_Mega_Evolution—Perfect_Order_Logo.png,Perfect Order,EUR,578.36,EUR,542.27,2026-03-27,17,Mega Evolution,mega-evolution,perfect-order,,31882,https://images.tcggo.com/tcggo/storage/32270/rosas-encouragement.webp,https://www.tcggo.com/external/cm/31882,https://www.tcggo.com/external/tcgplayer/31882,Rosa's Encouragement,Rosa's Encouragement 84,,0.06,0.05,12328,EUR,[],0.02,0.02,0.02,0.02,0.02,0.02,0.02,0.02,0.02,0.02,,,,,,,,,,,,,,,,,,,,,,,,,,,,EUR,0.21,Uncommon,rosas-encouragement,,https://www.tcggo.com/pokemon/perfect-order/rosas-encouragement,POR-84,684390,singles
2026-08-23T17:06:43+02:00,,426,Akira Komayama,akira-komayama,POR 85,85,877502,88,124,POR,Pokémon,pokemon,399,https://images.tcggo.com/tcggo/storage/32311/Pokemon_TCG_Mega_Evolution—Perfect_Order_Logo.png,Perfect Order,EUR,578.36,EUR,542.27,2026-03-27,17,Mega Evolution,mega-evolution,perfect-order,,31883,https://images.tcggo.com/tcggo/storage/32271/tarragon.webp,https://www.tcggo.com/external/cm/31883,https://www.tcggo.com/external/tcgplayer/31883,Tarragon,Tarragon 85,,0.04,0.03,12488,EUR,[],0.02,0.02,0.02,0.02,0.02,0.02,0.02,0.02,0.02,0.02,,,,,,,,,,,,,,,,,,,,,,,,,,,,EUR,0.16,Uncommon,tarragon,,https://www.tcggo.com/pokemon/perfect-order/tarragon,POR-85,684344,singles
2026-08-23T17:06:43+02:00,,,,,POR 86,86,,88,124,POR,Pokémon,pokemon,399,https://images.tcggo.com/tcggo/storage/32311/Pokemon_TCG_Mega_Evolution—Perfect_Order_Logo.png,Perfect Order,EUR,578.36,EUR,542.27,2026-03-27,17,Mega Evolution,mega-evolution,perfect-order,20,31884,https://images.tcggo.com/tcggo/storage/32272/growing-grass-energy.webp,https://www.tcggo.com/external/cm/31884,https://www.tcggo.com/external/tcgplayer/31884,Growing Grass Energy,Growing Grass Energy 86,,,,,,,,,,,,,,,,,,,,,,,,,,,,,,,,,,,,,,,,,,,,,,rare,growing-grass-energy,,https://www.tcggo.com/pokemon/perfect-order/growing-grass-energy,POR-86,684375,singles
2026-08-23T17:06:43+02:00,,,,,POR 87,87,,88,124,POR,Pokémon,pokemon,399,https://images.tcggo.com/tcggo/storage/32311/Pokemon_TCG_Mega_Evolution—Perfect_Order_Logo.png,Perfect Order,EUR,578.36,EUR,542.27,2026-03-27,17,Mega Evolution,mega-evolution,perfect-order,,31885,https://images.tcggo.com/tcggo/storage/32273/rocky-fighting-energy.webp,https://www.tcggo.com/external/cm/31885,https://www.tcggo.com/external/tcgplayer/31885,Rocky Fighting Energy,Rocky Fighting Energy 87,,,,,,,,,,,,,,,,,,,,,,,,,,,,,,,,,,,,,,,,,,,,,,rare,rocky-fighting-energy,,https://www.tcggo.com/pokemon/perfect-order/rocky-fighting-energy,POR-87,684350,singles
2026-08-23T17:06:43+02:00,,,,,POR 88,88,,88,124,POR,Pokémon,pokemon,399,https://images.tcggo.com/tcggo/storage/32311/Pokemon_TCG_Mega_Evolution—Perfect_Order_Logo.png,Perfect Order,EUR,578.36,EUR,542.27,2026-03-27,17,Mega Evolution,mega-evolution,perfect-order,,31886,https://images.tcggo.com/tcggo/storage/32274/telepathic-psychic-energy.webp,https://www.tcggo.com/external/cm/31886,https://www.tcggo.com/external/tcgplayer/31886,Telepathic Psychic Energy,Telepathic Psychic Energy 88,,,,,,,,,,,,,,,,,,,,,,,,,,,,,,,,,,,,,,,,,,,,,,rare,telepathic-psychic-energy,,https://www.tcggo.com/pokemon/perfect-order/telepathic-psychic-energy,POR-88,684396,singles
2026-08-23T17:06:43+02:00,,773,kamonabe,kamonabe,POR 89,89,877506,88,124,POR,Pokémon,pokemon,399,https://images.tcggo.com/tcggo/storage/32311/Pokemon_TCG_Mega_Evolution—Perfect_Order_Logo.png,Perfect Order,EUR,578.36,EUR,542.27,2026-03-27,17,Mega Evolution,mega-evolution,perfect-order,80,31887,https://images.tcggo.com/tcggo/storage/32275/spewpa.webp,https://www.tcggo.com/external/cm/31887,https://www.tcggo.com/external/tcgplayer/31887,Spewpa,Spewpa 89,,2.37,2.26,1103,EUR,[],1.4,1.5,1.5,1.85,1.85,1.4,2.5,2.5,1.29,1.29,,,,,,,,,,,,,,,,,,,,,,,,,,,,EUR,1.44,Art Rare,spewpa,,https://www.tcggo.com/pokemon/perfect-order/spewpa-1,POR-89,684365,singles
2026-08-23T17:06:43+02:00,,513,ryoma uratsuka,ryoma-uratsuka,POR 90,90,877507,88,124,POR,Pokémon,pokemon,399,https://images.tcggo.com/tcggo/storage/32311/Pokemon_TCG_Mega_Evolution—Perfect_Order_Logo.png,Perfect Order,EUR,578.36,EUR,542.27,2026-03-27,17,Mega Evolution,mega-evolution,perfect-order,80,31888,https://images.tcggo.com/tcggo/storage/32276/rowlet.webp,https://www.tcggo.com/external/cm/31888,https://www.tcggo.com/external/tcgplayer/31888,Rowlet,Rowlet 90,,5.3,4.99,915,EUR,[],5,4.49,4.49,4.3,4.3,5,3.98,3.98,3.47,3.47,,,,,,,,,,,,,,,,,,,,,,,,,,,,EUR,3.19,Art Rare,rowlet,,https://www.tcggo.com/pokemon/perfect-order/rowlet-4,POR-90,684368,singles
2026-08-23T17:06:43+02:00,,394,OKACHEKE,okacheke,POR 91,91,877508,88,124,POR,Pokémon,pokemon,399,https://images.tcggo.com/tcggo/storage/32311/Pokemon_TCG_Mega_Evolution—Perfect_Order_Logo.png,Perfect Order,EUR,578.36,EUR,542.27,2026-03-27,17,Mega Evolution,mega-evolution,perfect-order,150,31889,https://images.tcggo.com/tcggo/storage/32277/talonflame.webp,https://www.tcggo.com/external/cm/31889,https://www.tcggo.com/external/tcgplayer/31889,Talonflame,Talonflame 91,,2.98,2.84,1033,EUR,[],2,1.97,1.97,2.5,2.5,2,2.99,2.99,0.99,0.99,,,,,,,,,,,,,,,,,,,,,,,,,,,,EUR,1.55,Art Rare,talonflame,,https://www.tcggo.com/pokemon/perfect-order/talonflame-1,POR-91,684406,singles
2026-08-23T17:06:43+02:00,,467,Masa,masa,POR 92,92,877509,88,124,POR,Pokémon,pokemon,399,https://images.tcggo.com/tcggo/storage/32311/Pokemon_TCG_Mega_Evolution—Perfect_Order_Logo.png,Perfect Order,EUR,578.36,EUR,542.27,2026-03-27,17,Mega Evolution,mega-evolution,perfect-order,170,31890,https://images.tcggo.com/tcggo/storage/32278/aurorus.webp,https://www.tcggo.com/external/cm/31890,https://www.tcggo.com/external/tcgplayer/31890,Aurorus,Aurorus 92,,3.28,3.04,1092,EUR,[],2.48,1.7,1.7,2.5,2.5,2.5,2.9,2.9,1.6,1.6,,,,,,,,,,,,,,,,,,,,,,,,,,,,EUR,2.09,Art Rare,aurorus,,https://www.tcggo.com/pokemon/perfect-order/aurorus-1,POR-92,684357,singles
2026-08-23T17:06:43+02:00,,359,HYOGONOSUKE,hyogonosuke,POR 93,93,877510,88,124,POR,Pokémon,pokemon,399,https://images.tcggo.com/tcggo/storage/32311/Pokemon_TCG_Mega_Evolution—Perfect_Order_Logo.png,Perfect Order,EUR,578.36,EUR,542.27,2026-03-27,17,Mega Evolution,mega-evolution,perfect-order,70,31891,https://images.tcggo.com/tcggo/storage/32279/dedenne.webp,https://www.tcggo.com/external/cm/31891,https://www.tcggo.com/external/tcgplayer/31891,Dedenne,Dedenne 93,,6.18,5.81,753,EUR,[],6.25,4.2,4.2,4.9,4.9,6.5,4,4,2.9,2.9,USD,,,,,,,,,,,,,,,88.67,1,,,,,,,,,,,EUR,4.74,Art Rare,dedenne,,https://www.tcggo.com/pokemon/perfect-order/dedenne-1,POR-93,684413,singles
2026-08-23T17:06:43+02:00,,496,Cona Nitanda,cona-nitanda,POR 94,94,877511,88,124,POR,Pokémon,pokemon,399,https://images.tcggo.com/tcggo/storage/32311/Pokemon_TCG_Mega_Evolution—Perfect_Order_Logo.png,Perfect Order,EUR,578.36,EUR,542.27,2026-03-27,17,Mega Evolution,mega-evolution,perfect-order,70,31892,https://images.tcggo.com/tcggo/storage/32280/clefairy.webp,https://www.tcggo.com/external/cm/31892,https://www.tcggo.com/external/tcgplayer/31892,Clefairy,Clefairy 94,,22.01,22.16,932,EUR,[],20,15,15,13,13,20,21.99,23.5,9.9,9.9,USD,71.32,4,,,,,,,154.34,1,,,,,149.93,3,,,,,,,,,,,EUR,16.39,Art Rare,clefairy,,https://www.tcggo.com/pokemon/perfect-order/clefairy-1,POR-94,684415,singles
2026-08-23T17:06:43+02:00,,376,MINAMINAMI Take,minaminami-take,POR 95,95,877512,88,124,POR,Pokémon,pokemon,399,https://images.tcggo.com/tcggo/storage/32311/Pokemon_TCG_Mega_Evolution—Perfect_Order_Logo.png,Perfect Order,EUR,578.36,EUR,542.27,2026-03-27,17,Mega Evolution,mega-evolution,perfect-order,60,31893,https://images.tcggo.com/tcggo/storage/32281/espurr.webp,https://www.tcggo.com/external/cm/31893,https://www.tcggo.com/external/tcgplayer/31893,Espurr,Espurr 95,,3.75,3.74,828,EUR,[],3.2,2.92,2.92,3,3,3.5,2.9,2.9,1.2,1.2,,,,,,,,,,,,,,,,,,,,,,,,,,,,EUR,3.85,Art Rare,espurr,,https://www.tcggo.com/pokemon/perfect-order/espurr-1,POR-95,684418,singles
2026-08-23T17:06:43+02:00,,552,Kinu Nishimura,kinu-nishimura,POR 96,96,877513,88,124,POR,Pokémon,pokemon,399,https://images.tcggo.com/tcggo/storage/32311/Pokemon_TCG_Mega_Evolution—Perfect_Order_Logo.png,Perfect Order,EUR,578.36,EUR,542.27,2026-03-27,17,Mega Evolution,mega-evolution,perfect-order,140,31894,https://images.tcggo.com/tcggo/storage/32282/probopass.webp,https://www.tcggo.com/external/cm/31894,https://www.tcggo.com/external/tcgplayer/31894,Probopass,Probopass 96,,1.45,1.5,1487,EUR,[],0.9,0.8,0.8,1,1,0.9,1.75,1.8,0.3,0.3,,,,,,,,,,,,,,,,,,,,,,,,,,,,EUR,0.8,Art Rare,probopass,,https://www.tcggo.com/pokemon/perfect-order/probopass-1,POR-96,684424,singles
2026-08-23T17:06:43+02:00,,408,kawayoo,kawayoo,POR 97,97,877514,88,124,POR,Pokémon,pokemon,399,https://images.tcggo.com/tcggo/storage/32311/Pokemon_TCG_Mega_Evolution—Perfect_Order_Logo.png,Perfect Order,EUR,578.36,EUR,542.27,2026-03-27,17,Mega Evolution,mega-evolution,perfect-order,140,31895,https://images.tcggo.com/tcggo/storage/32283/drapion.webp,https://www.tcggo.com/external/cm/31895,https://www.tcggo.com/external/tcgplayer/31895,Drapion,Drapion 97,,1.84,1.83,1136,EUR,[],0.8,0.95,0.95,1.15,1.15,0.8,2.4,2.5,1.39,1.39,,,,,,,,,,,,,,,,,,,,,,,,,,,,EUR,1,Art Rare,drapion,,https://www.tcggo.com/pokemon/perfect-order/drapion-1,POR-97,684434,singles
2026-08-23T17:06:43+02:00,,363,Anesaki Dynamic,anesaki-dynamic,POR 98,98,877515,88,124,POR,Pokémon,pokemon,399,https://images.tcggo.com/tcggo/storage/32311/Pokemon_TCG_Mega_Evolution—Perfect_Order_Logo.png,Perfect Order,EUR,578.36,EUR,542.27,2026-03-27,17,Mega Evolution,mega-evolution,perfect-order,100,31896,https://images.tcggo.com/tcggo/storage/32284/doublade.webp,https://www.tcggo.com/external/cm/31896,https://www.tcggo.com/external/tcgplayer/31896,Doublade,Doublade 98,,2.61,2.51,1015,EUR,[],2.4,1.6,1.6,2,2,2.4,2.69,2.69,1.5,1.5,,,,,,,,,,,,,,,,,,,,,,,,,,,,EUR,1.62,Art Rare,doublade,,https://www.tcggo.com/pokemon/perfect-order/doublade-1,POR-98,684380,singles
2026-08-23T17:06:43+02:00,,416,Mina Nakai,mina-nakai,POR 99,99,877516,88,124,POR,Pokémon,pokemon,399,https://images.tcggo.com/tcggo/storage/32311/Pokemon_TCG_Mega_Evolution—Perfect_Order_Logo.png,Perfect Order,EUR,578.36,EUR,542.27,2026-03-27,17,Mega Evolution,mega-evolution,perfect-order,90,31897,https://images.tcggo.com/tcggo/storage/32285/raticate.webp,https://www.tcggo.com/external/cm/31897,https://www.tcggo.com/external/tcgplayer/31897,Raticate,Raticate 99,,4.53,4.06,992,EUR,[],2.5,2.6,2.6,3.35,3.35,2.5,4.5,4.5,1.9,1.9,,,,,,,,,,,,,,,,,,,,,,,,,,,,EUR,2.17,Art Rare,raticate,,https://www.tcggo.com/pokemon/perfect-order/raticate-1,POR-99,684439,singles
2026-08-23T17:06:43+02:00,,380,5ban Graphics,5ban-graphics,POR 100,100,877517,88,124,POR,Pokémon,pokemon,399,https://images.tcggo.com/tcggo/storage/32311/Pokemon_TCG_Mega_Evolution—Perfect_Order_Logo.png,Perfect Order,EUR,578.36,EUR,542.27,2026-03-27,17,Mega Evolution,mega-evolution,perfect-order,320,31898,https://images.tcggo.com/tcggo/storage/32286/decidueye-ex.webp,https://www.tcggo.com/external/cm/31898,https://www.tcggo.com/external/tcgplayer/31898,Decidueye ex,Decidueye ex 100,,2.25,2.22,532,EUR,[],1.5,0.99,0.99,2.5,2.5,1.5,1.99,1.99,1.75,1.75,,,,,,,,,,,,,,,,,,,,,,,,,,,,EUR,1.47,Ultra Rare,decidueye-ex,,https://www.tcggo.com/pokemon/perfect-order/decidueye-ex-1,POR-100,684371,singles
2026-08-23T17:06:43+02:00,,380,5ban Graphics,5ban-graphics,POR 101,101,877518,88,124,POR,Pokémon,pokemon,399,https://images.tcggo.com/tcggo/storage/32311/Pokemon_TCG_Mega_Evolution—Perfect_Order_Logo.png,Perfect Order,EUR,578.36,EUR,542.27,2026-03-27,17,Mega Evolution,mega-evolution,perfect-order,260,31899,https://images.tcggo.com/tcggo/storage/32287/salazzle-ex.webp,https://www.tcggo.com/external/cm/31899,https://www.tcggo.com/external/tcgplayer/31899,Salazzle ex,Salazzle ex 101,,2.28,2.27,592,EUR,[],1.95,0.99,0.99,1.5,1.5,1.95,2,2,0.85,0.85,,,,,,,,,,,,,,,,,,,,,,,,,,,,EUR,1.26,Ultra Rare,salazzle-ex,,https://www.tcggo.com/pokemon/perfect-order/salazzle-ex-1,POR-101,684377,singles
2026-08-23T17:06:43+02:00,,380,5ban Graphics,5ban-graphics,POR 102,102,877519,88,124,POR,Pokémon,pokemon,399,https://images.tcggo.com/tcggo/storage/32311/Pokemon_TCG_Mega_Evolution—Perfect_Order_Logo.png,Perfect Order,EUR,578.36,EUR,542.27,2026-03-27,17,Mega Evolution,mega-evolution,perfect-order,330,31900,https://images.tcggo.com/tcggo/storage/32288/mega-starmie-ex.webp,https://www.tcggo.com/external/cm/31900,https://www.tcggo.com/external/tcgplayer/31900,Mega Starmie ex,Mega Starmie ex 102,,8.01,7.29,482,EUR,[],5.8,4.9,4.9,5,5,5.8,6.7,6.9,4,4,USD,37.67,4,,,,,,,,,,,,,88.46,5,,,13.75,1,21.28,2,,,,,EUR,4.09,Ultra Rare,mega-starmie-ex,,https://www.tcggo.com/pokemon/perfect-order/mega-starmie-ex-1,POR-102,684361,singles
2026-08-23T17:06:43+02:00,,371,aky CG Works,aky-cg-works,POR 103,103,877520,88,124,POR,Pokémon,pokemon,399,https://images.tcggo.com/tcggo/storage/32311/Pokemon_TCG_Mega_Evolution—Perfect_Order_Logo.png,Perfect Order,EUR,578.36,EUR,542.27,2026-03-27,17,Mega Evolution,mega-evolution,perfect-order,320,31901,https://images.tcggo.com/tcggo/storage/32289/mega-clefable-ex.webp,https://www.tcggo.com/external/cm/31901,https://www.tcggo.com/external/tcgplayer/31901,Mega Clefable ex,Mega Clefable ex 103,,6.61,6.66,485,EUR,[],6.62,4.8,4.8,5.95,5.95,7,7,7,3,3,USD,35.08,2,,,,,,,,,,,,,89.21,5,,,,,41.36,2,,,,,EUR,3.75,Ultra Rare,mega-clefable-ex,,https://www.tcggo.com/pokemon/perfect-order/mega-clefable-ex-1,POR-103,684384,singles
2026-08-23T17:06:43+02:00,,490,takuyoa,takuyoa,POR 104,104,877521,88,124,POR,Pokémon,pokemon,399,https://images.tcggo.com/tcggo/storage/32311/Pokemon_TCG_Mega_Evolution—Perfect_Order_Logo.png,Perfect Order,EUR,578.36,EUR,542.27,2026-03-27,17,Mega Evolution,mega-evolution,perfect-order,310,31902,https://images.tcggo.com/tcggo/storage/32290/mega-zygarde-ex.webp,https://www.tcggo.com/external/cm/31902,https://www.tcggo.com/external/tcgplayer/31902,Mega Zygarde ex,Mega Zygarde ex 104,,6.56,6.26,493,EUR,[],4.9,4.8,4.8,6.39,6.39,5.5,6,6,4.35,4.35,USD,80.62,2,,,25.28,1,,,,,,,66.99,1,132.69,5,,,,,20.14,2,,,,,EUR,4.65,Ultra Rare,mega-zygarde-ex,,https://www.tcggo.com/pokemon/perfect-order/mega-zygarde-ex-1,POR-104,684337,singles
2026-08-23T17:06:43+02:00,,380,5ban Graphics,5ban-graphics,POR 105,105,877522,88,124,POR,Pokémon,pokemon,399,https://images.tcggo.com/tcggo/storage/32311/Pokemon_TCG_Mega_Evolution—Perfect_Order_Logo.png,Perfect Order,EUR,578.36,EUR,542.27,2026-03-27,17,Mega Evolution,mega-evolution,perfect-order,210,31903,https://images.tcggo.com/tcggo/storage/32291/yveltal-ex.webp,https://www.tcggo.com/external/cm/31903,https://www.tcggo.com/external/tcgplayer/31903,Yveltal ex,Yveltal ex 105,,5.79,5.67,500,EUR,[],3.86,4,4,5,5,3.86,5.9,5.9,3.8,3.8,USD,64.47,1,,,,,,,,,,,102.5,1,,,,,,,,,,,,,EUR,4.33,Ultra Rare,yveltal-ex,,https://www.tcggo.com/pokemon/perfect-order/yveltal-ex-1,POR-105,684387,singles
2026-08-23T17:06:43+02:00,,380,5ban Graphics,5ban-graphics,POR 106,106,877523,88,124,POR,Pokémon,pokemon,399,https://images.tcggo.com/tcggo/storage/32311/Pokemon_TCG_Mega_Evolution—Perfect_Order_Logo.png,Perfect Order,EUR,578.36,EUR,542.27,2026-03-27,17,Mega Evolution,mega-evolution,perfect-order,260,31904,https://images.tcggo.com/tcggo/storage/32292/mega-skarmory-ex.webp,https://www.tcggo.com/external/cm/31904,https://www.tcggo.com/external/tcgplayer/31904,Mega Skarmory ex,Mega Skarmory ex 106,,5.89,5.71,427,EUR,[],4.5,4.5,4.5,6.5,6.5,4.5,6.75,6.8,4.9,4.9,USD,50,2,,,,,,,,,,,,,,,,,,,,,,,,,EUR,3.74,Ultra Rare,mega-skarmory-ex,,https://www.tcggo.com/pokemon/perfect-order/mega-skarmory-ex-1,POR-106,684352,singles
2026-08-23T17:06:43+02:00,,380,5ban Graphics,5ban-graphics,POR 107,107,877524,88,124,POR,Pokémon,pokemon,399,https://images.tcggo.com/tcggo/storage/32311/Pokemon_TCG_Mega_Evolution—Perfect_Order_Logo.png,Perfect Order,EUR,578.36,EUR,542.27,2026-03-27,17,Mega Evolution,mega-evolution,perfect-order,170,31905,https://images.tcggo.com/tcggo/storage/32293/meowth-ex.webp,https://www.tcggo.com/external/cm/31905,https://www.tcggo.com/external/tcgplayer/31905,Meowth ex,Meowth ex 107,,13.97,13.74,508,EUR,[],13.97,11.95,11.95,16.95,16.95,13.97,14.98,14.98,11.99,11.99,USD,52.25,5,,,,,25.71,2,,,,,,,345.25,3,,,,,37.86,1,227.16,1,,,EUR,10.32,Ultra Rare,meowth-ex,,https://www.tcggo.com/pokemon/perfect-order/meowth-ex-1,POR-107,684341,singles
2026-08-23T17:06:43+02:00,,458,Toyste Beach,toyste-beach,POR 108,108,877525,88,124,POR,Pokémon,pokemon,399,https://images.tcggo.com/tcggo/storage/32311/Pokemon_TCG_Mega_Evolution—Perfect_Order_Logo.png,Perfect Order,EUR,578.36,EUR,542.27,2026-03-27,17,Mega Evolution,mega-evolution,perfect-order,,31906,https://images.tcggo.com/tcggo/storage/32294/energy-recycler.webp,https://www.tcggo.com/external/cm/31906,https://www.tcggo.com/external/tcgplayer/31906,Energy Recycler,Energy Recycler 108,,3.36,3.23,412,EUR,[],2.5,2.29,2.29,2.99,2.99,2.5,2.3,2.3,2.75,2.75,,,,,,,,,,,,,,,,,,,,,,,,,,,,EUR,1.79,Ultra Rare,energy-recycler,,https://www.tcggo.com/pokemon/perfect-order/energy-recycler,POR-108,684327,singles
2026-08-23T17:06:43+02:00,,453,AYUMI ODASHIMA,ayumi-odashima,POR 109,109,877526,88,124,POR,Pokémon,pokemon,399,https://images.tcggo.com/tcggo/storage/32311/Pokemon_TCG_Mega_Evolution—Perfect_Order_Logo.png,Perfect Order,EUR,578.36,EUR,542.27,2026-03-27,17,Mega Evolution,mega-evolution,perfect-order,,31907,https://images.tcggo.com/tcggo/storage/32295/forest-of-vitality.webp,https://www.tcggo.com/external/cm/31907,https://www.tcggo.com/external/tcgplayer/31907,Forest of Vitality,Forest of Vitality 109,,5.74,5.8,527,EUR,[],5,5.75,5.75,5,5,5,3.5,3.5,2.79,2.79,USD,22,1,,,,,,,,,,,,,,,,,,,,,,,,,EUR,3.94,Ultra Rare,forest-of-vitality,,https://www.tcggo.com/pokemon/perfect-order/forest-of-vitality,POR-109,684328,singles
2026-08-23T17:06:43+02:00,,452,Susumu Maeya,susumu-maeya,POR 110,110,877527,88,124,POR,Pokémon,pokemon,399,https://images.tcggo.com/tcggo/storage/32311/Pokemon_TCG_Mega_Evolution—Perfect_Order_Logo.png,Perfect Order,EUR,578.36,EUR,542.27,2026-03-27,17,Mega Evolution,mega-evolution,perfect-order,,31908,https://images.tcggo.com/tcggo/storage/32296/jacinthe.webp,https://www.tcggo.com/external/cm/31908,https://www.tcggo.com/external/tcgplayer/31908,Jacinthe,Jacinthe 110,,3.39,3.36,462,EUR,[],2.9,2.3,2.3,1.99,1.99,2.9,2.2,2.25,1.4,1.4,,,,,,,,,,,,,,,,,,,,,,,,,,,,EUR,1.72,Ultra Rare,jacinthe,,https://www.tcggo.com/pokemon/perfect-order/jacinthe-1,POR-110,684394,singles
2026-08-23T17:06:43+02:00,,455,MARINA Chikazawa,marina-chikazawa,POR 111,111,877528,88,124,POR,Pokémon,pokemon,399,https://images.tcggo.com/tcggo/storage/32311/Pokemon_TCG_Mega_Evolution—Perfect_Order_Logo.png,Perfect Order,EUR,578.36,EUR,542.27,2026-03-27,17,Mega Evolution,mega-evolution,perfect-order,,31909,https://images.tcggo.com/tcggo/storage/32297/lumiose-city.webp,https://www.tcggo.com/external/cm/31909,https://www.tcggo.com/external/tcgplayer/31909,Lumiose City,Lumiose City 111,,2.76,2.66,485,EUR,[],1.8,1.8,1.8,2.75,2.75,1.8,2.3,2.4,1.49,1.49,,,,,,,,,,,,,,,,,,,,,,,,,,,,EUR,1.22,Ultra Rare,lumiose-city,,https://www.tcggo.com/pokemon/perfect-order/lumiose-city-1,POR-111,684349,singles
2026-08-23T17:06:43+02:00,,429,DOM,dom,POR 112,112,877529,88,124,POR,Pokémon,pokemon,399,https://images.tcggo.com/tcggo/storage/32311/Pokemon_TCG_Mega_Evolution—Perfect_Order_Logo.png,Perfect Order,EUR,578.36,EUR,542.27,2026-03-27,17,Mega Evolution,mega-evolution,perfect-order,,31910,https://images.tcggo.com/tcggo/storage/32298/naveen.webp,https://www.tcggo.com/external/cm/31910,https://www.tcggo.com/external/tcgplayer/31910,Naveen,Naveen 112,,2.41,2.41,533,EUR,[],1.95,1.4,1.4,2.9,2.9,1.99,1.48,1.48,1.29,1.29,,,,,,,,,,,,,,,,,,,,,,,,,,,,EUR,1.22,Ultra Rare,naveen,,https://www.tcggo.com/pokemon/perfect-order/naveen-1,POR-112,684347,singles
2026-08-23T17:06:43+02:00,,461,Studio Bora Inc.,studio-bora-inc,POR 113,113,877530,88,124,POR,Pokémon,pokemon,399,https://images.tcggo.com/tcggo/storage/32311/Pokemon_TCG_Mega_Evolution—Perfect_Order_Logo.png,Perfect Order,EUR,578.36,EUR,542.27,2026-03-27,17,Mega Evolution,mega-evolution,perfect-order,,31911,https://images.tcggo.com/tcggo/storage/32299/poke-pad.webp,https://www.tcggo.com/external/cm/31911,https://www.tcggo.com/external/tcgplayer/31911,Poké Pad,Poké Pad 113,,11.6,11.78,443,EUR,[],10,10,10,22,22,11,7.23,7.23,11,11,USD,36.75,1,,,,,,,,,,,,,74.45,5,,,,,,,,,,,EUR,8.64,Ultra Rare,poke-pad,,https://www.tcggo.com/pokemon/perfect-order/poke-pad-1,POR-113,684333,singles
2026-08-23T17:06:43+02:00,,460,Atsushi Furusawa,atsushi-furusawa,POR 114,114,877531,88,124,POR,Pokémon,pokemon,399,https://images.tcggo.com/tcggo/storage/32311/Pokemon_TCG_Mega_Evolution—Perfect_Order_Logo.png,Perfect Order,EUR,578.36,EUR,542.27,2026-03-27,17,Mega Evolution,mega-evolution,perfect-order,,31912,https://images.tcggo.com/tcggo/storage/32300/rosas-encouragement.webp,https://www.tcggo.com/external/cm/31912,https://www.tcggo.com/external/tcgplayer/31912,Rosa's Encouragement,Rosa's Encouragement 114,,6.33,5.7,582,EUR,[],5,3.95,3.95,9,9,6.99,5,5,3.6,3.6,USD,41.28,4,,,,,,,,,,,81.8,2,126.38,5,,,,,14.5,1,,,,,EUR,3.88,Ultra Rare,rosas-encouragement,,https://www.tcggo.com/pokemon/perfect-order/rosas-encouragement-1,POR-114,684391,singles
2026-08-23T17:06:43+02:00,,458,Toyste Beach,toyste-beach,POR 115,115,877532,88,124,POR,Pokémon,pokemon,399,https://images.tcggo.com/tcggo/storage/32311/Pokemon_TCG_Mega_Evolution—Perfect_Order_Logo.png,Perfect Order,EUR,578.36,EUR,542.27,2026-03-27,17,Mega Evolution,mega-evolution,perfect-order,,31913,https://images.tcggo.com/tcggo/storage/32301/sacred-ash.webp,https://www.tcggo.com/external/cm/31913,https://www.tcggo.com/external/tcgplayer/31913,Sacred Ash,Sacred Ash 115,,2.65,2.77,448,EUR,[],2,1.98,1.98,2.95,2.95,2,2.75,2.75,1.79,1.79,,,,,,,,,,,,,,,,,,,,,,,,,,,,EUR,1.33,Ultra Rare,sacred-ash,,https://www.tcggo.com/pokemon/perfect-order/sacred-ash,POR-115,684326,singles
2026-08-23T17:06:43+02:00,,426,Akira Komayama,akira-komayama,POR 116,116,877533,88,124,POR,Pokémon,pokemon,399,https://images.tcggo.com/tcggo/storage/32311/Pokemon_TCG_Mega_Evolution—Perfect_Order_Logo.png,Perfect Order,EUR,578.36,EUR,542.27,2026-03-27,17,Mega Evolution,mega-evolution,perfect-order,,31914,https://images.tcggo.com/tcggo/storage/32302/tarragon.webp,https://www.tcggo.com/external/cm/31914,https://www.tcggo.com/external/tcgplayer/31914,Tarragon,Tarragon 116,,2.91,2.74,535,EUR,[],2,1.9,1.9,3.9,3.9,2,2,2,1.49,1.49,,,,,,,,,,,,,,,,,,,,,,,,,,,,EUR,1.31,Ultra Rare,tarragon,,https://www.tcggo.com/pokemon/perfect-order/tarragon-1,POR-116,684345,singles
2026-08-23T17:06:43+02:00,,461,Studio Bora Inc.,studio-bora-inc,POR 117,117,877534,88,124,POR,Pokémon,pokemon,399,https://images.tcggo.com/tcggo/storage/32311/Pokemon_TCG_Mega_Evolution—Perfect_Order_Logo.png,Perfect Order,EUR,578.36,EUR,542.27,2026-03-27,17,Mega Evolution,mega-evolution,perfect-order,,31915,https://images.tcggo.com/tcggo/storage/32303/wondrous-patch.webp,https://www.tcggo.com/external/cm/31915,https://www.tcggo.com/external/tcgplayer/31915,Wondrous Patch,Wondrous Patch 117,,3.44,3.32,411,EUR,[],2.3,2,2,3.95,3.95,2.3,2.7,2.7,2.44,2.44,,,,,,,,,,,,,,,,,,,,,,,,,,,,EUR,1.82,Ultra Rare,wondrous-patch,,https://www.tcggo.com/pokemon/perfect-order/wondrous-patch,POR-117,684331,singles
2026-08-23T17:06:43+02:00,,490,takuyoa,takuyoa,POR 118,118,877535,88,124,POR,Pokémon,pokemon,399,https://images.tcggo.com/tcggo/storage/32311/Pokemon_TCG_Mega_Evolution—Perfect_Order_Logo.png,Perfect Order,EUR,578.36,EUR,542.27,2026-03-27,17,Mega Evolution,mega-evolution,perfect-order,330,31916,https://images.tcggo.com/tcggo/storage/32304/mega-starmie-ex.webp,https://www.tcggo.com/external/cm/31916,https://www.tcggo.com/external/tcgplayer/31916,Mega Starmie ex,Mega Starmie ex 118,,39.65,39.77,736,EUR,[],39,29,29,34,34,39,45,45,24,24,USD,72.92,5,,,,,50.99,5,,,,,134.57,3,170.08,5,,,53.83,1,52.33,5,269.14,1,114.38,2,EUR,35.34,Special Art Rare,mega-starmie-ex,,https://www.tcggo.com/pokemon/perfect-order/mega-starmie-ex-2,POR-118,684362,singles
2026-08-23T17:06:43+02:00,,496,Cona Nitanda,cona-nitanda,POR 119,119,877536,88,124,POR,Pokémon,pokemon,399,https://images.tcggo.com/tcggo/storage/32311/Pokemon_TCG_Mega_Evolution—Perfect_Order_Logo.png,Perfect Order,EUR,578.36,EUR,542.27,2026-03-27,17,Mega Evolution,mega-evolution,perfect-order,320,31917,https://images.tcggo.com/tcggo/storage/32305/mega-clefable-ex.webp,https://www.tcggo.com/external/cm/31917,https://www.tcggo.com/external/tcgplayer/31917,Mega Clefable ex,Mega Clefable ex 119,,45.72,44.03,694,EUR,[],45,34,34,32,32,46.75,50,50,33.49,33.49,USD,88.42,5,,,44,1,83.25,2,,,,,197.28,2,165.6,5,,,,,114.01,5,186.72,2,,,EUR,44.64,Special Art Rare,mega-clefable-ex,,https://www.tcggo.com/pokemon/perfect-order/mega-clefable-ex-2,POR-119,684385,singles
2026-08-23T17:06:43+02:00,,454,kantaro,kantaro,POR 120,120,877537,88,124,POR,Pokémon,pokemon,399,https://images.tcggo.com/tcggo/storage/32311/Pokemon_TCG_Mega_Evolution—Perfect_Order_Logo.png,Perfect Order,EUR,578.36,EUR,542.27,2026-03-27,17,Mega Evolution,mega-evolution,perfect-order,310,31918,https://images.tcggo.com/tcggo/storage/32306/mega-zygarde-ex.webp,https://www.tcggo.com/external/cm/31918,https://www.tcggo.com/external/tcgplayer/31918,Mega Zygarde ex,Mega Zygarde ex 120,,47.56,45.82,722,EUR,[],46.93,34.99,34.99,45,45,50,60,60,36,36,USD,85.83,5,,,,,56.54,4,454.17,3,,,245.7,5,222.62,5,,,59.56,1,98.27,5,301.54,5,,,EUR,50.48,Special Art Rare,mega-zygarde-ex,,https://www.tcggo.com/pokemon/perfect-order/mega-zygarde-ex-2,POR-120,684338,singles
2026-08-23T17:06:43+02:00,,528,Natsumi Yoshida,natsumi-yoshida,POR 121,121,877538,88,124,POR,Pokémon,pokemon,399,https://images.tcggo.com/tcggo/storage/32311/Pokemon_TCG_Mega_Evolution—Perfect_Order_Logo.png,Perfect Order,EUR,578.36,EUR,542.27,2026-03-27,17,Mega Evolution,mega-evolution,perfect-order,170,31919,https://images.tcggo.com/tcggo/storage/32307/meowth-ex.webp,https://www.tcggo.com/external/cm/31919,https://www.tcggo.com/external/tcgplayer/31919,Meowth ex,Meowth ex 121,,96.97,96.44,681,EUR,[],125,64.99,64.99,69.99,69.99,125,500,105,72,72,USD,155.58,5,,,,,114.15,5,816.14,1,144.74,1,311.82,5,393.11,5,,,104.24,3,122.11,5,375.25,5,304.73,1,EUR,110.31,Special Art Rare,meowth-ex,,https://www.tcggo.com/pokemon/perfect-order/meowth-ex-2,POR-121,684342,singles
2026-08-23T17:06:43+02:00,,377,Souichirou Gunjima,souichirou-gunjima,POR 122,122,877539,88,124,POR,Pokémon,pokemon,399,https://images.tcggo.com/tcggo/storage/32311/Pokemon_TCG_Mega_Evolution—Perfect_Order_Logo.png,Perfect Order,EUR,578.36,EUR,542.27,2026-03-27,17,Mega Evolution,mega-evolution,perfect-order,,31920,https://images.tcggo.com/tcggo/storage/32308/jacinthe.webp,https://www.tcggo.com/external/cm/31920,https://www.tcggo.com/external/tcgplayer/31920,Jacinthe,Jacinthe 122,,21.45,21.53,606,EUR,[],22.5,16,16,22,22,22.5,29.5,30,10.98,10.98,USD,60.11,5,,,,,24.99,1,,,,,500,1,177.55,5,,,,,39.63,3,,,25.42,2,EUR,21.16,Special Art Rare,jacinthe,,https://www.tcggo.com/pokemon/perfect-order/jacinthe-2,POR-122,684395,singles
2026-08-23T17:06:43+02:00,,780,Iori Suzuki,iori-suzuki,POR 123,123,877540,88,124,POR,Pokémon,pokemon,399,https://images.tcggo.com/tcggo/storage/32311/Pokemon_TCG_Mega_Evolution—Perfect_Order_Logo.png,Perfect Order,EUR,578.36,EUR,542.27,2026-03-27,17,Mega Evolution,mega-evolution,perfect-order,,31921,https://images.tcggo.com/tcggo/storage/32309/rosas-encouragement.webp,https://www.tcggo.com/external/cm/31921,https://www.tcggo.com/external/tcgplayer/31921,Rosa's Encouragement,Rosa's Encouragement 123,,49.54,48.09,585,EUR,[],55,42,42,39.99,39.99,55,45,45,35,35,USD,103.75,5,31.58,1,,,54.5,2,,,,,272.87,4,224.28,5,,,,,85.23,5,,,,,EUR,43.74,Special Art Rare,rosas-encouragement,,https://www.tcggo.com/pokemon/perfect-order/rosas-encouragement-2,POR-123,684392,singles
2026-08-23T17:06:43+02:00,,490,takuyoa,takuyoa,POR 124,124,877541,88,124,POR,Pokémon,pokemon,399,https://images.tcggo.com/tcggo/storage/32311/Pokemon_TCG_Mega_Evolution—Perfect_Order_Logo.png,Perfect Order,EUR,578.36,EUR,542.27,2026-03-27,17,Mega Evolution,mega-evolution,perfect-order,310,31922,https://images.tcggo.com/tcggo/storage/32310/mega-zygarde-ex.webp,https://www.tcggo.com/external/cm/31922,https://www.tcggo.com/external/tcgplayer/31922,Mega Zygarde ex,Mega Zygarde ex 124,,105.53,104.17,238,EUR,[],115,89.5,89.5,120,120,115,137,137,85,85,USD,296.48,5,,,,,151.45,5,,,175.69,1,299.04,5,505.38,5,110.27,1,144.42,4,125.97,5,728.92,2,,,EUR,115.95,SECRET RARE,mega-zygarde-ex,,https://www.tcggo.com/pokemon/perfect-order/mega-zygarde-ex-3,POR-124,684339,singles
