captured_at,sort_price_field,artist,artist.id,artist.name,artist.slug,card_code_number,card_number,cardmarket_id,episode.cards_printed_total,episode.cards_total,episode.code,episode.game.name,episode.game.slug,episode.id,episode.logo,episode.name,episode.prices.cardmarket.currency,episode.prices.cardmarket.total,episode.prices.tcgplayer.currency,episode.prices.tcgplayer.total,episode.released_at,episode.series.id,episode.series.name,episode.series.slug,episode.slug,hp,id,image,links.cardmarket,links.tcgplayer,name,name_numbered,prices.cardmarket.30d_average,prices.cardmarket.7d_average,prices.cardmarket.available_items,prices.cardmarket.currency,prices.cardmarket.graded,prices.cardmarket.lowest_near_mint,prices.cardmarket.lowest_near_mint_DE,prices.cardmarket.lowest_near_mint_DE_EU_only,prices.cardmarket.lowest_near_mint_ES,prices.cardmarket.lowest_near_mint_ES_EU_only,prices.cardmarket.lowest_near_mint_EU_only,prices.cardmarket.lowest_near_mint_FR,prices.cardmarket.lowest_near_mint_FR_EU_only,prices.cardmarket.lowest_near_mint_IT,prices.cardmarket.lowest_near_mint_IT_EU_only,prices.ebay.currency,prices.ebay.graded.ace.10.median_price,prices.ebay.graded.ace.10.sample_size,prices.ebay.graded.ace.9.median_price,prices.ebay.graded.ace.9.sample_size,prices.ebay.graded.psa.10.median_price,prices.ebay.graded.psa.10.sample_size,prices.tcg_player.currency,prices.tcg_player.market_price,rarity,slug,supertype,tcggo_url,tcgid,tcgplayer_id,type
2026-08-17T14:43:18+02:00,lowest_near_mint,,434,AKIRA EGAWA,akira-egawa,PBL 116,116,895901,0,0,PBL,Pokémon,pokemon,415,https://images.tcggo.com/tcggo/storage/34402/pitch_black_logo.png,Pitch Black,EUR,687.55,EUR,739.84,2026-07-17,17,Mega Evolution,mega-evolution,pitch-black,,49885,https://images.tcggo.com/tcggo/storage/38241/mega-darkrai-ex-116-pitch-black.png,https://www.tcggo.com/external/cm/49885,https://www.tcggo.com/external/tcgplayer/49885,Mega Darkrai ex,Mega Darkrai ex 116,293.24,262.82,323,EUR,[],210.84,238,238,220,220,235,345,350,258,258,USD,873.5,2,,,,,EUR,189.15,Special Illustration Rare,mega-darkrai-ex,,https://www.tcggo.com/pokemon/pitch-black/mega-darkrai-ex-2,PBL-116,704873,singles
2026-08-17T14:43:18+02:00,lowest_near_mint,,380,5ban Graphics,5ban-graphics,PBL 120,120,895905,0,0,PBL,Pokémon,pokemon,415,https://images.tcggo.com/tcggo/storage/34402/pitch_black_logo.png,Pitch Black,EUR,687.55,EUR,739.84,2026-07-17,17,Mega Evolution,mega-evolution,pitch-black,,49889,https://images.tcggo.com/tcggo/storage/38245/mega-darkrai-ex-120-pitch-black.png,https://www.tcggo.com/external/cm/49889,https://www.tcggo.com/external/tcgplayer/49889,Mega Darkrai ex,Mega Darkrai ex 120,165.52,155.7,225,EUR,[],154.97,128,128,144,144,179,180,180,148,148,,,,,,,,EUR,147.87,Mega Hyper Rare,mega-darkrai-ex,,https://www.tcggo.com/pokemon/pitch-black/mega-darkrai-ex-3,PBL-120,704877,singles
2026-08-17T14:43:18+02:00,lowest_near_mint,,536,NC Empire,nc-empire,PBL 117,117,895902,0,0,PBL,Pokémon,pokemon,415,https://images.tcggo.com/tcggo/storage/34402/pitch_black_logo.png,Pitch Black,EUR,687.55,EUR,739.84,2026-07-17,17,Mega Evolution,mega-evolution,pitch-black,,49886,https://images.tcggo.com/tcggo/storage/38242/morpeko-ex-117-pitch-black.png,https://www.tcggo.com/external/cm/49886,https://www.tcggo.com/external/tcgplayer/49886,Morpeko ex,Morpeko ex 117,66.02,64.29,236,EUR,[],69,52,52,49.99,49.99,69,64,64,36.8,36.8,USD,,,,,102.58,1,EUR,82.64,Special Illustration Rare,morpeko-ex,,https://www.tcggo.com/pokemon/pitch-black/morpeko-ex-2,PBL-117,704874,singles
2026-08-17T14:43:18+02:00,lowest_near_mint,,459,GIDORA,gidora,PBL 114,114,895899,0,0,PBL,Pokémon,pokemon,415,https://images.tcggo.com/tcggo/storage/34402/pitch_black_logo.png,Pitch Black,EUR,687.55,EUR,739.84,2026-07-17,17,Mega Evolution,mega-evolution,pitch-black,,49883,https://images.tcggo.com/tcggo/storage/38239/mega-zeraora-ex-114-pitch-black.png,https://www.tcggo.com/external/cm/49883,https://www.tcggo.com/external/tcgplayer/49883,Mega Zeraora ex,Mega Zeraora ex 114,55.23,54.05,257,EUR,[],45,40,40,40,40,45,94.95,94.95,37,37,,,,,,,,EUR,54.61,Special Illustration Rare,mega-zeraora-ex,,https://www.tcggo.com/pokemon/pitch-black/mega-zeraora-ex-2,PBL-114,704871,singles
2026-08-17T14:43:18+02:00,lowest_near_mint,,470,REND,rend,PBL 115,115,895900,0,0,PBL,Pokémon,pokemon,415,https://images.tcggo.com/tcggo/storage/34402/pitch_black_logo.png,Pitch Black,EUR,687.55,EUR,739.84,2026-07-17,17,Mega Evolution,mega-evolution,pitch-black,,49884,https://images.tcggo.com/tcggo/storage/38240/mega-chandelure-ex-115-pitch-black.png,https://www.tcggo.com/external/cm/49884,https://www.tcggo.com/external/tcgplayer/49884,Mega Chandelure ex,Mega Chandelure ex 115,37.07,36,320,EUR,[],34.75,29,29,35,35,34.75,42,42,25,25,USD,,,38.14,1,61.92,1,EUR,40.06,Special Illustration Rare,mega-chandelure-ex,,https://www.tcggo.com/pokemon/pitch-black/mega-chandelure-ex-2,PBL-115,704872,singles
2026-08-17T14:43:18+02:00,lowest_near_mint,,463,Naoki Saito,naoki-saito,PBL 119,119,895904,0,0,PBL,Pokémon,pokemon,415,https://images.tcggo.com/tcggo/storage/34402/pitch_black_logo.png,Pitch Black,EUR,687.55,EUR,739.84,2026-07-17,17,Mega Evolution,mega-evolution,pitch-black,,49888,https://images.tcggo.com/tcggo/storage/38244/gwynn-119-pitch-black.png,https://www.tcggo.com/external/cm/49888,https://www.tcggo.com/external/tcgplayer/49888,Gwynn,Gwynn 119,27.97,26.81,227,EUR,[],28,24.99,24.99,24,24,28,22.99,22.99,16.9,16.9,USD,,,,,35.67,1,EUR,30.85,Special Illustration Rare,gwynn,,https://www.tcggo.com/pokemon/pitch-black/gwynn-2,PBL-119,704876,singles
2026-08-17T14:43:18+02:00,lowest_near_mint,,429,DOM,dom,PBL 118,118,895903,0,0,PBL,Pokémon,pokemon,415,https://images.tcggo.com/tcggo/storage/34402/pitch_black_logo.png,Pitch Black,EUR,687.55,EUR,739.84,2026-07-17,17,Mega Evolution,mega-evolution,pitch-black,,49887,https://images.tcggo.com/tcggo/storage/38243/gladions-final-battle-118-pitch-black.png,https://www.tcggo.com/external/cm/49887,https://www.tcggo.com/external/tcgplayer/49887,Gladion's Final Battle,Gladion's Final Battle 118,25.09,24.62,267,EUR,[],24.95,19.99,19.99,23.5,23.5,24.95,23.99,23.99,19.9,19.9,,,,,,,,EUR,28.04,Special Illustration Rare,gladions-final-battle,,https://www.tcggo.com/pokemon/pitch-black/gladions-final-battle-2,PBL-118,704875,singles
2026-08-17T14:43:18+02:00,lowest_near_mint,,477,En Morikura,en-morikura,PBL 111,111,895896,0,0,PBL,Pokémon,pokemon,415,https://images.tcggo.com/tcggo/storage/34402/pitch_black_logo.png,Pitch Black,EUR,687.55,EUR,739.84,2026-07-17,17,Mega Evolution,mega-evolution,pitch-black,,49880,https://images.tcggo.com/tcggo/storage/38236/mistys-vitality-111-pitch-black.png,https://www.tcggo.com/external/cm/49880,https://www.tcggo.com/external/tcgplayer/49880,Misty's Vitality,Misty's Vitality 111,20.24,17.99,456,EUR,[],20,14,14,15,15,20,14.99,14.99,9,9,,,,,,,,EUR,18.32,Ultra Rare,mistys-vitality,,https://www.tcggo.com/pokemon/pitch-black/mistys-vitality-1,PBL-111,704868,singles
2026-08-17T14:43:18+02:00,lowest_near_mint,,396,Gemi,gemi,PBL 87,87,895871,0,0,PBL,Pokémon,pokemon,415,https://images.tcggo.com/tcggo/storage/34402/pitch_black_logo.png,Pitch Black,EUR,687.55,EUR,739.84,2026-07-17,17,Mega Evolution,mega-evolution,pitch-black,,49856,https://images.tcggo.com/tcggo/storage/38212/goldeen-87-pitch-black.png,https://www.tcggo.com/external/cm/49856,https://www.tcggo.com/external/tcgplayer/49856,Goldeen,Goldeen 87,13.52,12.39,633,EUR,[],9.5,9,9,7.85,7.85,9.5,19.8,19.8,5.3,5.3,,,,,,,,EUR,8.27,Illustration Rare,goldeen,,https://www.tcggo.com/pokemon/pitch-black/goldeen-16,PBL-87,704844,singles
2026-08-17T14:43:18+02:00,lowest_near_mint,,399,Mékayu,mekayu,PBL 90,90,895874,0,0,PBL,Pokémon,pokemon,415,https://images.tcggo.com/tcggo/storage/34402/pitch_black_logo.png,Pitch Black,EUR,687.55,EUR,739.84,2026-07-17,17,Mega Evolution,mega-evolution,pitch-black,,49859,https://images.tcggo.com/tcggo/storage/38215/slowbro-90-pitch-black.png,https://www.tcggo.com/external/cm/49859,https://www.tcggo.com/external/tcgplayer/49859,Slowbro,Slowbro 90,14.47,12.4,753,EUR,[],8.5,9.1,9.1,9,9,8.5,13,13,5.49,5.49,,,,,,,,EUR,12.26,Illustration Rare,slowbro,,https://www.tcggo.com/pokemon/pitch-black/slowbro-18,PBL-90,704847,singles
2026-08-17T14:43:18+02:00,lowest_near_mint,,405,nagimiso,nagimiso,PBL 109,109,895894,0,0,PBL,Pokémon,pokemon,415,https://images.tcggo.com/tcggo/storage/34402/pitch_black_logo.png,Pitch Black,EUR,687.55,EUR,739.84,2026-07-17,17,Mega Evolution,mega-evolution,pitch-black,,49878,https://images.tcggo.com/tcggo/storage/38234/gwynn-109-pitch-black.png,https://www.tcggo.com/external/cm/49878,https://www.tcggo.com/external/tcgplayer/49878,Gwynn,Gwynn 109,8.11,7.99,324,EUR,[],7.5,6.99,6.99,12,12,7.5,6.5,6.5,5.99,5.99,,,,,,,,EUR,7.64,Ultra Rare,gwynn,,https://www.tcggo.com/pokemon/pitch-black/gwynn-1,PBL-109,704866,singles
2026-08-17T14:43:18+02:00,lowest_near_mint,,380,5ban Graphics,5ban-graphics,PBL 101,101,895886,0,0,PBL,Pokémon,pokemon,415,https://images.tcggo.com/tcggo/storage/34402/pitch_black_logo.png,Pitch Black,EUR,687.55,EUR,739.84,2026-07-17,17,Mega Evolution,mega-evolution,pitch-black,,49870,https://images.tcggo.com/tcggo/storage/38226/mega-darkrai-ex-101-pitch-black.png,https://www.tcggo.com/external/cm/49870,https://www.tcggo.com/external/tcgplayer/49870,Mega Darkrai ex,Mega Darkrai ex 101,10.22,10.58,345,EUR,[],7.17,8.7,8.7,9.98,9.98,7.17,11.9,11.9,7.9,7.9,,,,,,,,EUR,11.74,Ultra Rare,mega-darkrai-ex,,https://www.tcggo.com/pokemon/pitch-black/mega-darkrai-ex-1,PBL-101,704858,singles
2026-08-17T14:43:18+02:00,lowest_near_mint,,380,5ban Graphics,5ban-graphics,PBL 99,99,895884,0,0,PBL,Pokémon,pokemon,415,https://images.tcggo.com/tcggo/storage/34402/pitch_black_logo.png,Pitch Black,EUR,687.55,EUR,739.84,2026-07-17,17,Mega Evolution,mega-evolution,pitch-black,,49868,https://images.tcggo.com/tcggo/storage/38224/mega-chandelure-ex-99-pitch-black.png,https://www.tcggo.com/external/cm/49868,https://www.tcggo.com/external/tcgplayer/49868,Mega Chandelure ex,Mega Chandelure ex 99,6.5,6.83,277,EUR,[],6,4.5,5,7.5,7.5,6,6,6,4.99,4.99,,,,,,,,EUR,7.89,Ultra Rare,mega-chandelure-ex,,https://www.tcggo.com/pokemon/pitch-black/mega-chandelure-ex-1,PBL-99,704856,singles
2026-08-17T14:43:18+02:00,lowest_near_mint,,1192,Keisuke Azuma,keisuke-azuma,PBL 103,103,895888,0,0,PBL,Pokémon,pokemon,415,https://images.tcggo.com/tcggo/storage/34402/pitch_black_logo.png,Pitch Black,EUR,687.55,EUR,739.84,2026-07-17,17,Mega Evolution,mega-evolution,pitch-black,,49872,https://images.tcggo.com/tcggo/storage/38228/mega-excadrill-ex-103-pitch-black.png,https://www.tcggo.com/external/cm/49872,https://www.tcggo.com/external/tcgplayer/49872,Mega Excadrill ex,Mega Excadrill ex 103,6.18,5.86,325,EUR,[],5.37,4.5,4.5,5.9,5.9,5,4.84,4.84,5,5,,,,,,,,EUR,8.13,Ultra Rare,mega-excadrill-ex,,https://www.tcggo.com/pokemon/pitch-black/mega-excadrill-ex-1,PBL-103,704860,singles
2026-08-17T14:43:18+02:00,lowest_near_mint,,380,5ban Graphics,5ban-graphics,PBL 98,98,895883,0,0,PBL,Pokémon,pokemon,415,https://images.tcggo.com/tcggo/storage/34402/pitch_black_logo.png,Pitch Black,EUR,687.55,EUR,739.84,2026-07-17,17,Mega Evolution,mega-evolution,pitch-black,,49867,https://images.tcggo.com/tcggo/storage/38223/mega-zeraora-ex-98-pitch-black.png,https://www.tcggo.com/external/cm/49867,https://www.tcggo.com/external/tcgplayer/49867,Mega Zeraora ex,Mega Zeraora ex 98,7.03,6.69,375,EUR,[],5.2,5.98,5.98,7,7,5.2,8,8,3.99,3.99,,,,,,,,EUR,6.63,Ultra Rare,mega-zeraora-ex,,https://www.tcggo.com/pokemon/pitch-black/mega-zeraora-ex-1,PBL-98,704855,singles
2026-08-17T14:43:18+02:00,lowest_near_mint,,784,Nakamura Ippan,nakamura-ippan,PBL 91,91,895875,0,0,PBL,Pokémon,pokemon,415,https://images.tcggo.com/tcggo/storage/34402/pitch_black_logo.png,Pitch Black,EUR,687.55,EUR,739.84,2026-07-17,17,Mega Evolution,mega-evolution,pitch-black,,49860,https://images.tcggo.com/tcggo/storage/38216/dhelmise-91-pitch-black.png,https://www.tcggo.com/external/cm/49860,https://www.tcggo.com/external/tcgplayer/49860,Dhelmise,Dhelmise 91,4.99,3.99,886,EUR,[],3.7,1.9,1.9,4.98,4.98,3.7,3.5,3.5,2.39,2.39,,,,,,,,EUR,3.69,Illustration Rare,dhelmise,,https://www.tcggo.com/pokemon/pitch-black/dhelmise-12,PBL-91,704848,singles
2026-08-17T14:43:18+02:00,lowest_near_mint,,380,5ban Graphics,5ban-graphics,PBL 102,102,895887,0,0,PBL,Pokémon,pokemon,415,https://images.tcggo.com/tcggo/storage/34402/pitch_black_logo.png,Pitch Black,EUR,687.55,EUR,739.84,2026-07-17,17,Mega Evolution,mega-evolution,pitch-black,,49871,https://images.tcggo.com/tcggo/storage/38227/morpeko-ex-102-pitch-black.png,https://www.tcggo.com/external/cm/49871,https://www.tcggo.com/external/tcgplayer/49871,Morpeko ex,Morpeko ex 102,4.07,3.75,424,EUR,[],3.48,3,3,3.49,3.49,3.48,4,4,2.74,2.74,,,,,,,,EUR,6.52,Ultra Rare,morpeko-ex,,https://www.tcggo.com/pokemon/pitch-black/morpeko-ex-1,PBL-102,704859,singles
2026-08-17T14:43:18+02:00,lowest_near_mint,,450,Iwamoto05,iwamoto05,PBL 86,86,895870,0,0,PBL,Pokémon,pokemon,415,https://images.tcggo.com/tcggo/storage/34402/pitch_black_logo.png,Pitch Black,EUR,687.55,EUR,739.84,2026-07-17,17,Mega Evolution,mega-evolution,pitch-black,,49855,https://images.tcggo.com/tcggo/storage/38211/armarouge-86-pitch-black.png,https://www.tcggo.com/external/cm/49855,https://www.tcggo.com/external/tcgplayer/49855,Armarouge,Armarouge 86,4.38,3.91,813,EUR,[],3,2,2,3.38,3.38,3,4.5,4.5,2.49,2.49,,,,,,,,EUR,4.38,Illustration Rare,armarouge,,https://www.tcggo.com/pokemon/pitch-black/armarouge-4,PBL-86,704843,singles
2026-08-17T14:43:18+02:00,lowest_near_mint,,430,akagi,akagi,PBL 108,108,895893,0,0,PBL,Pokémon,pokemon,415,https://images.tcggo.com/tcggo/storage/34402/pitch_black_logo.png,Pitch Black,EUR,687.55,EUR,739.84,2026-07-17,17,Mega Evolution,mega-evolution,pitch-black,,49877,https://images.tcggo.com/tcggo/storage/38233/gladions-final-battle-108-pitch-black.png,https://www.tcggo.com/external/cm/49877,https://www.tcggo.com/external/tcgplayer/49877,Gladion's Final Battle,Gladion's Final Battle 108,3.68,3.66,322,EUR,[],3,1.8,1.8,4.3,4.3,3,2.5,2.5,1.5,1.5,,,,,,,,EUR,2.89,Ultra Rare,gladions-final-battle,,https://www.tcggo.com/pokemon/pitch-black/gladions-final-battle-1,PBL-108,704865,singles
2026-08-17T14:43:18+02:00,lowest_near_mint,,417,satoma,satoma,PBL 88,88,895872,0,0,PBL,Pokémon,pokemon,415,https://images.tcggo.com/tcggo/storage/34402/pitch_black_logo.png,Pitch Black,EUR,687.55,EUR,739.84,2026-07-17,17,Mega Evolution,mega-evolution,pitch-black,,49857,https://images.tcggo.com/tcggo/storage/38213/primarina-88-pitch-black.png,https://www.tcggo.com/external/cm/49857,https://www.tcggo.com/external/tcgplayer/49857,Primarina,Primarina 88,4.41,3.68,884,EUR,[],2.95,2,2,4,4,2.95,3.7,3.7,2.3,2.3,,,,,,,,EUR,3.91,Illustration Rare,primarina,,https://www.tcggo.com/pokemon/pitch-black/primarina-3,PBL-88,704845,singles
2026-08-17T14:43:18+02:00,lowest_near_mint,,380,5ban Graphics,5ban-graphics,PBL 100,100,895885,0,0,PBL,Pokémon,pokemon,415,https://images.tcggo.com/tcggo/storage/34402/pitch_black_logo.png,Pitch Black,EUR,687.55,EUR,739.84,2026-07-17,17,Mega Evolution,mega-evolution,pitch-black,,49869,https://images.tcggo.com/tcggo/storage/38225/rampardos-ex-100-pitch-black.png,https://www.tcggo.com/external/cm/49869,https://www.tcggo.com/external/tcgplayer/49869,Rampardos ex,Rampardos ex 100,2.92,2.82,380,EUR,[],2.8,1.5,1.5,3.5,3.5,2.8,3.6,3.6,1,1,,,,,,,,EUR,3.1,Ultra Rare,rampardos-ex,,https://www.tcggo.com/pokemon/pitch-black/rampardos-ex-1,PBL-100,704857,singles
2026-08-17T14:43:18+02:00,lowest_near_mint,,785,HICO KIM,hico-kim,PBL 89,89,895873,0,0,PBL,Pokémon,pokemon,415,https://images.tcggo.com/tcggo/storage/34402/pitch_black_logo.png,Pitch Black,EUR,687.55,EUR,739.84,2026-07-17,17,Mega Evolution,mega-evolution,pitch-black,,49858,https://images.tcggo.com/tcggo/storage/38214/manectric-89-pitch-black.png,https://www.tcggo.com/external/cm/49858,https://www.tcggo.com/external/tcgplayer/49858,Manectric,Manectric 89,3.74,3.55,744,EUR,[],2.7,1.9,1.9,2.5,2.5,2.9,6,6,1.73,1.73,,,,,,,,EUR,2.62,Illustration Rare,manectric,,https://www.tcggo.com/pokemon/pitch-black/manectric-30,PBL-89,704846,singles
2026-08-17T14:43:18+02:00,lowest_near_mint,,535,Jiro Sasumo,jiro-sasumo,PBL 85,85,895869,0,0,PBL,Pokémon,pokemon,415,https://images.tcggo.com/tcggo/storage/34402/pitch_black_logo.png,Pitch Black,EUR,687.55,EUR,739.84,2026-07-17,17,Mega Evolution,mega-evolution,pitch-black,,49854,https://images.tcggo.com/tcggo/storage/38210/fomantis-85-pitch-black.png,https://www.tcggo.com/external/cm/49854,https://www.tcggo.com/external/tcgplayer/49854,Fomantis,Fomantis 85,3.41,3.01,773,EUR,[],2.69,2,2,3.3,3.3,2.69,2.88,2.88,1.8,1.8,,,,,,,,EUR,2.94,Illustration Rare,fomantis,,https://www.tcggo.com/pokemon/pitch-black/fomantis-5,PBL-85,704842,singles
2026-08-17T14:43:18+02:00,lowest_near_mint,,458,Toyste Beach,toyste-beach,PBL 104,104,895889,0,0,PBL,Pokémon,pokemon,415,https://images.tcggo.com/tcggo/storage/34402/pitch_black_logo.png,Pitch Black,EUR,687.55,EUR,739.84,2026-07-17,17,Mega Evolution,mega-evolution,pitch-black,,49873,https://images.tcggo.com/tcggo/storage/38229/brave-bangle-104-pitch-black.png,https://www.tcggo.com/external/cm/49873,https://www.tcggo.com/external/tcgplayer/49873,Brave Bangle,Brave Bangle 104,3.33,3.31,328,EUR,[],2.65,2.4,2.4,4.45,4.45,2.65,1.49,1.49,3.29,3.29,,,,,,,,EUR,4.07,Ultra Rare,brave-bangle,,https://www.tcggo.com/pokemon/pitch-black/brave-bangle-2,PBL-104,704861,singles
2026-08-17T14:43:18+02:00,lowest_near_mint,,380,5ban Graphics,5ban-graphics,PBL 97,97,895882,0,0,PBL,Pokémon,pokemon,415,https://images.tcggo.com/tcggo/storage/34402/pitch_black_logo.png,Pitch Black,EUR,687.55,EUR,739.84,2026-07-17,17,Mega Evolution,mega-evolution,pitch-black,,49866,https://images.tcggo.com/tcggo/storage/38222/wailord-ex-97-pitch-black.png,https://www.tcggo.com/external/cm/49866,https://www.tcggo.com/external/tcgplayer/49866,Wailord ex,Wailord ex 97,3.27,3.29,333,EUR,[],2.5,1.99,1.99,2.95,2.95,2.5,4.49,4.49,1.48,1.48,,,,,,,,EUR,5.11,Ultra Rare,wailord-ex,,https://www.tcggo.com/pokemon/pitch-black/wailord-ex-1,PBL-97,704854,singles
2026-08-17T14:43:18+02:00,lowest_near_mint,,429,DOM,dom,PBL 95,95,895880,0,0,PBL,Pokémon,pokemon,415,https://images.tcggo.com/tcggo/storage/34402/pitch_black_logo.png,Pitch Black,EUR,687.55,EUR,739.84,2026-07-17,17,Mega Evolution,mega-evolution,pitch-black,,49864,https://images.tcggo.com/tcggo/storage/38220/silvally-95-pitch-black.png,https://www.tcggo.com/external/cm/49864,https://www.tcggo.com/external/tcgplayer/49864,Silvally,Silvally 95,3.9,3.29,910,EUR,[],2.34,2.3,2.3,2.8,2.8,2.34,3.95,4,1.95,1.95,,,,,,,,EUR,2.5,Illustration Rare,silvally,,https://www.tcggo.com/pokemon/pitch-black/silvally-2,PBL-95,704852,singles
2026-08-17T14:43:18+02:00,lowest_near_mint,,449,miki kudo,miki-kudo,PBL 94,94,895879,0,0,PBL,Pokémon,pokemon,415,https://images.tcggo.com/tcggo/storage/34402/pitch_black_logo.png,Pitch Black,EUR,687.55,EUR,739.84,2026-07-17,17,Mega Evolution,mega-evolution,pitch-black,,49863,https://images.tcggo.com/tcggo/storage/38219/toucannon-94-pitch-black.png,https://www.tcggo.com/external/cm/49863,https://www.tcggo.com/external/tcgplayer/49863,Toucannon,Toucannon 94,4.17,3.89,660,EUR,[],2.25,2.6,2.6,3.99,3.99,2.25,3,3,1.7,1.7,,,,,,,,EUR,3.7,Illustration Rare,toucannon,,https://www.tcggo.com/pokemon/pitch-black/toucannon-4,PBL-94,704851,singles
2026-08-17T14:43:18+02:00,lowest_near_mint,,357,Yoriyuki Ikegami,yoriyuki-ikegami,PBL 93,93,895878,0,0,PBL,Pokémon,pokemon,415,https://images.tcggo.com/tcggo/storage/34402/pitch_black_logo.png,Pitch Black,EUR,687.55,EUR,739.84,2026-07-17,17,Mega Evolution,mega-evolution,pitch-black,,49862,https://images.tcggo.com/tcggo/storage/38218/bastiodon-93-pitch-black.png,https://www.tcggo.com/external/cm/49862,https://www.tcggo.com/external/tcgplayer/49862,Bastiodon,Bastiodon 93,3.41,2.71,856,EUR,[],2,1.5,1.5,1.5,1.5,2,2.68,2.7,1.64,1.64,,,,,,,,EUR,2.37,Illustration Rare,bastiodon,,https://www.tcggo.com/pokemon/pitch-black/bastiodon-8,PBL-93,704850,singles
2026-08-17T14:43:18+02:00,lowest_near_mint,,517,Ayaka Yoshida,ayaka-yoshida,PBL 105,105,895890,0,0,PBL,Pokémon,pokemon,415,https://images.tcggo.com/tcggo/storage/34402/pitch_black_logo.png,Pitch Black,EUR,687.55,EUR,739.84,2026-07-17,17,Mega Evolution,mega-evolution,pitch-black,,49874,https://images.tcggo.com/tcggo/storage/38230/crushing-hammer-105-pitch-black.png,https://www.tcggo.com/external/cm/49874,https://www.tcggo.com/external/tcgplayer/49874,Crushing Hammer,Crushing Hammer 105,3.71,3.31,348,EUR,[],2,2.5,2.5,3.49,3.49,2,2.49,2.49,3.49,3.49,,,,,,,,EUR,4.19,Ultra Rare,crushing-hammer,,https://www.tcggo.com/pokemon/pitch-black/crushing-hammer-9,PBL-105,704862,singles
2026-08-17T14:43:18+02:00,lowest_near_mint,,458,Toyste Beach,toyste-beach,PBL 106,106,895891,0,0,PBL,Pokémon,pokemon,415,https://images.tcggo.com/tcggo/storage/34402/pitch_black_logo.png,Pitch Black,EUR,687.55,EUR,739.84,2026-07-17,17,Mega Evolution,mega-evolution,pitch-black,,49875,https://images.tcggo.com/tcggo/storage/38231/dark-bell-106-pitch-black.png,https://www.tcggo.com/external/cm/49875,https://www.tcggo.com/external/tcgplayer/49875,Dark Bell,Dark Bell 106,2.67,2.43,422,EUR,[],2,1.4,1.4,3.38,3.38,2,2.5,2.5,1.45,1.45,,,,,,,,EUR,2.22,Ultra Rare,dark-bell,,https://www.tcggo.com/pokemon/pitch-black/dark-bell-1,PBL-106,704863,singles
2026-08-17T14:43:18+02:00,lowest_near_mint,,385,Teeziro,teeziro,PBL 112,112,895897,0,0,PBL,Pokémon,pokemon,415,https://images.tcggo.com/tcggo/storage/34402/pitch_black_logo.png,Pitch Black,EUR,687.55,EUR,739.84,2026-07-17,17,Mega Evolution,mega-evolution,pitch-black,,49881,https://images.tcggo.com/tcggo/storage/38237/rust-syndicate-grunt-112-pitch-black.png,https://www.tcggo.com/external/cm/49881,https://www.tcggo.com/external/tcgplayer/49881,Rust Syndicate Grunt,Rust Syndicate Grunt 112,2.85,2.28,452,EUR,[],1.8,1.4,1.4,2.4,2.4,1.8,2,2,1.99,1.99,,,,,,,,EUR,2.31,Ultra Rare,rust-syndicate-grunt,,https://www.tcggo.com/pokemon/pitch-black/rust-syndicate-grunt-1,PBL-112,704869,singles
2026-08-17T14:43:18+02:00,lowest_near_mint,,461,Studio Bora Inc.,studio-bora-inc,PBL 107,107,895892,0,0,PBL,Pokémon,pokemon,415,https://images.tcggo.com/tcggo/storage/34402/pitch_black_logo.png,Pitch Black,EUR,687.55,EUR,739.84,2026-07-17,17,Mega Evolution,mega-evolution,pitch-black,,49876,https://images.tcggo.com/tcggo/storage/38232/energy-switch-107-pitch-black.png,https://www.tcggo.com/external/cm/49876,https://www.tcggo.com/external/tcgplayer/49876,Energy Switch,Energy Switch 107,2.49,2.25,424,EUR,[],1.7,1,1,2.1,2.1,1.7,1,1,1.65,1.65,,,,,,,,EUR,2.03,Ultra Rare,energy-switch,,https://www.tcggo.com/pokemon/pitch-black/energy-switch-18,PBL-107,704864,singles
2026-08-17T14:43:18+02:00,lowest_near_mint,,380,5ban Graphics,5ban-graphics,PBL 96,96,895881,0,0,PBL,Pokémon,pokemon,415,https://images.tcggo.com/tcggo/storage/34402/pitch_black_logo.png,Pitch Black,EUR,687.55,EUR,739.84,2026-07-17,17,Mega Evolution,mega-evolution,pitch-black,,49865,https://images.tcggo.com/tcggo/storage/38221/lurantis-ex-96-pitch-black.png,https://www.tcggo.com/external/cm/49865,https://www.tcggo.com/external/tcgplayer/49865,Lurantis ex,Lurantis ex 96,3.15,2.87,354,EUR,[],1.45,1.49,1.49,1.8,1.8,1.45,3.99,3.99,1,1,,,,,,,,EUR,2.76,Ultra Rare,lurantis-ex,,https://www.tcggo.com/pokemon/pitch-black/lurantis-ex-1,PBL-96,704853,singles
2026-08-17T14:43:18+02:00,lowest_near_mint,,386,Jerky,jerky,PBL 92,92,895876,0,0,PBL,Pokémon,pokemon,415,https://images.tcggo.com/tcggo/storage/34402/pitch_black_logo.png,Pitch Black,EUR,687.55,EUR,739.84,2026-07-17,17,Mega Evolution,mega-evolution,pitch-black,,49861,https://images.tcggo.com/tcggo/storage/38217/thievul-92-pitch-black.png,https://www.tcggo.com/external/cm/49861,https://www.tcggo.com/external/tcgplayer/49861,Thievul,Thievul 92,2.29,1.95,912,EUR,[],1.2,0.99,0.99,1,1,1.2,1.8,1.8,0.95,0.95,,,,,,,,EUR,1.76,Illustration Rare,thievul,,https://www.tcggo.com/pokemon/pitch-black/thievul-8,PBL-92,704849,singles
2026-08-17T14:43:18+02:00,lowest_near_mint,,464,inose yukie,inose-yukie,PBL 113,113,895898,0,0,PBL,Pokémon,pokemon,415,https://images.tcggo.com/tcggo/storage/34402/pitch_black_logo.png,Pitch Black,EUR,687.55,EUR,739.84,2026-07-17,17,Mega Evolution,mega-evolution,pitch-black,,49882,https://images.tcggo.com/tcggo/storage/38238/tremendous-bomb-113-pitch-black.png,https://www.tcggo.com/external/cm/49882,https://www.tcggo.com/external/tcgplayer/49882,Tremendous Bomb,Tremendous Bomb 113,1.45,1.39,407,EUR,[],0.69,0.5,0.5,1.5,1.5,0.69,1.3,1.3,0.9,0.9,,,,,,,,EUR,1.44,Ultra Rare,tremendous-bomb,,https://www.tcggo.com/pokemon/pitch-black/tremendous-bomb-1,PBL-113,704870,singles
2026-08-17T14:43:18+02:00,lowest_near_mint,,461,Studio Bora Inc.,studio-bora-inc,PBL 110,110,895895,0,0,PBL,Pokémon,pokemon,415,https://images.tcggo.com/tcggo/storage/34402/pitch_black_logo.png,Pitch Black,EUR,687.55,EUR,739.84,2026-07-17,17,Mega Evolution,mega-evolution,pitch-black,,49879,https://images.tcggo.com/tcggo/storage/38235/iron-defender-110-pitch-black.png,https://www.tcggo.com/external/cm/49879,https://www.tcggo.com/external/tcgplayer/49879,Iron Defender,Iron Defender 110,1.55,1.42,388,EUR,[],0.6,0.5,0.9,1.24,1.24,0.6,1.35,1.35,0.99,0.99,,,,,,,,EUR,1,Ultra Rare,iron-defender,,https://www.tcggo.com/pokemon/pitch-black/iron-defender-1,PBL-110,704867,singles
2026-08-17T14:43:18+02:00,lowest_near_mint,,1192,Keisuke Azuma,keisuke-azuma,PBL 65,65,895785,0,0,PBL,Pokémon,pokemon,415,https://images.tcggo.com/tcggo/storage/34402/pitch_black_logo.png,Pitch Black,EUR,687.55,EUR,739.84,2026-07-17,17,Mega Evolution,mega-evolution,pitch-black,,49834,https://images.tcggo.com/tcggo/storage/38190/mega-excadrill-ex-65-pitch-black.png,https://www.tcggo.com/external/cm/49834,https://www.tcggo.com/external/tcgplayer/49834,Mega Excadrill ex,Mega Excadrill ex 65,1.11,1.04,901,EUR,[],0.49,0.4,0.4,0.99,0.99,0.49,0.4,0.4,0.5,0.5,,,,,,,,EUR,0.97,Double Rare,mega-excadrill-ex,,https://www.tcggo.com/pokemon/pitch-black/mega-excadrill-ex,PBL-65,704822,singles
2026-08-17T14:43:18+02:00,lowest_near_mint,,380,5ban Graphics,5ban-graphics,PBL 48,48,895788,0,0,PBL,Pokémon,pokemon,415,https://images.tcggo.com/tcggo/storage/34402/pitch_black_logo.png,Pitch Black,EUR,687.55,EUR,739.84,2026-07-17,17,Mega Evolution,mega-evolution,pitch-black,,49817,https://images.tcggo.com/tcggo/storage/38173/mega-darkrai-ex-48-pitch-black.png,https://www.tcggo.com/external/cm/49817,https://www.tcggo.com/external/tcgplayer/49817,Mega Darkrai ex,Mega Darkrai ex 48,1.18,1.09,1111,EUR,[],0.43,0.5,0.5,1.2,1.2,0.43,0.4,0.4,0.39,0.39,,,,,,,,EUR,0.84,Double Rare,mega-darkrai-ex,,https://www.tcggo.com/pokemon/pitch-black/mega-darkrai-ex,PBL-48,704805,singles
2026-08-17T14:43:18+02:00,lowest_near_mint,,380,5ban Graphics,5ban-graphics,PBL 4,4,895792,0,0,PBL,Pokémon,pokemon,415,https://images.tcggo.com/tcggo/storage/34402/pitch_black_logo.png,Pitch Black,EUR,687.55,EUR,739.84,2026-07-17,17,Mega Evolution,mega-evolution,pitch-black,,49773,https://images.tcggo.com/tcggo/storage/38129/lurantis-ex-4-pitch-black.png,https://www.tcggo.com/external/cm/49773,https://www.tcggo.com/external/tcgplayer/49773,Lurantis ex,Lurantis ex 4,0.43,0.4,1222,EUR,[],0.1,0.06,0.06,0.5,0.5,0.1,0.4,0.4,0.02,0.02,,,,,,,,EUR,0.5,Double Rare,lurantis-ex,,https://www.tcggo.com/pokemon/pitch-black/lurantis-ex,PBL-4,704761,singles
2026-08-17T14:43:18+02:00,lowest_near_mint,,380,5ban Graphics,5ban-graphics,PBL 8,8,895796,0,0,PBL,Pokémon,pokemon,415,https://images.tcggo.com/tcggo/storage/34402/pitch_black_logo.png,Pitch Black,EUR,687.55,EUR,739.84,2026-07-17,17,Mega Evolution,mega-evolution,pitch-black,,49777,https://images.tcggo.com/tcggo/storage/38133/mega-delphox-ex-8-pitch-black.png,https://www.tcggo.com/external/cm/49777,https://www.tcggo.com/external/tcgplayer/49777,Mega Delphox ex,Mega Delphox ex 8,0.69,0.57,1054,EUR,[],0.1,0.15,0.25,0.2,0.2,0.1,0.5,0.5,0.09,0.09,,,,,,,,EUR,0.68,Double Rare,mega-delphox-ex,,https://www.tcggo.com/pokemon/pitch-black/mega-delphox-ex,PBL-8,704765,singles
2026-08-17T14:43:18+02:00,lowest_near_mint,,380,5ban Graphics,5ban-graphics,PBL 27,27,895787,0,0,PBL,Pokémon,pokemon,415,https://images.tcggo.com/tcggo/storage/34402/pitch_black_logo.png,Pitch Black,EUR,687.55,EUR,739.84,2026-07-17,17,Mega Evolution,mega-evolution,pitch-black,,49796,https://images.tcggo.com/tcggo/storage/38152/mega-zeraora-ex-27-pitch-black.png,https://www.tcggo.com/external/cm/49796,https://www.tcggo.com/external/tcgplayer/49796,Mega Zeraora ex,Mega Zeraora ex 27,0.78,0.64,1166,EUR,[],0.1,0.3,0.3,0.48,0.48,0.1,0.4,0.4,0.17,0.17,,,,,,,,EUR,0.59,Double Rare,mega-zeraora-ex,,https://www.tcggo.com/pokemon/pitch-black/mega-zeraora-ex,PBL-27,704784,singles
2026-08-17T14:43:18+02:00,lowest_near_mint,,380,5ban Graphics,5ban-graphics,PBL 31,31,895818,0,0,PBL,Pokémon,pokemon,415,https://images.tcggo.com/tcggo/storage/34402/pitch_black_logo.png,Pitch Black,EUR,687.55,EUR,739.84,2026-07-17,17,Mega Evolution,mega-evolution,pitch-black,,49800,https://images.tcggo.com/tcggo/storage/38156/mega-slowbro-ex-31-pitch-black.png,https://www.tcggo.com/external/cm/49800,https://www.tcggo.com/external/tcgplayer/49800,Mega Slowbro ex,Mega Slowbro ex 31,0.69,0.6,1328,EUR,[],0.1,0.1,0.1,0.18,0.18,0.1,0.33,0.33,0.08,0.08,,,,,,,,EUR,0.69,Double Rare,mega-slowbro-ex,,https://www.tcggo.com/pokemon/pitch-black/mega-slowbro-ex,PBL-31,704788,singles
2026-08-17T14:43:18+02:00,lowest_near_mint,,462,hncl,hncl,PBL 45,45,895831,0,0,PBL,Pokémon,pokemon,415,https://images.tcggo.com/tcggo/storage/34402/pitch_black_logo.png,Pitch Black,EUR,687.55,EUR,739.84,2026-07-17,17,Mega Evolution,mega-evolution,pitch-black,,49814,https://images.tcggo.com/tcggo/storage/38170/rampardos-ex-45-pitch-black.png,https://www.tcggo.com/external/cm/49814,https://www.tcggo.com/external/tcgplayer/49814,Rampardos ex,Rampardos ex 45,0.65,0.55,991,EUR,[],0.1,0.04,0.04,0.19,0.19,0.1,0.18,0.18,0.05,0.05,,,,,,,,EUR,0.55,Double Rare,rampardos-ex,,https://www.tcggo.com/pokemon/pitch-black/rampardos-ex,PBL-45,704802,singles
2026-08-17T14:43:18+02:00,lowest_near_mint,,371,aky CG Works,aky-cg-works,PBL 55,55,895840,0,0,PBL,Pokémon,pokemon,415,https://images.tcggo.com/tcggo/storage/34402/pitch_black_logo.png,Pitch Black,EUR,687.55,EUR,739.84,2026-07-17,17,Mega Evolution,mega-evolution,pitch-black,,49824,https://images.tcggo.com/tcggo/storage/38180/morpeko-ex-55-pitch-black.png,https://www.tcggo.com/external/cm/49824,https://www.tcggo.com/external/tcgplayer/49824,Morpeko ex,Morpeko ex 55,0.5,0.45,1288,EUR,[],0.09,0.1,0.1,,,0.1,0.15,0.15,0.03,0.03,,,,,,,,EUR,0.51,Double Rare,morpeko-ex,,https://www.tcggo.com/pokemon/pitch-black/morpeko-ex,PBL-55,704812,singles
2026-08-17T14:43:18+02:00,lowest_near_mint,,380,5ban Graphics,5ban-graphics,PBL 16,16,895804,0,0,PBL,Pokémon,pokemon,415,https://images.tcggo.com/tcggo/storage/34402/pitch_black_logo.png,Pitch Black,EUR,687.55,EUR,739.84,2026-07-17,17,Mega Evolution,mega-evolution,pitch-black,,49785,https://images.tcggo.com/tcggo/storage/38141/wailord-ex-16-pitch-black.png,https://www.tcggo.com/external/cm/49785,https://www.tcggo.com/external/tcgplayer/49785,Wailord ex,Wailord ex 16,0.65,0.53,1146,EUR,[],0.05,0.03,0.03,0.1,0.1,0.05,0.05,0.05,0.07,0.07,,,,,,,,EUR,0.56,Double Rare,wailord-ex,,https://www.tcggo.com/pokemon/pitch-black/wailord-ex,PBL-16,704773,singles
2026-08-17T14:43:18+02:00,lowest_near_mint,,828,Koji Nakata,koji-nakata,PBL 66,66,895850,0,0,PBL,Pokémon,pokemon,415,https://images.tcggo.com/tcggo/storage/34402/pitch_black_logo.png,Pitch Black,EUR,687.55,EUR,739.84,2026-07-17,17,Mega Evolution,mega-evolution,pitch-black,,49835,https://images.tcggo.com/tcggo/storage/38191/pikipek-66-pitch-black.png,https://www.tcggo.com/external/cm/49835,https://www.tcggo.com/external/tcgplayer/49835,Pikipek,Pikipek 66,0.05,0.05,4298,EUR,[],0.03,0.02,0.02,0.02,0.02,0.02,0.02,0.02,0.02,0.02,,,,,,,,EUR,0.21,Common,pikipek,,https://www.tcggo.com/pokemon/pitch-black/pikipek-4,PBL-66,704823,singles
2026-08-17T14:43:18+02:00,lowest_near_mint,,449,miki kudo,miki-kudo,PBL 67,67,895851,0,0,PBL,Pokémon,pokemon,415,https://images.tcggo.com/tcggo/storage/34402/pitch_black_logo.png,Pitch Black,EUR,687.55,EUR,739.84,2026-07-17,17,Mega Evolution,mega-evolution,pitch-black,,49836,https://images.tcggo.com/tcggo/storage/38192/trumbeak-67-pitch-black.png,https://www.tcggo.com/external/cm/49836,https://www.tcggo.com/external/tcgplayer/49836,Trumbeak,Trumbeak 67,0.06,0.05,3342,EUR,[],0.03,0.02,0.02,0.02,0.02,0.02,0.02,0.02,0.02,0.02,,,,,,,,EUR,0.18,Common,trumbeak,,https://www.tcggo.com/pokemon/pitch-black/trumbeak-3,PBL-67,704824,singles
2026-08-17T14:43:18+02:00,lowest_near_mint,,458,Toyste Beach,toyste-beach,PBL 75,75,895859,0,0,PBL,Pokémon,pokemon,415,https://images.tcggo.com/tcggo/storage/34402/pitch_black_logo.png,Pitch Black,EUR,687.55,EUR,739.84,2026-07-17,17,Mega Evolution,mega-evolution,pitch-black,,49844,https://images.tcggo.com/tcggo/storage/38200/dark-bell-75-pitch-black.png,https://www.tcggo.com/external/cm/49844,https://www.tcggo.com/external/tcgplayer/49844,Dark Bell,Dark Bell 75,0.1,0.09,3411,EUR,[],0.03,0.02,0.02,0.02,0.02,0.02,0.02,0.02,0.02,0.02,,,,,,,,EUR,0.21,Uncommon,dark-bell,,https://www.tcggo.com/pokemon/pitch-black/dark-bell,PBL-75,704832,singles
2026-08-17T14:43:18+02:00,lowest_near_mint,,826,Akino Fukuji,akino-fukuji,PBL 1,1,895789,0,0,PBL,Pokémon,pokemon,415,https://images.tcggo.com/tcggo/storage/34402/pitch_black_logo.png,Pitch Black,EUR,687.55,EUR,739.84,2026-07-17,17,Mega Evolution,mega-evolution,pitch-black,,49770,https://images.tcggo.com/tcggo/storage/38126/tropius-1-pitch-black.png,https://www.tcggo.com/external/cm/49770,https://www.tcggo.com/external/tcgplayer/49770,Tropius,Tropius 1,0.03,0.03,4354,EUR,[],0.02,0.02,0.02,0.02,0.02,0.02,0.02,0.02,0.02,0.02,,,,,,,,EUR,0.17,Common,tropius,,https://www.tcggo.com/pokemon/pitch-black/tropius-20,PBL-1,704758,singles
2026-08-17T14:43:18+02:00,lowest_near_mint,,416,Mina Nakai,mina-nakai,PBL 2,2,895790,0,0,PBL,Pokémon,pokemon,415,https://images.tcggo.com/tcggo/storage/34402/pitch_black_logo.png,Pitch Black,EUR,687.55,EUR,739.84,2026-07-17,17,Mega Evolution,mega-evolution,pitch-black,,49771,https://images.tcggo.com/tcggo/storage/38127/grubbin-2-pitch-black.png,https://www.tcggo.com/external/cm/49771,https://www.tcggo.com/external/tcgplayer/49771,Grubbin,Grubbin 2,0.03,0.02,5946,EUR,[],0.02,0.02,0.02,0.02,0.02,0.02,0.02,0.02,0.02,0.02,,,,,,,,EUR,0.14,Common,grubbin,,https://www.tcggo.com/pokemon/pitch-black/grubbin-8,PBL-2,704759,singles
2026-08-17T14:43:18+02:00,lowest_near_mint,,415,nisimono,nisimono,PBL 3,3,895791,0,0,PBL,Pokémon,pokemon,415,https://images.tcggo.com/tcggo/storage/34402/pitch_black_logo.png,Pitch Black,EUR,687.55,EUR,739.84,2026-07-17,17,Mega Evolution,mega-evolution,pitch-black,,49772,https://images.tcggo.com/tcggo/storage/38128/fomantis-3-pitch-black.png,https://www.tcggo.com/external/cm/49772,https://www.tcggo.com/external/tcgplayer/49772,Fomantis,Fomantis 3,0.04,0.04,4257,EUR,[],0.02,0.02,0.02,0.02,0.02,0.02,0.02,0.02,0.02,0.02,,,,,,,,EUR,0.2,Common,fomantis,,https://www.tcggo.com/pokemon/pitch-black/fomantis-4,PBL-3,704760,singles
2026-08-17T14:43:18+02:00,lowest_near_mint,,424,Mousho,mousho,PBL 5,5,895793,0,0,PBL,Pokémon,pokemon,415,https://images.tcggo.com/tcggo/storage/34402/pitch_black_logo.png,Pitch Black,EUR,687.55,EUR,739.84,2026-07-17,17,Mega Evolution,mega-evolution,pitch-black,,49774,https://images.tcggo.com/tcggo/storage/38130/poltchageist-5-pitch-black.png,https://www.tcggo.com/external/cm/49774,https://www.tcggo.com/external/tcgplayer/49774,Poltchageist,Poltchageist 5,0.07,0.05,5241,EUR,[],0.02,0.02,0.02,0.02,0.02,0.02,0.02,0.02,0.02,0.02,,,,,,,,EUR,0.19,Common,poltchageist,,https://www.tcggo.com/pokemon/pitch-black/poltchageist-2,PBL-5,704762,singles
2026-08-17T14:43:18+02:00,lowest_near_mint,,423,mingo,mingo,PBL 6,6,895794,0,0,PBL,Pokémon,pokemon,415,https://images.tcggo.com/tcggo/storage/34402/pitch_black_logo.png,Pitch Black,EUR,687.55,EUR,739.84,2026-07-17,17,Mega Evolution,mega-evolution,pitch-black,,49775,https://images.tcggo.com/tcggo/storage/38131/sinistcha-6-pitch-black.png,https://www.tcggo.com/external/cm/49775,https://www.tcggo.com/external/tcgplayer/49775,Sinistcha,Sinistcha 6,0.09,0.06,5045,EUR,[],0.02,0.02,0.02,0.02,0.02,0.02,0.02,0.02,0.02,0.02,,,,,,,,EUR,0.19,Uncommon,sinistcha,,https://www.tcggo.com/pokemon/pitch-black/sinistcha-1,PBL-6,704763,singles
2026-08-17T14:43:18+02:00,lowest_near_mint,,436,Takeshi Nakamura,takeshi-nakamura,PBL 7,7,895795,0,0,PBL,Pokémon,pokemon,415,https://images.tcggo.com/tcggo/storage/34402/pitch_black_logo.png,Pitch Black,EUR,687.55,EUR,739.84,2026-07-17,17,Mega Evolution,mega-evolution,pitch-black,,49776,https://images.tcggo.com/tcggo/storage/38132/heatran-7-pitch-black.png,https://www.tcggo.com/external/cm/49776,https://www.tcggo.com/external/tcgplayer/49776,Heatran,Heatran 7,0.03,0.03,3892,EUR,[],0.02,0.02,0.02,0.02,0.02,0.02,0.02,0.02,0.02,0.02,,,,,,,,EUR,0.17,Uncommon,heatran,,https://www.tcggo.com/pokemon/pitch-black/heatran-19,PBL-7,704764,singles
2026-08-17T14:43:18+02:00,lowest_near_mint,,491,Yuya Oka,yuya-oka,PBL 9,9,895797,0,0,PBL,Pokémon,pokemon,415,https://images.tcggo.com/tcggo/storage/34402/pitch_black_logo.png,Pitch Black,EUR,687.55,EUR,739.84,2026-07-17,17,Mega Evolution,mega-evolution,pitch-black,,49778,https://images.tcggo.com/tcggo/storage/38134/sizzlipede-9-pitch-black.png,https://www.tcggo.com/external/cm/49778,https://www.tcggo.com/external/tcgplayer/49778,Sizzlipede,Sizzlipede 9,0.03,0.02,5680,EUR,[],0.02,0.02,0.02,0.02,0.02,0.02,0.02,0.02,0.02,0.02,,,,,,,,EUR,0.11,Common,sizzlipede,,https://www.tcggo.com/pokemon/pitch-black/sizzlipede-10,PBL-9,704766,singles
2026-08-17T14:43:18+02:00,lowest_near_mint,,378,Kouki Saitou,kouki-saitou,PBL 10,10,895798,0,0,PBL,Pokémon,pokemon,415,https://images.tcggo.com/tcggo/storage/34402/pitch_black_logo.png,Pitch Black,EUR,687.55,EUR,739.84,2026-07-17,17,Mega Evolution,mega-evolution,pitch-black,,49779,https://images.tcggo.com/tcggo/storage/38135/centiskorch-10-pitch-black.png,https://www.tcggo.com/external/cm/49779,https://www.tcggo.com/external/tcgplayer/49779,Centiskorch,Centiskorch 10,0.03,0.03,4435,EUR,[],0.02,0.02,0.02,0.02,0.02,0.02,0.02,0.02,0.02,0.02,,,,,,,,EUR,0.15,Common,centiskorch,,https://www.tcggo.com/pokemon/pitch-black/centiskorch-8,PBL-10,704767,singles
2026-08-17T14:43:18+02:00,lowest_near_mint,,518,Ryuta Fuse,ryuta-fuse,PBL 11,11,895799,0,0,PBL,Pokémon,pokemon,415,https://images.tcggo.com/tcggo/storage/34402/pitch_black_logo.png,Pitch Black,EUR,687.55,EUR,739.84,2026-07-17,17,Mega Evolution,mega-evolution,pitch-black,,49780,https://images.tcggo.com/tcggo/storage/38136/charcadet-11-pitch-black.png,https://www.tcggo.com/external/cm/49780,https://www.tcggo.com/external/tcgplayer/49780,Charcadet,Charcadet 11,0.03,0.03,4326,EUR,[],0.02,0.02,0.02,0.02,0.02,0.02,0.02,0.02,0.02,0.02,,,,,,,,EUR,0.17,Common,charcadet,,https://www.tcggo.com/pokemon/pitch-black/charcadet-13,PBL-11,704768,singles
2026-08-17T14:43:18+02:00,lowest_near_mint,,535,Jiro Sasumo,jiro-sasumo,PBL 12,12,895800,0,0,PBL,Pokémon,pokemon,415,https://images.tcggo.com/tcggo/storage/34402/pitch_black_logo.png,Pitch Black,EUR,687.55,EUR,739.84,2026-07-17,17,Mega Evolution,mega-evolution,pitch-black,,49781,https://images.tcggo.com/tcggo/storage/38137/armarouge-12-pitch-black.png,https://www.tcggo.com/external/cm/49781,https://www.tcggo.com/external/tcgplayer/49781,Armarouge,Armarouge 12,0.06,0.05,2845,EUR,[],0.02,0.02,0.02,0.02,0.02,0.02,0.02,0.02,0.02,0.02,,,,,,,,EUR,0.23,rare,armarouge,,https://www.tcggo.com/pokemon/pitch-black/armarouge-3,PBL-12,704769,singles
2026-08-17T14:43:18+02:00,lowest_near_mint,,440,Shibuzoh.,shibuzoh,PBL 13,13,895801,0,0,PBL,Pokémon,pokemon,415,https://images.tcggo.com/tcggo/storage/34402/pitch_black_logo.png,Pitch Black,EUR,687.55,EUR,739.84,2026-07-17,17,Mega Evolution,mega-evolution,pitch-black,,49782,https://images.tcggo.com/tcggo/storage/38138/goldeen-13-pitch-black.png,https://www.tcggo.com/external/cm/49782,https://www.tcggo.com/external/tcgplayer/49782,Goldeen,Goldeen 13,0.03,0.03,5446,EUR,[],0.02,0.02,0.02,0.02,0.02,0.02,0.02,0.02,0.02,0.02,,,,,,,,EUR,0.11,Common,goldeen,,https://www.tcggo.com/pokemon/pitch-black/goldeen-15,PBL-13,704770,singles
2026-08-17T14:43:18+02:00,lowest_near_mint,,374,OKUBO,okubo,PBL 14,14,895802,0,0,PBL,Pokémon,pokemon,415,https://images.tcggo.com/tcggo/storage/34402/pitch_black_logo.png,Pitch Black,EUR,687.55,EUR,739.84,2026-07-17,17,Mega Evolution,mega-evolution,pitch-black,,49783,https://images.tcggo.com/tcggo/storage/38139/seaking-14-pitch-black.png,https://www.tcggo.com/external/cm/49783,https://www.tcggo.com/external/tcgplayer/49783,Seaking,Seaking 14,0.03,0.03,5256,EUR,[],0.02,0.02,0.02,0.02,0.02,0.02,0.02,0.02,0.02,0.02,,,,,,,,EUR,0.16,Uncommon,seaking,,https://www.tcggo.com/pokemon/pitch-black/seaking-14,PBL-14,704771,singles
2026-08-17T14:43:18+02:00,lowest_near_mint,,427,Asako Ito,asako-ito,PBL 15,15,895803,0,0,PBL,Pokémon,pokemon,415,https://images.tcggo.com/tcggo/storage/34402/pitch_black_logo.png,Pitch Black,EUR,687.55,EUR,739.84,2026-07-17,17,Mega Evolution,mega-evolution,pitch-black,,49784,https://images.tcggo.com/tcggo/storage/38140/wailmer-15-pitch-black.png,https://www.tcggo.com/external/cm/49784,https://www.tcggo.com/external/tcgplayer/49784,Wailmer,Wailmer 15,0.05,0.04,3700,EUR,[],0.02,0.02,0.02,0.02,0.02,0.02,0.02,0.02,0.02,0.02,,,,,,,,EUR,0.22,Common,wailmer,,https://www.tcggo.com/pokemon/pitch-black/wailmer-14,PBL-15,704772,singles
2026-08-17T14:43:18+02:00,lowest_near_mint,,362,Naoyo Kimura,naoyo-kimura,PBL 17,17,895805,0,0,PBL,Pokémon,pokemon,415,https://images.tcggo.com/tcggo/storage/34402/pitch_black_logo.png,Pitch Black,EUR,687.55,EUR,739.84,2026-07-17,17,Mega Evolution,mega-evolution,pitch-black,,49786,https://images.tcggo.com/tcggo/storage/38142/relicanth-17-pitch-black.png,https://www.tcggo.com/external/cm/49786,https://www.tcggo.com/external/tcgplayer/49786,Relicanth,Relicanth 17,0.04,0.04,4978,EUR,[],0.02,0.02,0.02,0.02,0.02,0.02,0.02,0.02,0.02,0.02,,,,,,,,EUR,0.18,Uncommon,relicanth,,https://www.tcggo.com/pokemon/pitch-black/relicanth-13,PBL-17,704774,singles
2026-08-17T14:43:18+02:00,lowest_near_mint,,368,Oswaldo KATO,oswaldo-kato,PBL 18,18,895806,0,0,PBL,Pokémon,pokemon,415,https://images.tcggo.com/tcggo/storage/34402/pitch_black_logo.png,Pitch Black,EUR,687.55,EUR,739.84,2026-07-17,17,Mega Evolution,mega-evolution,pitch-black,,49787,https://images.tcggo.com/tcggo/storage/38143/popplio-18-pitch-black.png,https://www.tcggo.com/external/cm/49787,https://www.tcggo.com/external/tcgplayer/49787,Popplio,Popplio 18,0.03,0.03,5418,EUR,[],0.02,0.02,0.02,0.02,0.02,0.02,0.02,0.02,0.02,0.02,,,,,,,,EUR,0.16,Common,popplio,,https://www.tcggo.com/pokemon/pitch-black/popplio-6,PBL-18,704775,singles
2026-08-17T14:43:18+02:00,lowest_near_mint,,376,MINAMINAMI Take,minaminami-take,PBL 19,19,895807,0,0,PBL,Pokémon,pokemon,415,https://images.tcggo.com/tcggo/storage/34402/pitch_black_logo.png,Pitch Black,EUR,687.55,EUR,739.84,2026-07-17,17,Mega Evolution,mega-evolution,pitch-black,,49788,https://images.tcggo.com/tcggo/storage/38144/brionne-19-pitch-black.png,https://www.tcggo.com/external/cm/49788,https://www.tcggo.com/external/tcgplayer/49788,Brionne,Brionne 19,0.03,0.03,4203,EUR,[],0.02,0.02,0.02,0.02,0.02,0.02,0.02,0.02,0.02,0.02,,,,,,,,EUR,0.15,Common,brionne,,https://www.tcggo.com/pokemon/pitch-black/brionne-2,PBL-19,704776,singles
2026-08-17T14:43:18+02:00,lowest_near_mint,,398,Taira Akitsu,taira-akitsu,PBL 20,20,895808,0,0,PBL,Pokémon,pokemon,415,https://images.tcggo.com/tcggo/storage/34402/pitch_black_logo.png,Pitch Black,EUR,687.55,EUR,739.84,2026-07-17,17,Mega Evolution,mega-evolution,pitch-black,,49789,https://images.tcggo.com/tcggo/storage/38145/primarina-20-pitch-black.png,https://www.tcggo.com/external/cm/49789,https://www.tcggo.com/external/tcgplayer/49789,Primarina,Primarina 20,0.09,0.08,2692,EUR,[],0.02,0.02,0.02,0.02,0.02,0.02,0.02,0.02,0.02,0.02,,,,,,,,EUR,0.2,rare,primarina,,https://www.tcggo.com/pokemon/pitch-black/primarina-2,PBL-20,704777,singles
2026-08-17T14:43:18+02:00,lowest_near_mint,,425,Yukiko Baba,yukiko-baba,PBL 21,21,895809,0,0,PBL,Pokémon,pokemon,415,https://images.tcggo.com/tcggo/storage/34402/pitch_black_logo.png,Pitch Black,EUR,687.55,EUR,739.84,2026-07-17,17,Mega Evolution,mega-evolution,pitch-black,,49790,https://images.tcggo.com/tcggo/storage/38146/finizen-21-pitch-black.png,https://www.tcggo.com/external/cm/49790,https://www.tcggo.com/external/tcgplayer/49790,Finizen,Finizen 21,0.03,0.03,3964,EUR,[],0.02,0.02,0.02,0.02,0.02,0.02,0.02,0.02,0.02,0.02,,,,,,,,EUR,0.17,Common,finizen,,https://www.tcggo.com/pokemon/pitch-black/finizen-4,PBL-21,704778,singles
2026-08-17T14:43:18+02:00,lowest_near_mint,,417,satoma,satoma,PBL 22,22,895810,0,0,PBL,Pokémon,pokemon,415,https://images.tcggo.com/tcggo/storage/34402/pitch_black_logo.png,Pitch Black,EUR,687.55,EUR,739.84,2026-07-17,17,Mega Evolution,mega-evolution,pitch-black,,49791,https://images.tcggo.com/tcggo/storage/38147/palafin-22-pitch-black.png,https://www.tcggo.com/external/cm/49791,https://www.tcggo.com/external/tcgplayer/49791,Palafin,Palafin 22,0.03,0.03,5224,EUR,[],0.02,0.02,0.02,0.02,0.02,0.02,0.02,0.02,0.02,0.02,,,,,,,,EUR,0.1,Uncommon,palafin,,https://www.tcggo.com/pokemon/pitch-black/palafin-4,PBL-22,704779,singles
2026-08-17T14:43:18+02:00,lowest_near_mint,,422,Dsuke,dsuke,PBL 23,23,895811,0,0,PBL,Pokémon,pokemon,415,https://images.tcggo.com/tcggo/storage/34402/pitch_black_logo.png,Pitch Black,EUR,687.55,EUR,739.84,2026-07-17,17,Mega Evolution,mega-evolution,pitch-black,,49792,https://images.tcggo.com/tcggo/storage/38148/electrike-23-pitch-black.png,https://www.tcggo.com/external/cm/49792,https://www.tcggo.com/external/tcgplayer/49792,Electrike,Electrike 23,0.04,0.03,5392,EUR,[],0.02,0.02,0.02,0.02,0.02,0.02,0.02,0.02,0.02,0.02,,,,,,,,EUR,0.17,Common,electrike,,https://www.tcggo.com/pokemon/pitch-black/electrike-29,PBL-23,704780,singles
2026-08-17T14:43:18+02:00,lowest_near_mint,,419,Uninori,uninori,PBL 24,24,895812,0,0,PBL,Pokémon,pokemon,415,https://images.tcggo.com/tcggo/storage/34402/pitch_black_logo.png,Pitch Black,EUR,687.55,EUR,739.84,2026-07-17,17,Mega Evolution,mega-evolution,pitch-black,,49793,https://images.tcggo.com/tcggo/storage/38149/manectric-24-pitch-black.png,https://www.tcggo.com/external/cm/49793,https://www.tcggo.com/external/tcgplayer/49793,Manectric,Manectric 24,0.04,0.03,4693,EUR,[],0.02,0.02,0.02,0.02,0.02,0.02,0.02,0.02,0.02,0.02,,,,,,,,EUR,0.17,Uncommon,manectric,,https://www.tcggo.com/pokemon/pitch-black/manectric-29,PBL-24,704781,singles
2026-08-17T14:43:18+02:00,lowest_near_mint,,1069,Kazuhisa Uragami,kazuhisa-uragami,PBL 25,25,895813,0,0,PBL,Pokémon,pokemon,415,https://images.tcggo.com/tcggo/storage/34402/pitch_black_logo.png,Pitch Black,EUR,687.55,EUR,739.84,2026-07-17,17,Mega Evolution,mega-evolution,pitch-black,,49794,https://images.tcggo.com/tcggo/storage/38150/charjabug-25-pitch-black.png,https://www.tcggo.com/external/cm/49794,https://www.tcggo.com/external/tcgplayer/49794,Charjabug,Charjabug 25,0.03,0.02,4596,EUR,[],0.02,0.02,0.02,0.02,0.02,0.02,0.02,0.02,0.02,0.02,,,,,,,,EUR,0.15,Common,charjabug,,https://www.tcggo.com/pokemon/pitch-black/charjabug-6,PBL-25,704782,singles
2026-08-17T14:43:18+02:00,lowest_near_mint,,382,KEIICHIRO ITO,keiichiro-ito,PBL 26,26,895814,0,0,PBL,Pokémon,pokemon,415,https://images.tcggo.com/tcggo/storage/34402/pitch_black_logo.png,Pitch Black,EUR,687.55,EUR,739.84,2026-07-17,17,Mega Evolution,mega-evolution,pitch-black,,49795,https://images.tcggo.com/tcggo/storage/38151/vikavolt-26-pitch-black.png,https://www.tcggo.com/external/cm/49795,https://www.tcggo.com/external/tcgplayer/49795,Vikavolt,Vikavolt 26,0.04,0.03,4635,EUR,[],0.02,0.02,0.02,0.02,0.02,0.02,0.02,0.02,0.02,0.02,,,,,,,,EUR,0.21,Uncommon,vikavolt,,https://www.tcggo.com/pokemon/pitch-black/vikavolt-6,PBL-26,704783,singles
2026-08-17T14:43:18+02:00,lowest_near_mint,,769,mashu,mashu,PBL 28,28,895815,0,0,PBL,Pokémon,pokemon,415,https://images.tcggo.com/tcggo/storage/34402/pitch_black_logo.png,Pitch Black,EUR,687.55,EUR,739.84,2026-07-17,17,Mega Evolution,mega-evolution,pitch-black,,49797,https://images.tcggo.com/tcggo/storage/38153/miraidon-28-pitch-black.png,https://www.tcggo.com/external/cm/49797,https://www.tcggo.com/external/tcgplayer/49797,Miraidon,Miraidon 28,0.07,0.06,2871,EUR,[],0.02,0.02,0.02,0.02,0.02,0.02,0.02,0.02,0.02,0.02,,,,,,,,EUR,0.21,rare,miraidon,,https://www.tcggo.com/pokemon/pitch-black/miraidon-6,PBL-28,704785,singles
2026-08-17T14:43:18+02:00,lowest_near_mint,,494,Nelnal,nelnal,PBL 29,29,895816,0,0,PBL,Pokémon,pokemon,415,https://images.tcggo.com/tcggo/storage/34402/pitch_black_logo.png,Pitch Black,EUR,687.55,EUR,739.84,2026-07-17,17,Mega Evolution,mega-evolution,pitch-black,,49798,https://images.tcggo.com/tcggo/storage/38154/slowpoke-29-pitch-black.png,https://www.tcggo.com/external/cm/49798,https://www.tcggo.com/external/tcgplayer/49798,Slowpoke,Slowpoke 29,0.05,0.04,3942,EUR,[],0.02,0.02,0.02,0.02,0.02,0.02,0.02,0.02,0.02,0.02,,,,,,,,EUR,0.21,Common,slowpoke,,https://www.tcggo.com/pokemon/pitch-black/slowpoke-35,PBL-29,704786,singles
2026-08-17T14:43:18+02:00,lowest_near_mint,,1071,CHORISO,choriso,PBL 30,30,895817,0,0,PBL,Pokémon,pokemon,415,https://images.tcggo.com/tcggo/storage/34402/pitch_black_logo.png,Pitch Black,EUR,687.55,EUR,739.84,2026-07-17,17,Mega Evolution,mega-evolution,pitch-black,,49799,https://images.tcggo.com/tcggo/storage/38155/slowbro-30-pitch-black.png,https://www.tcggo.com/external/cm/49799,https://www.tcggo.com/external/tcgplayer/49799,Slowbro,Slowbro 30,0.04,0.03,5002,EUR,[],0.02,0.02,0.02,0.02,0.02,0.02,0.02,0.02,0.02,0.02,,,,,,,,EUR,0.21,Uncommon,slowbro,,https://www.tcggo.com/pokemon/pitch-black/slowbro-17,PBL-30,704787,singles
2026-08-17T14:43:18+02:00,lowest_near_mint,,1068,Yoshimoto Yoshimon,yoshimoto-yoshimon,PBL 32,32,895819,0,0,PBL,Pokémon,pokemon,415,https://images.tcggo.com/tcggo/storage/34402/pitch_black_logo.png,Pitch Black,EUR,687.55,EUR,739.84,2026-07-17,17,Mega Evolution,mega-evolution,pitch-black,,49801,https://images.tcggo.com/tcggo/storage/38157/jynx-32-pitch-black.png,https://www.tcggo.com/external/cm/49801,https://www.tcggo.com/external/tcgplayer/49801,Jynx,Jynx 32,0.03,0.03,3815,EUR,[],0.02,0.02,0.02,0.02,0.02,0.02,0.02,0.02,0.02,0.02,,,,,,,,EUR,0.15,Common,jynx,,https://www.tcggo.com/pokemon/pitch-black/jynx-16,PBL-32,704789,singles
2026-08-17T14:43:18+02:00,lowest_near_mint,,502,Bun Toujo,bun-toujo,PBL 33,33,895820,0,0,PBL,Pokémon,pokemon,415,https://images.tcggo.com/tcggo/storage/34402/pitch_black_logo.png,Pitch Black,EUR,687.55,EUR,739.84,2026-07-17,17,Mega Evolution,mega-evolution,pitch-black,,49802,https://images.tcggo.com/tcggo/storage/38158/shuppet-33-pitch-black.png,https://www.tcggo.com/external/cm/49802,https://www.tcggo.com/external/tcgplayer/49802,Shuppet,Shuppet 33,0.09,0.08,3417,EUR,[],0.02,0.02,0.02,0.02,0.02,0.02,0.02,0.02,0.02,0.02,,,,,,,,EUR,0.24,Common,shuppet,,https://www.tcggo.com/pokemon/pitch-black/shuppet-16,PBL-33,704790,singles
2026-08-17T14:43:18+02:00,lowest_near_mint,,451,Mugi Hamada,mugi-hamada,PBL 34,34,895821,0,0,PBL,Pokémon,pokemon,415,https://images.tcggo.com/tcggo/storage/34402/pitch_black_logo.png,Pitch Black,EUR,687.55,EUR,739.84,2026-07-17,17,Mega Evolution,mega-evolution,pitch-black,,49803,https://images.tcggo.com/tcggo/storage/38159/banette-34-pitch-black.png,https://www.tcggo.com/external/cm/49803,https://www.tcggo.com/external/tcgplayer/49803,Banette,Banette 34,0.09,0.06,4451,EUR,[],0.02,0.02,0.02,0.02,0.02,0.02,0.02,0.02,0.02,0.02,,,,,,,,EUR,0.33,Uncommon,banette,,https://www.tcggo.com/pokemon/pitch-black/banette-16,PBL-34,704791,singles
2026-08-17T14:43:18+02:00,lowest_near_mint,,444,danciao,danciao,PBL 35,35,895822,0,0,PBL,Pokémon,pokemon,415,https://images.tcggo.com/tcggo/storage/34402/pitch_black_logo.png,Pitch Black,EUR,687.55,EUR,739.84,2026-07-17,17,Mega Evolution,mega-evolution,pitch-black,,49804,https://images.tcggo.com/tcggo/storage/38160/spiritomb-35-pitch-black.png,https://www.tcggo.com/external/cm/49804,https://www.tcggo.com/external/tcgplayer/49804,Spiritomb,Spiritomb 35,0.15,0.12,2522,EUR,[],0.02,0.02,0.02,0.02,0.02,0.02,0.02,0.02,0.02,0.02,,,,,,,,EUR,0.26,rare,spiritomb,,https://www.tcggo.com/pokemon/pitch-black/spiritomb-19,PBL-35,704792,singles
2026-08-17T14:43:18+02:00,lowest_near_mint,,359,HYOGONOSUKE,hyogonosuke,PBL 36,36,895823,0,0,PBL,Pokémon,pokemon,415,https://images.tcggo.com/tcggo/storage/34402/pitch_black_logo.png,Pitch Black,EUR,687.55,EUR,739.84,2026-07-17,17,Mega Evolution,mega-evolution,pitch-black,,49805,https://images.tcggo.com/tcggo/storage/38161/litwick-36-pitch-black.png,https://www.tcggo.com/external/cm/49805,https://www.tcggo.com/external/tcgplayer/49805,Litwick,Litwick 36,0.05,0.05,3578,EUR,[],0.02,0.02,0.02,0.02,0.02,0.02,0.02,0.02,0.02,0.02,,,,,,,,EUR,0.15,Common,litwick,,https://www.tcggo.com/pokemon/pitch-black/litwick-23,PBL-36,704793,singles
2026-08-17T14:43:18+02:00,lowest_near_mint,,381,sowsow,sowsow,PBL 37,37,895824,0,0,PBL,Pokémon,pokemon,415,https://images.tcggo.com/tcggo/storage/34402/pitch_black_logo.png,Pitch Black,EUR,687.55,EUR,739.84,2026-07-17,17,Mega Evolution,mega-evolution,pitch-black,,49806,https://images.tcggo.com/tcggo/storage/38162/lampent-37-pitch-black.png,https://www.tcggo.com/external/cm/49806,https://www.tcggo.com/external/tcgplayer/49806,Lampent,Lampent 37,0.04,0.04,4435,EUR,[],0.02,0.02,0.02,0.02,0.02,0.02,0.02,0.02,0.02,0.02,,,,,,,,EUR,0.15,Uncommon,lampent,,https://www.tcggo.com/pokemon/pitch-black/lampent-20,PBL-37,704794,singles
2026-08-17T14:43:18+02:00,lowest_near_mint,,380,5ban Graphics,5ban-graphics,PBL 38,38,895786,0,0,PBL,Pokémon,pokemon,415,https://images.tcggo.com/tcggo/storage/34402/pitch_black_logo.png,Pitch Black,EUR,687.55,EUR,739.84,2026-07-17,17,Mega Evolution,mega-evolution,pitch-black,,49807,https://images.tcggo.com/tcggo/storage/38163/mega-chandelure-ex-38-pitch-black.png,https://www.tcggo.com/external/cm/49807,https://www.tcggo.com/external/tcgplayer/49807,Mega Chandelure ex,Mega Chandelure ex 38,0.83,0.8,1005,EUR,[],0.02,0.28,0.28,1,1,0.02,0.3,0.3,0.1,0.1,,,,,,,,EUR,0.62,Double Rare,mega-chandelure-ex,,https://www.tcggo.com/pokemon/pitch-black/mega-chandelure-ex,PBL-38,704795,singles
2026-08-17T14:43:18+02:00,lowest_near_mint,,392,Oku,oku,PBL 39,39,895825,0,0,PBL,Pokémon,pokemon,415,https://images.tcggo.com/tcggo/storage/34402/pitch_black_logo.png,Pitch Black,EUR,687.55,EUR,739.84,2026-07-17,17,Mega Evolution,mega-evolution,pitch-black,,49808,https://images.tcggo.com/tcggo/storage/38164/dhelmise-39-pitch-black.png,https://www.tcggo.com/external/cm/49808,https://www.tcggo.com/external/tcgplayer/49808,Dhelmise,Dhelmise 39,0.18,0.11,3664,EUR,[],0.02,0.02,0.02,0.02,0.02,0.02,0.02,0.02,0.02,0.02,,,,,,,,EUR,0.23,Uncommon,dhelmise,,https://www.tcggo.com/pokemon/pitch-black/dhelmise-11,PBL-39,704796,singles
2026-08-17T14:43:18+02:00,lowest_near_mint,,784,Nakamura Ippan,nakamura-ippan,PBL 40,40,895826,0,0,PBL,Pokémon,pokemon,415,https://images.tcggo.com/tcggo/storage/34402/pitch_black_logo.png,Pitch Black,EUR,687.55,EUR,739.84,2026-07-17,17,Mega Evolution,mega-evolution,pitch-black,,49809,https://images.tcggo.com/tcggo/storage/38165/marshadow-40-pitch-black.png,https://www.tcggo.com/external/cm/49809,https://www.tcggo.com/external/tcgplayer/49809,Marshadow,Marshadow 40,0.03,0.03,3798,EUR,[],0.02,0.02,0.02,0.02,0.02,0.02,0.02,0.02,0.02,0.02,,,,,,,,EUR,0.21,Uncommon,marshadow,,https://www.tcggo.com/pokemon/pitch-black/marshadow-5,PBL-40,704797,singles
2026-08-17T14:43:18+02:00,lowest_near_mint,,487,Haru Akasaka,haru-akasaka,PBL 41,41,895827,0,0,PBL,Pokémon,pokemon,415,https://images.tcggo.com/tcggo/storage/34402/pitch_black_logo.png,Pitch Black,EUR,687.55,EUR,739.84,2026-07-17,17,Mega Evolution,mega-evolution,pitch-black,,49810,https://images.tcggo.com/tcggo/storage/38166/annihilape-41-pitch-black.png,https://www.tcggo.com/external/cm/49810,https://www.tcggo.com/external/tcgplayer/49810,Annihilape,Annihilape 41,0.03,0.03,3791,EUR,[],0.02,0.02,0.02,0.02,0.02,0.02,0.02,0.02,0.02,0.02,,,,,,,,EUR,0.17,Uncommon,annihilape,,https://www.tcggo.com/pokemon/pitch-black/annihilape-3,PBL-41,704798,singles
2026-08-17T14:43:18+02:00,lowest_near_mint,,401,Yuka Morii,yuka-morii,PBL 42,42,895828,0,0,PBL,Pokémon,pokemon,415,https://images.tcggo.com/tcggo/storage/34402/pitch_black_logo.png,Pitch Black,EUR,687.55,EUR,739.84,2026-07-17,17,Mega Evolution,mega-evolution,pitch-black,,49811,https://images.tcggo.com/tcggo/storage/38167/mankey-42-pitch-black.png,https://www.tcggo.com/external/cm/49811,https://www.tcggo.com/external/tcgplayer/49811,Mankey,Mankey 42,0.03,0.03,5390,EUR,[],0.02,0.02,0.02,0.02,0.02,0.02,0.02,0.02,0.02,0.02,,,,,,,,EUR,0.18,Common,mankey,,https://www.tcggo.com/pokemon/pitch-black/mankey-20,PBL-42,704799,singles
2026-08-17T14:43:18+02:00,lowest_near_mint,,373,GOSSAN,gossan,PBL 43,43,895829,0,0,PBL,Pokémon,pokemon,415,https://images.tcggo.com/tcggo/storage/34402/pitch_black_logo.png,Pitch Black,EUR,687.55,EUR,739.84,2026-07-17,17,Mega Evolution,mega-evolution,pitch-black,,49812,https://images.tcggo.com/tcggo/storage/38168/primeape-43-pitch-black.png,https://www.tcggo.com/external/cm/49812,https://www.tcggo.com/external/tcgplayer/49812,Primeape,Primeape 43,0.03,0.03,4307,EUR,[],0.02,0.02,0.02,0.02,0.02,0.02,0.02,0.02,0.02,0.02,,,,,,,,EUR,0.14,Common,primeape,,https://www.tcggo.com/pokemon/pitch-black/primeape-19,PBL-43,704800,singles
2026-08-17T14:43:18+02:00,lowest_near_mint,,456,Hideki Ishikawa,hideki-ishikawa,PBL 44,44,895830,0,0,PBL,Pokémon,pokemon,415,https://images.tcggo.com/tcggo/storage/34402/pitch_black_logo.png,Pitch Black,EUR,687.55,EUR,739.84,2026-07-17,17,Mega Evolution,mega-evolution,pitch-black,,49813,https://images.tcggo.com/tcggo/storage/38169/cranidos-44-pitch-black.png,https://www.tcggo.com/external/cm/49813,https://www.tcggo.com/external/tcgplayer/49813,Cranidos,Cranidos 44,0.04,0.04,3935,EUR,[],0.02,0.02,0.02,0.02,0.02,0.02,0.02,0.02,0.02,0.02,,,,,,,,EUR,0.16,Common,cranidos,,https://www.tcggo.com/pokemon/pitch-black/cranidos-4,PBL-44,704801,singles
2026-08-17T14:43:18+02:00,lowest_near_mint,,460,Atsushi Furusawa,atsushi-furusawa,PBL 46,46,895832,0,0,PBL,Pokémon,pokemon,415,https://images.tcggo.com/tcggo/storage/34402/pitch_black_logo.png,Pitch Black,EUR,687.55,EUR,739.84,2026-07-17,17,Mega Evolution,mega-evolution,pitch-black,,49815,https://images.tcggo.com/tcggo/storage/38171/drilbur-46-pitch-black.png,https://www.tcggo.com/external/cm/49815,https://www.tcggo.com/external/tcgplayer/49815,Drilbur,Drilbur 46,0.07,0.06,4182,EUR,[],0.02,0.02,0.02,0.02,0.02,0.02,0.02,0.02,0.02,0.02,,,,,,,,EUR,0.19,Common,drilbur,,https://www.tcggo.com/pokemon/pitch-black/drilbur-15,PBL-46,704803,singles
2026-08-17T14:43:18+02:00,lowest_near_mint,,414,kodama,kodama,PBL 47,47,895833,0,0,PBL,Pokémon,pokemon,415,https://images.tcggo.com/tcggo/storage/34402/pitch_black_logo.png,Pitch Black,EUR,687.55,EUR,739.84,2026-07-17,17,Mega Evolution,mega-evolution,pitch-black,,49816,https://images.tcggo.com/tcggo/storage/38172/koraidon-47-pitch-black.png,https://www.tcggo.com/external/cm/49816,https://www.tcggo.com/external/tcgplayer/49816,Koraidon,Koraidon 47,0.07,0.06,2926,EUR,[],0.02,0.02,0.02,0.02,0.02,0.02,0.02,0.02,0.02,0.02,,,,,,,,EUR,0.22,rare,koraidon,,https://www.tcggo.com/pokemon/pitch-black/koraidon-6,PBL-47,704804,singles
2026-08-17T14:43:18+02:00,lowest_near_mint,,443,Shiburingaru,shiburingaru,PBL 49,49,895834,0,0,PBL,Pokémon,pokemon,415,https://images.tcggo.com/tcggo/storage/34402/pitch_black_logo.png,Pitch Black,EUR,687.55,EUR,739.84,2026-07-17,17,Mega Evolution,mega-evolution,pitch-black,,49818,https://images.tcggo.com/tcggo/storage/38174/vullaby-49-pitch-black.png,https://www.tcggo.com/external/cm/49818,https://www.tcggo.com/external/tcgplayer/49818,Vullaby,Vullaby 49,0.03,0.03,4046,EUR,[],0.02,0.02,0.02,0.02,0.02,0.02,0.02,0.02,0.02,0.02,,,,,,,,EUR,0.2,Common,vullaby,,https://www.tcggo.com/pokemon/pitch-black/vullaby-11,PBL-49,704806,singles
2026-08-17T14:43:18+02:00,lowest_near_mint,,395,Nisota Niso,nisota-niso,PBL 50,50,895835,0,0,PBL,Pokémon,pokemon,415,https://images.tcggo.com/tcggo/storage/34402/pitch_black_logo.png,Pitch Black,EUR,687.55,EUR,739.84,2026-07-17,17,Mega Evolution,mega-evolution,pitch-black,,49819,https://images.tcggo.com/tcggo/storage/38175/mandibuzz-50-pitch-black.png,https://www.tcggo.com/external/cm/49819,https://www.tcggo.com/external/tcgplayer/49819,Mandibuzz,Mandibuzz 50,0.03,0.03,4068,EUR,[],0.02,0.02,0.02,0.02,0.02,0.02,0.02,0.02,0.02,0.02,,,,,,,,EUR,0.14,Common,mandibuzz,,https://www.tcggo.com/pokemon/pitch-black/mandibuzz-10,PBL-50,704807,singles
2026-08-17T14:43:18+02:00,lowest_near_mint,,473,Yuriko Akase,yuriko-akase,PBL 51,51,895836,0,0,PBL,Pokémon,pokemon,415,https://images.tcggo.com/tcggo/storage/34402/pitch_black_logo.png,Pitch Black,EUR,687.55,EUR,739.84,2026-07-17,17,Mega Evolution,mega-evolution,pitch-black,,49820,https://images.tcggo.com/tcggo/storage/38176/inkay-51-pitch-black.png,https://www.tcggo.com/external/cm/49820,https://www.tcggo.com/external/tcgplayer/49820,Inkay,Inkay 51,0.03,0.03,3959,EUR,[],0.02,0.02,0.02,0.02,0.02,0.02,0.02,0.02,0.02,0.02,,,,,,,,EUR,0.15,Common,inkay,,https://www.tcggo.com/pokemon/pitch-black/inkay-15,PBL-51,704808,singles
2026-08-17T14:43:18+02:00,lowest_near_mint,,463,Naoki Saito,naoki-saito,PBL 52,52,895837,0,0,PBL,Pokémon,pokemon,415,https://images.tcggo.com/tcggo/storage/34402/pitch_black_logo.png,Pitch Black,EUR,687.55,EUR,739.84,2026-07-17,17,Mega Evolution,mega-evolution,pitch-black,,49821,https://images.tcggo.com/tcggo/storage/38177/malamar-52-pitch-black.png,https://www.tcggo.com/external/cm/49821,https://www.tcggo.com/external/tcgplayer/49821,Malamar,Malamar 52,0.03,0.03,3969,EUR,[],0.02,0.02,0.02,0.02,0.02,0.02,0.02,0.02,0.02,0.02,,,,,,,,EUR,0.16,Uncommon,malamar,,https://www.tcggo.com/pokemon/pitch-black/malamar-11,PBL-52,704809,singles
2026-08-17T14:43:18+02:00,lowest_near_mint,,442,Krgc,krgc,PBL 53,53,895838,0,0,PBL,Pokémon,pokemon,415,https://images.tcggo.com/tcggo/storage/34402/pitch_black_logo.png,Pitch Black,EUR,687.55,EUR,739.84,2026-07-17,17,Mega Evolution,mega-evolution,pitch-black,,49822,https://images.tcggo.com/tcggo/storage/38178/nickit-53-pitch-black.png,https://www.tcggo.com/external/cm/49822,https://www.tcggo.com/external/tcgplayer/49822,Nickit,Nickit 53,0.03,0.03,3960,EUR,[],0.02,0.02,0.02,0.02,0.02,0.02,0.02,0.02,0.02,0.02,,,,,,,,EUR,0.15,Common,nickit,,https://www.tcggo.com/pokemon/pitch-black/nickit-8,PBL-53,704810,singles
2026-08-17T14:43:18+02:00,lowest_near_mint,,472,GOTO minori,goto-minori,PBL 54,54,895839,0,0,PBL,Pokémon,pokemon,415,https://images.tcggo.com/tcggo/storage/34402/pitch_black_logo.png,Pitch Black,EUR,687.55,EUR,739.84,2026-07-17,17,Mega Evolution,mega-evolution,pitch-black,,49823,https://images.tcggo.com/tcggo/storage/38179/thievul-54-pitch-black.png,https://www.tcggo.com/external/cm/49823,https://www.tcggo.com/external/tcgplayer/49823,Thievul,Thievul 54,0.03,0.03,4868,EUR,[],0.02,0.02,0.02,0.02,0.02,0.02,0.02,0.02,0.02,0.02,,,,,,,,EUR,0.18,Uncommon,thievul,,https://www.tcggo.com/pokemon/pitch-black/thievul-7,PBL-54,704811,singles
2026-08-17T14:43:18+02:00,lowest_near_mint,,468,matazo,matazo,PBL 56,56,895841,0,0,PBL,Pokémon,pokemon,415,https://images.tcggo.com/tcggo/storage/34402/pitch_black_logo.png,Pitch Black,EUR,687.55,EUR,739.84,2026-07-17,17,Mega Evolution,mega-evolution,pitch-black,,49825,https://images.tcggo.com/tcggo/storage/38181/zarude-56-pitch-black.png,https://www.tcggo.com/external/cm/49825,https://www.tcggo.com/external/tcgplayer/49825,Zarude,Zarude 56,0.07,0.07,2872,EUR,[],0.02,0.02,0.02,0.02,0.02,0.02,0.02,0.02,0.02,0.02,,,,,,,,EUR,0.21,rare,zarude,,https://www.tcggo.com/pokemon/pitch-black/zarude-8,PBL-56,704813,singles
2026-08-17T14:43:18+02:00,lowest_near_mint,,513,ryoma uratsuka,ryoma-uratsuka,PBL 57,57,895842,0,0,PBL,Pokémon,pokemon,415,https://images.tcggo.com/tcggo/storage/34402/pitch_black_logo.png,Pitch Black,EUR,687.55,EUR,739.84,2026-07-17,17,Mega Evolution,mega-evolution,pitch-black,,49826,https://images.tcggo.com/tcggo/storage/38182/maschiff-57-pitch-black.png,https://www.tcggo.com/external/cm/49826,https://www.tcggo.com/external/tcgplayer/49826,Maschiff,Maschiff 57,0.03,0.03,4004,EUR,[],0.02,0.02,0.02,0.02,0.02,0.02,0.02,0.02,0.02,0.02,,,,,,,,EUR,0.15,Common,maschiff,,https://www.tcggo.com/pokemon/pitch-black/maschiff-4,PBL-57,704814,singles
2026-08-17T14:43:18+02:00,lowest_near_mint,,408,kawayoo,kawayoo,PBL 58,58,895843,0,0,PBL,Pokémon,pokemon,415,https://images.tcggo.com/tcggo/storage/34402/pitch_black_logo.png,Pitch Black,EUR,687.55,EUR,739.84,2026-07-17,17,Mega Evolution,mega-evolution,pitch-black,,49827,https://images.tcggo.com/tcggo/storage/38183/mabosstiff-58-pitch-black.png,https://www.tcggo.com/external/cm/49827,https://www.tcggo.com/external/tcgplayer/49827,Mabosstiff,Mabosstiff 58,0.03,0.03,3910,EUR,[],0.02,0.02,0.02,0.02,0.02,0.02,0.02,0.02,0.02,0.02,,,,,,,,EUR,0.19,Common,mabosstiff,,https://www.tcggo.com/pokemon/pitch-black/mabosstiff-2,PBL-58,704815,singles
2026-08-17T14:43:18+02:00,lowest_near_mint,,766,IKEDA Saki,ikeda-saki,PBL 59,59,895844,0,0,PBL,Pokémon,pokemon,415,https://images.tcggo.com/tcggo/storage/34402/pitch_black_logo.png,Pitch Black,EUR,687.55,EUR,739.84,2026-07-17,17,Mega Evolution,mega-evolution,pitch-black,,49828,https://images.tcggo.com/tcggo/storage/38184/chi-yu-59-pitch-black.png,https://www.tcggo.com/external/cm/49828,https://www.tcggo.com/external/tcgplayer/49828,Chi-Yu,Chi-Yu 59,0.09,0.08,2706,EUR,[],0.02,0.02,0.02,0.02,0.02,0.02,0.02,0.02,,,,,,,,,,EUR,0.2,rare,chi-yu,,https://www.tcggo.com/pokemon/pitch-black/chi-yu-4,PBL-59,704816,singles
2026-08-17T14:43:18+02:00,lowest_near_mint,,363,Anesaki Dynamic,anesaki-dynamic,PBL 60,60,895845,0,0,PBL,Pokémon,pokemon,415,https://images.tcggo.com/tcggo/storage/34402/pitch_black_logo.png,Pitch Black,EUR,687.55,EUR,739.84,2026-07-17,17,Mega Evolution,mega-evolution,pitch-black,,49829,https://images.tcggo.com/tcggo/storage/38185/skarmory-60-pitch-black.png,https://www.tcggo.com/external/cm/49829,https://www.tcggo.com/external/tcgplayer/49829,Skarmory,Skarmory 60,0.03,0.03,4822,EUR,[],0.02,0.02,0.02,0.02,0.02,0.02,0.02,0.02,0.02,0.02,,,,,,,,EUR,0.15,Common,skarmory,,https://www.tcggo.com/pokemon/pitch-black/skarmory-25,PBL-60,704817,singles
2026-08-17T14:43:18+02:00,lowest_near_mint,,397,Kurata So,kurata-so,PBL 61,61,895846,0,0,PBL,Pokémon,pokemon,415,https://images.tcggo.com/tcggo/storage/34402/pitch_black_logo.png,Pitch Black,EUR,687.55,EUR,739.84,2026-07-17,17,Mega Evolution,mega-evolution,pitch-black,,49830,https://images.tcggo.com/tcggo/storage/38186/shieldon-61-pitch-black.png,https://www.tcggo.com/external/cm/49830,https://www.tcggo.com/external/tcgplayer/49830,Shieldon,Shieldon 61,0.05,0.04,4025,EUR,[],0.02,0.02,0.02,0.02,0.02,0.02,0.02,0.02,0.02,0.02,,,,,,,,EUR,0.19,Common,shieldon,,https://www.tcggo.com/pokemon/pitch-black/shieldon-5,PBL-61,704818,singles
2026-08-17T14:43:18+02:00,lowest_near_mint,,552,Kinu Nishimura,kinu-nishimura,PBL 62,62,895847,0,0,PBL,Pokémon,pokemon,415,https://images.tcggo.com/tcggo/storage/34402/pitch_black_logo.png,Pitch Black,EUR,687.55,EUR,739.84,2026-07-17,17,Mega Evolution,mega-evolution,pitch-black,,49831,https://images.tcggo.com/tcggo/storage/38187/bastiodon-62-pitch-black.png,https://www.tcggo.com/external/cm/49831,https://www.tcggo.com/external/tcgplayer/49831,Bastiodon,Bastiodon 62,0.19,0.13,2409,EUR,[],0.02,0.02,0.02,0.02,0.02,0.02,0.02,0.02,0.02,0.02,,,,,,,,EUR,0.26,rare,bastiodon,,https://www.tcggo.com/pokemon/pitch-black/bastiodon-7,PBL-62,704819,singles
2026-08-17T14:43:18+02:00,lowest_near_mint,,370,Saboteri,saboteri,PBL 63,63,895848,0,0,PBL,Pokémon,pokemon,415,https://images.tcggo.com/tcggo/storage/34402/pitch_black_logo.png,Pitch Black,EUR,687.55,EUR,739.84,2026-07-17,17,Mega Evolution,mega-evolution,pitch-black,,49832,https://images.tcggo.com/tcggo/storage/38188/bronzor-63-pitch-black.png,https://www.tcggo.com/external/cm/49832,https://www.tcggo.com/external/tcgplayer/49832,Bronzor,Bronzor 63,0.03,0.03,4338,EUR,[],0.02,0.02,0.02,0.02,0.02,0.02,0.02,0.02,0.02,0.02,,,,,,,,EUR,0.15,Common,bronzor,,https://www.tcggo.com/pokemon/pitch-black/bronzor-23,PBL-63,704820,singles
2026-08-17T14:43:18+02:00,lowest_near_mint,,428,Uta,uta,PBL 64,64,895849,0,0,PBL,Pokémon,pokemon,415,https://images.tcggo.com/tcggo/storage/34402/pitch_black_logo.png,Pitch Black,EUR,687.55,EUR,739.84,2026-07-17,17,Mega Evolution,mega-evolution,pitch-black,,49833,https://images.tcggo.com/tcggo/storage/38189/bronzong-64-pitch-black.png,https://www.tcggo.com/external/cm/49833,https://www.tcggo.com/external/tcgplayer/49833,Bronzong,Bronzong 64,0.03,0.03,4835,EUR,[],0.02,0.02,0.02,0.02,0.02,0.02,0.02,0.02,0.02,0.02,,,,,,,,EUR,0.15,Uncommon,bronzong,,https://www.tcggo.com/pokemon/pitch-black/bronzong-28,PBL-64,704821,singles
2026-08-17T14:43:18+02:00,lowest_near_mint,,420,Masako Tomii,masako-tomii,PBL 68,68,895852,0,0,PBL,Pokémon,pokemon,415,https://images.tcggo.com/tcggo/storage/34402/pitch_black_logo.png,Pitch Black,EUR,687.55,EUR,739.84,2026-07-17,17,Mega Evolution,mega-evolution,pitch-black,,49837,https://images.tcggo.com/tcggo/storage/38193/toucannon-68-pitch-black.png,https://www.tcggo.com/external/cm/49837,https://www.tcggo.com/external/tcgplayer/49837,Toucannon,Toucannon 68,0.07,0.06,4075,EUR,[],0.02,0.02,0.02,0.02,0.02,0.02,0.02,0.02,0.02,0.02,,,,,,,,EUR,0.16,Uncommon,toucannon,,https://www.tcggo.com/pokemon/pitch-black/toucannon-3,PBL-68,704825,singles
2026-08-17T14:43:18+02:00,lowest_near_mint,,407,Ligton,ligton,PBL 69,69,895853,0,0,PBL,Pokémon,pokemon,415,https://images.tcggo.com/tcggo/storage/34402/pitch_black_logo.png,Pitch Black,EUR,687.55,EUR,739.84,2026-07-17,17,Mega Evolution,mega-evolution,pitch-black,,49838,https://images.tcggo.com/tcggo/storage/38194/type-null-69-pitch-black.png,https://www.tcggo.com/external/cm/49838,https://www.tcggo.com/external/tcgplayer/49838,Type: Null,Type: Null 69,0.03,0.03,4290,EUR,[],0.02,0.02,0.02,0.02,0.02,0.02,0.02,0.02,0.02,0.02,,,,,,,,EUR,0.21,Common,type-null,,https://www.tcggo.com/pokemon/pitch-black/type-null-4,PBL-69,704826,singles
2026-08-17T14:43:18+02:00,lowest_near_mint,,388,Takumi Wada,takumi-wada,PBL 70,70,895853,0,0,PBL,Pokémon,pokemon,415,https://images.tcggo.com/tcggo/storage/34402/pitch_black_logo.png,Pitch Black,EUR,687.55,EUR,739.84,2026-07-17,17,Mega Evolution,mega-evolution,pitch-black,,49839,https://images.tcggo.com/tcggo/storage/38195/silvally-70-pitch-black.png,https://www.tcggo.com/external/cm/49839,https://www.tcggo.com/external/tcgplayer/49839,Silvally,Silvally 70,0.1,0.09,2804,EUR,[],0.02,0.02,0.02,0.02,0.02,0.02,0.02,0.02,0.02,0.02,,,,,,,,EUR,0.25,rare,silvally,,https://www.tcggo.com/pokemon/pitch-black/silvally-1,PBL-70,704827,singles
2026-08-17T14:43:18+02:00,lowest_near_mint,,779,Wintr Wandr,wintr-wandr,PBL 71,71,895855,0,0,PBL,Pokémon,pokemon,415,https://images.tcggo.com/tcggo/storage/34402/pitch_black_logo.png,Pitch Black,EUR,687.55,EUR,739.84,2026-07-17,17,Mega Evolution,mega-evolution,pitch-black,,49840,https://images.tcggo.com/tcggo/storage/38196/bombirdier-71-pitch-black.png,https://www.tcggo.com/external/cm/49840,https://www.tcggo.com/external/tcgplayer/49840,Bombirdier,Bombirdier 71,0.03,0.03,5391,EUR,[],0.02,0.02,0.02,0.02,0.02,0.02,0.02,0.02,0.02,0.02,,,,,,,,EUR,0.18,Common,bombirdier,,https://www.tcggo.com/pokemon/pitch-black/bombirdier-4,PBL-71,704828,singles
2026-08-17T14:43:18+02:00,lowest_near_mint,,453,AYUMI ODASHIMA,ayumi-odashima,PBL 72,72,895856,0,0,PBL,Pokémon,pokemon,415,https://images.tcggo.com/tcggo/storage/34402/pitch_black_logo.png,Pitch Black,EUR,687.55,EUR,739.84,2026-07-17,17,Mega Evolution,mega-evolution,pitch-black,,49841,https://images.tcggo.com/tcggo/storage/38197/antique-armor-fossil-72-pitch-black.png,https://www.tcggo.com/external/cm/49841,https://www.tcggo.com/external/tcgplayer/49841,Antique Armor Fossil,Antique Armor Fossil 72,0.06,0.05,4300,EUR,[],0.02,0.02,0.02,0.02,0.02,0.02,0.02,0.02,0.02,0.02,,,,,,,,EUR,0.24,Common,antique-armor-fossil,,https://www.tcggo.com/pokemon/pitch-black/antique-armor-fossil,PBL-72,704829,singles
2026-08-17T14:43:18+02:00,lowest_near_mint,,453,AYUMI ODASHIMA,ayumi-odashima,PBL 73,73,895857,0,0,PBL,Pokémon,pokemon,415,https://images.tcggo.com/tcggo/storage/34402/pitch_black_logo.png,Pitch Black,EUR,687.55,EUR,739.84,2026-07-17,17,Mega Evolution,mega-evolution,pitch-black,,49842,https://images.tcggo.com/tcggo/storage/38198/antique-skull-fossil-73-pitch-black.png,https://www.tcggo.com/external/cm/49842,https://www.tcggo.com/external/tcgplayer/49842,Antique Skull Fossil,Antique Skull Fossil 73,0.06,0.05,3588,EUR,[],0.02,0.02,0.02,0.02,0.02,0.02,0.02,0.02,0.02,0.02,,,,,,,,EUR,0.18,Common,antique-skull-fossil,,https://www.tcggo.com/pokemon/pitch-black/antique-skull-fossil,PBL-73,704830,singles
2026-08-17T14:43:18+02:00,lowest_near_mint,,458,Toyste Beach,toyste-beach,PBL 74,74,895858,0,0,PBL,Pokémon,pokemon,415,https://images.tcggo.com/tcggo/storage/34402/pitch_black_logo.png,Pitch Black,EUR,687.55,EUR,739.84,2026-07-17,17,Mega Evolution,mega-evolution,pitch-black,,49843,https://images.tcggo.com/tcggo/storage/38199/backtrack-badge-74-pitch-black.png,https://www.tcggo.com/external/cm/49843,https://www.tcggo.com/external/tcgplayer/49843,Backtrack Badge,Backtrack Badge 74,0.07,0.05,3966,EUR,[],0.02,0.02,0.02,0.02,0.02,0.02,0.02,0.02,0.02,0.02,,,,,,,,EUR,0.2,Uncommon,backtrack-badge,,https://www.tcggo.com/pokemon/pitch-black/backtrack-badge,PBL-74,704831,singles
2026-08-17T14:43:18+02:00,lowest_near_mint,,368,Oswaldo KATO,oswaldo-kato,PBL 76,76,895860,0,0,PBL,Pokémon,pokemon,415,https://images.tcggo.com/tcggo/storage/34402/pitch_black_logo.png,Pitch Black,EUR,687.55,EUR,739.84,2026-07-17,17,Mega Evolution,mega-evolution,pitch-black,,49845,https://images.tcggo.com/tcggo/storage/38201/fossil-quarry-76-pitch-black.png,https://www.tcggo.com/external/cm/49845,https://www.tcggo.com/external/tcgplayer/49845,Fossil Quarry,Fossil Quarry 76,0.09,0.07,4017,EUR,[],0.02,0.02,0.02,0.02,0.02,0.02,0.02,0.02,0.02,0.02,,,,,,,,EUR,0.22,Uncommon,fossil-quarry,,https://www.tcggo.com/pokemon/pitch-black/fossil-quarry,PBL-76,704833,singles
2026-08-17T14:43:18+02:00,lowest_near_mint,,430,akagi,akagi,PBL 77,77,895861,0,0,PBL,Pokémon,pokemon,415,https://images.tcggo.com/tcggo/storage/34402/pitch_black_logo.png,Pitch Black,EUR,687.55,EUR,739.84,2026-07-17,17,Mega Evolution,mega-evolution,pitch-black,,49846,https://images.tcggo.com/tcggo/storage/38202/gladions-final-battle-77-pitch-black.png,https://www.tcggo.com/external/cm/49846,https://www.tcggo.com/external/tcgplayer/49846,Gladion's Final Battle,Gladion's Final Battle 77,0.07,0.05,4691,EUR,[],0.02,0.02,0.02,0.02,0.02,0.02,0.02,0.02,0.02,0.02,,,,,,,,EUR,0.2,Uncommon,gladions-final-battle,,https://www.tcggo.com/pokemon/pitch-black/gladions-final-battle,PBL-77,704834,singles
2026-08-17T14:43:18+02:00,lowest_near_mint,,405,nagimiso,nagimiso,PBL 78,78,895862,0,0,PBL,Pokémon,pokemon,415,https://images.tcggo.com/tcggo/storage/34402/pitch_black_logo.png,Pitch Black,EUR,687.55,EUR,739.84,2026-07-17,17,Mega Evolution,mega-evolution,pitch-black,,49847,https://images.tcggo.com/tcggo/storage/38203/gwynn-78-pitch-black.png,https://www.tcggo.com/external/cm/49847,https://www.tcggo.com/external/tcgplayer/49847,Gwynn,Gwynn 78,0.14,0.09,4369,EUR,[],0.02,0.02,0.02,0.02,0.02,0.02,0.02,0.02,0.02,0.02,,,,,,,,EUR,0.25,Uncommon,gwynn,,https://www.tcggo.com/pokemon/pitch-black/gwynn,PBL-78,704835,singles
2026-08-17T14:43:18+02:00,lowest_near_mint,,459,GIDORA,gidora,PBL 79,79,895863,0,0,PBL,Pokémon,pokemon,415,https://images.tcggo.com/tcggo/storage/34402/pitch_black_logo.png,Pitch Black,EUR,687.55,EUR,739.84,2026-07-17,17,Mega Evolution,mega-evolution,pitch-black,,49848,https://images.tcggo.com/tcggo/storage/38204/jett-79-pitch-black.png,https://www.tcggo.com/external/cm/49848,https://www.tcggo.com/external/tcgplayer/49848,Jett,Jett 79,0.04,0.03,5268,EUR,[],0.02,0.02,0.02,0.02,0.02,0.02,0.02,0.02,0.02,0.02,,,,,,,,EUR,0.17,Uncommon,jett,,https://www.tcggo.com/pokemon/pitch-black/jett,PBL-79,704836,singles
2026-08-17T14:43:18+02:00,lowest_near_mint,,477,En Morikura,en-morikura,PBL 80,80,895864,0,0,PBL,Pokémon,pokemon,415,https://images.tcggo.com/tcggo/storage/34402/pitch_black_logo.png,Pitch Black,EUR,687.55,EUR,739.84,2026-07-17,17,Mega Evolution,mega-evolution,pitch-black,,49849,https://images.tcggo.com/tcggo/storage/38205/mistys-vitality-80-pitch-black.png,https://www.tcggo.com/external/cm/49849,https://www.tcggo.com/external/tcgplayer/49849,Misty's Vitality,Misty's Vitality 80,0.1,0.07,4548,EUR,[],0.02,0.02,0.02,0.02,0.02,0.02,0.02,0.02,0.02,0.02,,,,,,,,EUR,0.21,Uncommon,mistys-vitality,,https://www.tcggo.com/pokemon/pitch-black/mistys-vitality,PBL-80,704837,singles
2026-08-17T14:43:18+02:00,lowest_near_mint,,385,Teeziro,teeziro,PBL 81,81,895865,0,0,PBL,Pokémon,pokemon,415,https://images.tcggo.com/tcggo/storage/34402/pitch_black_logo.png,Pitch Black,EUR,687.55,EUR,739.84,2026-07-17,17,Mega Evolution,mega-evolution,pitch-black,,49850,https://images.tcggo.com/tcggo/storage/38206/rust-syndicate-grunt-81-pitch-black.png,https://www.tcggo.com/external/cm/49850,https://www.tcggo.com/external/tcgplayer/49850,Rust Syndicate Grunt,Rust Syndicate Grunt 81,0.05,0.04,4910,EUR,[],0.02,0.02,0.02,0.02,0.02,0.02,0.02,0.02,0.02,0.02,,,,,,,,EUR,0.13,Uncommon,rust-syndicate-grunt,,https://www.tcggo.com/pokemon/pitch-black/rust-syndicate-grunt,PBL-81,704838,singles
2026-08-17T14:43:18+02:00,lowest_near_mint,,464,inose yukie,inose-yukie,PBL 82,82,895866,0,0,PBL,Pokémon,pokemon,415,https://images.tcggo.com/tcggo/storage/34402/pitch_black_logo.png,Pitch Black,EUR,687.55,EUR,739.84,2026-07-17,17,Mega Evolution,mega-evolution,pitch-black,,49851,https://images.tcggo.com/tcggo/storage/38207/tremendous-bomb-82-pitch-black.png,https://www.tcggo.com/external/cm/49851,https://www.tcggo.com/external/tcgplayer/49851,Tremendous Bomb,Tremendous Bomb 82,0.06,0.05,4182,EUR,[],0.02,0.02,0.02,0.02,0.02,0.02,0.02,0.02,0.02,0.02,,,,,,,,EUR,0.15,Uncommon,tremendous-bomb,,https://www.tcggo.com/pokemon/pitch-black/tremendous-bomb,PBL-82,704839,singles
2026-08-17T14:43:18+02:00,lowest_near_mint,,,,,PBL 83,83,895867,0,0,PBL,Pokémon,pokemon,415,https://images.tcggo.com/tcggo/storage/34402/pitch_black_logo.png,Pitch Black,EUR,687.55,EUR,739.84,2026-07-17,17,Mega Evolution,mega-evolution,pitch-black,,49852,https://images.tcggo.com/tcggo/storage/38208/shadowy-d-energy-83-pitch-black.png,https://www.tcggo.com/external/cm/49852,https://www.tcggo.com/external/tcgplayer/49852,Shadowy [D] Energy,Shadowy [D] Energy 83,0.2,0.16,2770,EUR,[],0.02,0.02,0.02,0.02,0.02,0.02,0.02,0.02,0.02,0.02,,,,,,,,EUR,0.21,rare,shadowy-d-energy,,https://www.tcggo.com/pokemon/pitch-black/shadowy-d-energy,PBL-83,704840,singles
2026-08-17T14:43:18+02:00,lowest_near_mint,,,,,PBL 84,84,895868,0,0,PBL,Pokémon,pokemon,415,https://images.tcggo.com/tcggo/storage/34402/pitch_black_logo.png,Pitch Black,EUR,687.55,EUR,739.84,2026-07-17,17,Mega Evolution,mega-evolution,pitch-black,,49853,https://images.tcggo.com/tcggo/storage/38209/voltaic-l-energy-84-pitch-black.png,https://www.tcggo.com/external/cm/49853,https://www.tcggo.com/external/tcgplayer/49853,Voltaic [L] Energy,Voltaic [L] Energy 84,0.25,0.19,2877,EUR,[],0.02,0.02,0.02,0.02,0.02,0.02,0.02,0.02,0.02,0.02,,,,,,,,EUR,0.25,rare,voltaic-l-energy,,https://www.tcggo.com/pokemon/pitch-black/voltaic-l-energy,PBL-84,704841,singles
